full_name,full_name_source,title,title_source,org,org_source,org_domain,org_domain_source,email,email_source,phone,phone_source,linkedin,linkedin_source,profile_url,profile_url_source,confidence,source_count,all_sources,npi,credential,city,state,postal_code,territory,dist_myrtle_beach_mi,dist_greenville_mi,territory_basis,all_taxonomies,peds_taxonomy_registered,peds_signal,peds_evidence,email_confidence,email_label,email_evidence_source,org_provenance,reachable,phone_type,phone2,phone2_type,phone2_source,linkedin_search_url,round2_delta,med_school,med_school_source,grad_year,grad_year_source,cms_primary_specialty,cms_secondary_specialties,employer_group,employer_group_source,training_block_status,round3_delta,board_certification,board_certification_source,corroboration_source,residency_fellowship_status,round4_delta,employer_mail_domain,domain_unlock_status,email_alternate,mixed_format_domain
Ahmed Elhaimer,"https://www.mcleodhealth.org/ (public Algolia index live_physicians, app JUNR3SUCF2 — rung 3, no browser)","Anesthesiology, Critical Care Medicine","https://www.mcleodhealth.org/ (public Algolia index live_physicians, app JUNR3SUCF2 — rung 3, no browser)",McLeod Health — McLeod Anesthesia – Loris,"https://www.mcleodhealth.org/ (public Algolia index live_physicians, app JUNR3SUCF2 — rung 3, no browser)",mcleodhealth.org,"https://www.mcleodhealth.org/ (public Algolia index live_physicians, app JUNR3SUCF2 — rung 3, no browser)",,,(843) 716-7370,"https://www.mcleodhealth.org/ (public Algolia index live_physicians, app JUNR3SUCF2 — rung 3, no browser)",,,https://www.mcleodhealth.org/physician/ahmed-elhaimer/,"https://www.mcleodhealth.org/ (public Algolia index live_physicians, app JUNR3SUCF2 — rung 3, no browser)",single_source,1,"https://www.mcleodhealth.org/ (public Algolia index live_physicians, app JUNR3SUCF2 — rung 3, no browser)",1134240682,MD,LORIS,SC,29569,Myrtle Beach,25.5,,"practice address Loris, SC — within 50 mi of Myrtle Beach; geo=city_centroid",,unknown (not matched to an NPI record in this run),NONE_FOUND,McLeod directory lists specialty Anesthesiology only; no pediatric board certification or pediatric fellowship on the profile — https://www.mcleodhealth.org/physician/ahmed-elhaimer/,,,,McLeod Health public physician index,yes,department,(843) 646-8001,practice,"https://data.cms.gov/provider-data/api/1/datastore/query/mj5m-pzi6/0 (CMS Doctors and Clinicians National Downloadable File, PECOS Medicare enrollment; official_filing; released 2026-07-09)",https://www.linkedin.com/search/results/people/?keywords=Ahmed%20Elhaimer%20anesthesiology,NEW PERSON (not in round-1 NPI roster; found via McLeod rung-3 index),OTHER,"https://data.cms.gov/provider-data/api/1/datastore/query/mj5m-pzi6/0 (CMS Doctors and Clinicians National Downloadable File, PECOS Medicare enrollment; official_filing; released 2026-07-09)",1997,"https://data.cms.gov/provider-data/api/1/datastore/query/mj5m-pzi6/0 (CMS Doctors and Clinicians National Downloadable File, PECOS Medicare enrollment; official_filing; released 2026-07-09)",ANESTHESIOLOGY,,MCLEOD PHYSICIAN ASSOCIATES II,"https://data.cms.gov/provider-data/api/1/datastore/query/mj5m-pzi6/0 (CMS Doctors and Clinicians National Downloadable File, PECOS Medicare enrollment; official_filing; released 2026-07-09)","PARTIAL_grad_year_only (CMS reports med_sch=""OTHER"" — school not on the CMS pick-list, typically international)",npi_resolved_via_CMS_DAC_full_forename+specialty+employer_lock,,,,,"EMAIL WITHHELD: mcleodhealth.org runs TWO live formats concurrently — 3 name-confirmed first.last (Maureen.finger@, maggie.jackson@, logan.doriety@) vs 2 name-confirmed flast (rserrano@ Raquel Serrano, dsawyer@ Davis Sawyer) + 4 further flast-shaped (aploeg@, cpernell@, hburgin@, jcauble@); 9 personal addresses observed, ~67% flast. No propagable pattern. Employment also contested: mcLeod_physician_associates=false (contracted group) vs CMS PECOS employer_group. Checked 9 of 9 observed personal addresses.",mcleodhealth.org,WITHHELD_mixed_format+employment_contested,,
Alexander Varzari,"https://npiregistry.cms.hhs.gov/api/ (NPI registry, taxonomy_description=Anesthesiology|Pediatric Anesthesiology, postal_code=283*|284*|290*|294*|295*)",Physical Medicine & Rehabilitation,"https://npiregistry.cms.hhs.gov/api/ (NPI registry, taxonomy_description=Anesthesiology|Pediatric Anesthesiology, postal_code=283*|284*|290*|294*|295*)",EMERGEORTHO PA,"https://data.cms.gov/provider-data/api/1/datastore/query/mj5m-pzi6/0 (CMS Doctors and Clinicians National Downloadable File, PECOS Medicare enrollment; official_filing; released 2026-07-09)",,,,,910-332-3800,"https://npiregistry.cms.hhs.gov/api/ (NPI registry, taxonomy_description=Anesthesiology|Pediatric Anesthesiology, postal_code=283*|284*|290*|294*|295*)",,,https://npiregistry.cms.hhs.gov/provider-view/1023647112,"https://npiregistry.cms.hhs.gov/api/ (NPI registry, taxonomy_description=Anesthesiology|Pediatric Anesthesiology, postal_code=283*|284*|290*|294*|295*)",corroborated,2,"https://npiregistry.cms.hhs.gov/api/ (NPI registry, taxonomy_description=Anesthesiology|Pediatric Anesthesiology, postal_code=283*|284*|290*|294*|295*) | OpenAlex + ORCID public APIs",1023647112,MD,SHALLOTTE,NC,284704012,Myrtle Beach,35.5,236.3,closer to Myrtle Beach (35.5 mi) than Greenville (236.3 mi); geo=city_centroid,"Anesthesiology, Pain Medicine; Student in an Organized Health Care Education/Training Program; Physical Medicine & Rehabilitation",false,NONE_FOUND,"OpenAlex returned 0 works, 0 surname-matching author profiles and 1 ORCID name hits for 'Alexander Varzari', but none combined an anesthesiology/pain affiliation with pediatric content, and none could be tied to the Carolinas — https://api.openalex.org/works?filter=raw_author_name.search:Alexander%20Varzari || All apparent pediatric hits for this name were rejected as same-name collisions in unrelated fields || NONE_FOUND means nothing was found in open scholarly sources — it is NOT evidence that this provider lacks pediatric experience",,,,,yes,practice,(910) 332-3800,practice,"https://data.cms.gov/provider-data/api/1/datastore/query/mj5m-pzi6/0 (CMS Doctors and Clinicians National Downloadable File, PECOS Medicare enrollment; official_filing; released 2026-07-09)",https://www.linkedin.com/search/results/people/?keywords=Alexander%20Varzari%20anesthesiology,,EASTERN VIRGINIA MEDICAL SCHOOL,"https://data.cms.gov/provider-data/api/1/datastore/query/mj5m-pzi6/0 (CMS Doctors and Clinicians National Downloadable File, PECOS Medicare enrollment; official_filing; released 2026-07-09)",2020,"https://data.cms.gov/provider-data/api/1/datastore/query/mj5m-pzi6/0 (CMS Doctors and Clinicians National Downloadable File, PECOS Medicare enrollment; official_filing; released 2026-07-09)",PAIN MANAGEMENT,,EMERGEORTHO PA,"https://data.cms.gov/provider-data/api/1/datastore/query/mj5m-pzi6/0 (CMS Doctors and Clinicians National Downloadable File, PECOS Medicare enrollment; official_filing; released 2026-07-09)",FILLED_medical_school+grad_year (CMS official filing),training_block_filled_from_CMS_DAC,,,,,EMAIL WITHHELD: no address observed on EMERGEORTHO PA's mail domain; domain itself not discoverable under clamp A (no search engine available; DNS-probed candidate hostnames all NXDOMAIN or parked).,,NOT_UNLOCKED_domain_undiscoverable,,
Alexandra Anatolievna Armstrong,"https://data.cms.gov/provider-data/api/1/datastore/query/mj5m-pzi6/0 (CMS Doctors and Clinicians National Downloadable File, PECOS Medicare enrollment; official_filing; released 2026-07-09)",ANESTHESIOLOGY,"https://data.cms.gov/provider-data/api/1/datastore/query/mj5m-pzi6/0 (CMS Doctors and Clinicians National Downloadable File, PECOS Medicare enrollment; official_filing; released 2026-07-09)",ATLANTIC COAST ANESTHESIA SERVICES PC,"https://data.cms.gov/provider-data/api/1/datastore/query/mj5m-pzi6/0 (CMS Doctors and Clinicians National Downloadable File, PECOS Medicare enrollment; official_filing; released 2026-07-09)",,,,,(843) 527-7100,"https://data.cms.gov/provider-data/api/1/datastore/query/mj5m-pzi6/0 (CMS Doctors and Clinicians National Downloadable File, PECOS Medicare enrollment; official_filing; released 2026-07-09)",,,https://npiregistry.cms.hhs.gov/provider-view/1255569133,"https://data.cms.gov/provider-data/api/1/datastore/query/mj5m-pzi6/0 (CMS Doctors and Clinicians National Downloadable File, PECOS Medicare enrollment; official_filing; released 2026-07-09)",single_source,1,"https://data.cms.gov/provider-data/api/1/datastore/query/mj5m-pzi6/0 (CMS Doctors and Clinicians National Downloadable File, PECOS Medicare enrollment; official_filing; released 2026-07-09)",1255569133,MD,GEORGETOWN,SC,294403304,Myrtle Beach,31.5,204.5,"practice address GEORGETOWN, SC — postal 294 in ring; 31.5 mi from Myrtle Beach centroid vs 204.5 mi Greenville; geo=city_centroid",ANESTHESIOLOGY,false,NONE_FOUND,"NONE_FOUND = UNPUBLISHABLE in this source. The CMS DAC specialty vocabulary contains no ""Pediatric Anesthesiology"" value at all (measured: pri_spec values containing ""PEDIATRIC"" are only ""PEDIATRIC MEDICINE""; sec_spec values containing ""ANESTH"" are only ANESTHESIOLOGY / ANESTHESIOLOGY,HOSPICE-PALLIATIVE CARE / ANESTHESIOLOGY,INTERVENTIONAL PAIN MANAGEMENT). So this official filing cannot express the subspecialty; absence here is not evidence the person lacks it. || NONE_FOUND = CHECKED-AND-ABSENT on Healthgrades. Control test: the Healthgrades education schema does carry typeCode RESIDE/FELLOW (proved on dr-edward-gologorsky-2fywb, same Georgetown result set, which returns a 1994 UPMC Fellowship). Healthgrades simply holds no residency/fellowship row for this person. Independently, an NPI-taxonomy sweep for Pediatric Anesthesiology 207LP2900X across Georgetown/Myrtle Beach/Conway/Murrells Inlet/Pawleys Island SC returned result_count 0 in all five.",,,,official_filing (CMS PECOS Medicare enrollment),yes,department,,,,https://www.linkedin.com/search/results/people/?keywords=Alexandra%20Anatolievna%20Armstrong%20anesthesiology,,OTHER,"https://data.cms.gov/provider-data/api/1/datastore/query/mj5m-pzi6/0 (CMS Doctors and Clinicians National Downloadable File, PECOS Medicare enrollment; official_filing; released 2026-07-09)",2014,"https://data.cms.gov/provider-data/api/1/datastore/query/mj5m-pzi6/0 (CMS Doctors and Clinicians National Downloadable File, PECOS Medicare enrollment; official_filing; released 2026-07-09)",ANESTHESIOLOGY,,ATLANTIC COAST ANESTHESIA SERVICES PC | TIDELANDS ANESTHESIA GROUP LLC,"https://data.cms.gov/provider-data/api/1/datastore/query/mj5m-pzi6/0 (CMS Doctors and Clinicians National Downloadable File, PECOS Medicare enrollment; official_filing; released 2026-07-09)","PARTIAL_grad_year_only (CMS reports med_sch=""OTHER"")",NEW_PERSON_round3 (CMS DAC anesthesiology enumeration; absent from round-2 roster),Anesthesiology (American Board of Anesthesiology),https://www.healthgrades.com/physician/dr-alexandra-armstrong-xvq5t,https://www.healthgrades.com/physician/dr-alexandra-armstrong-xvq5t,"NONE_FOUND = CHECKED-AND-ABSENT on Healthgrades. Control test: the Healthgrades education schema does carry typeCode RESIDE/FELLOW (proved on dr-edward-gologorsky-2fywb, same Georgetown result set, which returns a 1994 UPMC Fellowship). Healthgrades simply holds no residency/fellowship row for this person. Independently, an NPI-taxonomy sweep for Pediatric Anesthesiology 207LP2900X across Georgetown/Myrtle Beach/Conway/Murrells Inlet/Pawleys Island SC returned result_count 0 in all five.",EMAIL WITHHELD: no address observed on ATLANTIC COAST ANESTHESIA SERVICES PC's mail domain; domain itself not discoverable under clamp A (no search engine available; DNS-probed candidate hostnames all NXDOMAIN or parked).,,NOT_UNLOCKED_domain_undiscoverable,,
Alisha F. Palliser,"https://www.mcleodhealth.org/ (public Algolia index live_physicians, app JUNR3SUCF2 — rung 3, no browser)",Anesthesiology,"https://www.mcleodhealth.org/ (public Algolia index live_physicians, app JUNR3SUCF2 — rung 3, no browser)",McLeod Health — McLeod Anesthesia – Loris,"https://www.mcleodhealth.org/ (public Algolia index live_physicians, app JUNR3SUCF2 — rung 3, no browser)",mcleodhealth.org,"https://www.mcleodhealth.org/ (public Algolia index live_physicians, app JUNR3SUCF2 — rung 3, no browser)",,,(843) 716-7370,"https://www.mcleodhealth.org/ (public Algolia index live_physicians, app JUNR3SUCF2 — rung 3, no browser)",,,https://www.mcleodhealth.org/physician/alisha-f-palliser/,"https://www.mcleodhealth.org/ (public Algolia index live_physicians, app JUNR3SUCF2 — rung 3, no browser)",single_source,1,"https://www.mcleodhealth.org/ (public Algolia index live_physicians, app JUNR3SUCF2 — rung 3, no browser)",1740430164,MD,LORIS,SC,29569,Myrtle Beach,25.5,,"practice address Loris, SC — within 50 mi of Myrtle Beach; geo=city_centroid",,unknown (not matched to an NPI record in this run),NONE_FOUND,McLeod directory lists specialty Anesthesiology only; no pediatric board certification or pediatric fellowship on the profile — https://www.mcleodhealth.org/physician/alisha-f-palliser/,,,,McLeod Health public physician index,yes,department,(843) 777-7000,practice,"https://data.cms.gov/provider-data/api/1/datastore/query/mj5m-pzi6/0 (CMS Doctors and Clinicians National Downloadable File, PECOS Medicare enrollment; official_filing; released 2026-07-09)",https://www.linkedin.com/search/results/people/?keywords=Alisha%20F.%20Palliser%20anesthesiology,NEW PERSON (not in round-1 NPI roster; found via McLeod rung-3 index),UNIVERSITY OF NORTH CAROLINA AT CHAPEL HILL SCHOOL OF MEDICINE,"https://data.cms.gov/provider-data/api/1/datastore/query/mj5m-pzi6/0 (CMS Doctors and Clinicians National Downloadable File, PECOS Medicare enrollment; official_filing; released 2026-07-09)",2008,"https://data.cms.gov/provider-data/api/1/datastore/query/mj5m-pzi6/0 (CMS Doctors and Clinicians National Downloadable File, PECOS Medicare enrollment; official_filing; released 2026-07-09)",ANESTHESIOLOGY,,MCLEOD PHYSICIAN ASSOCIATES II,"https://data.cms.gov/provider-data/api/1/datastore/query/mj5m-pzi6/0 (CMS Doctors and Clinicians National Downloadable File, PECOS Medicare enrollment; official_filing; released 2026-07-09)",FILLED_medical_school+grad_year (CMS official filing),npi_resolved_via_CMS_DAC_full_forename+specialty+employer_lock,,,,,"EMAIL WITHHELD: mcleodhealth.org runs TWO live formats concurrently — 3 name-confirmed first.last (Maureen.finger@, maggie.jackson@, logan.doriety@) vs 2 name-confirmed flast (rserrano@ Raquel Serrano, dsawyer@ Davis Sawyer) + 4 further flast-shaped (aploeg@, cpernell@, hburgin@, jcauble@); 9 personal addresses observed, ~67% flast. No propagable pattern. Employment also contested: mcLeod_physician_associates=true vs CMS PECOS employer_group. Checked 9 of 9 observed personal addresses.",mcleodhealth.org,WITHHELD_mixed_format+employment_contested,,
Andrew Barton,"https://data.cms.gov/provider-data/api/1/datastore/query/mj5m-pzi6/0 (CMS Doctors and Clinicians National Downloadable File, PECOS Medicare enrollment; official_filing; released 2026-07-09)",ANESTHESIOLOGY,"https://data.cms.gov/provider-data/api/1/datastore/query/mj5m-pzi6/0 (CMS Doctors and Clinicians National Downloadable File, PECOS Medicare enrollment; official_filing; released 2026-07-09)",SOUTHEAST ANESTHESIOLOGY CONSULTANTS PLLC,"https://data.cms.gov/provider-data/api/1/datastore/query/mj5m-pzi6/0 (CMS Doctors and Clinicians National Downloadable File, PECOS Medicare enrollment; official_filing; released 2026-07-09)",,,,,(910) 457-3800,"https://data.cms.gov/provider-data/api/1/datastore/query/mj5m-pzi6/0 (CMS Doctors and Clinicians National Downloadable File, PECOS Medicare enrollment; official_filing; released 2026-07-09)",,,https://npiregistry.cms.hhs.gov/provider-view/1669477600,"https://data.cms.gov/provider-data/api/1/datastore/query/mj5m-pzi6/0 (CMS Doctors and Clinicians National Downloadable File, PECOS Medicare enrollment; official_filing; released 2026-07-09)",single_source,1,"https://data.cms.gov/provider-data/api/1/datastore/query/mj5m-pzi6/0 (CMS Doctors and Clinicians National Downloadable File, PECOS Medicare enrollment; official_filing; released 2026-07-09)",1669477600,MD,SOUTHPORT,NC,284613038,Myrtle Beach,52.3,257.5,"practice address SOUTHPORT, NC — postal 284 in ring; 52.3 mi from Myrtle Beach centroid vs 257.5 mi Greenville; geo=city_centroid",ANESTHESIOLOGY,false,NONE_FOUND,"NONE_FOUND = UNPUBLISHABLE in this source. The CMS DAC specialty vocabulary contains no ""Pediatric Anesthesiology"" value at all (measured: pri_spec values containing ""PEDIATRIC"" are only ""PEDIATRIC MEDICINE""; sec_spec values containing ""ANESTH"" are only ANESTHESIOLOGY / ANESTHESIOLOGY,HOSPICE-PALLIATIVE CARE / ANESTHESIOLOGY,INTERVENTIONAL PAIN MANAGEMENT). So this official filing cannot express the subspecialty; absence here is not evidence the person lacks it.",,,,official_filing (CMS PECOS Medicare enrollment),yes,practice,,,,https://www.linkedin.com/search/results/people/?keywords=Andrew%20Barton%20anesthesiology,,UNIVERSITY OF ILLINOIS COLLEGE OF MED (CHI/PEOR/ROCK/CHM-URB),"https://data.cms.gov/provider-data/api/1/datastore/query/mj5m-pzi6/0 (CMS Doctors and Clinicians National Downloadable File, PECOS Medicare enrollment; official_filing; released 2026-07-09)",1992,"https://data.cms.gov/provider-data/api/1/datastore/query/mj5m-pzi6/0 (CMS Doctors and Clinicians National Downloadable File, PECOS Medicare enrollment; official_filing; released 2026-07-09)",ANESTHESIOLOGY,INTERVENTIONAL PAIN MANAGEMENT,SOUTHEAST ANESTHESIOLOGY CONSULTANTS PLLC,"https://data.cms.gov/provider-data/api/1/datastore/query/mj5m-pzi6/0 (CMS Doctors and Clinicians National Downloadable File, PECOS Medicare enrollment; official_filing; released 2026-07-09)",FILLED_medical_school+grad_year (CMS official filing),NEW_PERSON_round3 (CMS DAC anesthesiology enumeration; absent from round-2 roster),,,,,EMAIL WITHHELD: no address observed on SOUTHEAST ANESTHESIOLOGY CONSULTANTS PLLC's mail domain; domain itself not discoverable under clamp A (no search engine available; DNS-probed candidate hostnames all NXDOMAIN or parked).,,NOT_UNLOCKED_domain_undiscoverable,,
Andrew Lee Criser,"https://data.cms.gov/provider-data/api/1/datastore/query/mj5m-pzi6/0 (CMS Doctors and Clinicians National Downloadable File, PECOS Medicare enrollment; official_filing; released 2026-07-09)",ANESTHESIOLOGY,"https://data.cms.gov/provider-data/api/1/datastore/query/mj5m-pzi6/0 (CMS Doctors and Clinicians National Downloadable File, PECOS Medicare enrollment; official_filing; released 2026-07-09)",ATLANTIC COAST ANESTHESIA SERVICES PC,"https://data.cms.gov/provider-data/api/1/datastore/query/mj5m-pzi6/0 (CMS Doctors and Clinicians National Downloadable File, PECOS Medicare enrollment; official_filing; released 2026-07-09)",,,,,(843) 692-1000,"https://data.cms.gov/provider-data/api/1/datastore/query/mj5m-pzi6/0 (CMS Doctors and Clinicians National Downloadable File, PECOS Medicare enrollment; official_filing; released 2026-07-09)",,,https://npiregistry.cms.hhs.gov/provider-view/1841417870,"https://data.cms.gov/provider-data/api/1/datastore/query/mj5m-pzi6/0 (CMS Doctors and Clinicians National Downloadable File, PECOS Medicare enrollment; official_filing; released 2026-07-09)",single_source,1,"https://data.cms.gov/provider-data/api/1/datastore/query/mj5m-pzi6/0 (CMS Doctors and Clinicians National Downloadable File, PECOS Medicare enrollment; official_filing; released 2026-07-09)",1841417870,MD,MYRTLE BEACH,SC,295724607,Myrtle Beach,1.4,215.8,"practice address MYRTLE BEACH, SC — postal 295 in ring; 1.4 mi from Myrtle Beach centroid vs 215.8 mi Greenville; geo=city_centroid",ANESTHESIOLOGY,false,NONE_FOUND,"NONE_FOUND = UNPUBLISHABLE in this source. The CMS DAC specialty vocabulary contains no ""Pediatric Anesthesiology"" value at all (measured: pri_spec values containing ""PEDIATRIC"" are only ""PEDIATRIC MEDICINE""; sec_spec values containing ""ANESTH"" are only ANESTHESIOLOGY / ANESTHESIOLOGY,HOSPICE-PALLIATIVE CARE / ANESTHESIOLOGY,INTERVENTIONAL PAIN MANAGEMENT). So this official filing cannot express the subspecialty; absence here is not evidence the person lacks it.",,,,official_filing (CMS PECOS Medicare enrollment),yes,practice,,,,https://www.linkedin.com/search/results/people/?keywords=Andrew%20Lee%20Criser%20anesthesiology,,WEST VIRGINIA UNIVERSITY SCHOOL OF MEDICINE,"https://data.cms.gov/provider-data/api/1/datastore/query/mj5m-pzi6/0 (CMS Doctors and Clinicians National Downloadable File, PECOS Medicare enrollment; official_filing; released 2026-07-09)",2003,"https://data.cms.gov/provider-data/api/1/datastore/query/mj5m-pzi6/0 (CMS Doctors and Clinicians National Downloadable File, PECOS Medicare enrollment; official_filing; released 2026-07-09)",ANESTHESIOLOGY,,ATLANTIC COAST ANESTHESIA SERVICES PC,"https://data.cms.gov/provider-data/api/1/datastore/query/mj5m-pzi6/0 (CMS Doctors and Clinicians National Downloadable File, PECOS Medicare enrollment; official_filing; released 2026-07-09)",FILLED_medical_school+grad_year (CMS official filing),NEW_PERSON_round3 (CMS DAC anesthesiology enumeration; absent from round-2 roster),,,,,EMAIL WITHHELD: no address observed on ATLANTIC COAST ANESTHESIA SERVICES PC's mail domain; domain itself not discoverable under clamp A (no search engine available; DNS-probed candidate hostnames all NXDOMAIN or parked).,,NOT_UNLOCKED_domain_undiscoverable,,
Ann Elizabeth Didelot,"https://data.cms.gov/provider-data/api/1/datastore/query/mj5m-pzi6/0 (CMS Doctors and Clinicians National Downloadable File, PECOS Medicare enrollment; official_filing; released 2026-07-09)",ANESTHESIOLOGY,"https://data.cms.gov/provider-data/api/1/datastore/query/mj5m-pzi6/0 (CMS Doctors and Clinicians National Downloadable File, PECOS Medicare enrollment; official_filing; released 2026-07-09)",MEDSTREAM ANESTHESIA PLLC,"https://data.cms.gov/provider-data/api/1/datastore/query/mj5m-pzi6/0 (CMS Doctors and Clinicians National Downloadable File, PECOS Medicare enrollment; official_filing; released 2026-07-09)",,,,,(843) 347-7111,"https://data.cms.gov/provider-data/api/1/datastore/query/mj5m-pzi6/0 (CMS Doctors and Clinicians National Downloadable File, PECOS Medicare enrollment; official_filing; released 2026-07-09)",,,https://npiregistry.cms.hhs.gov/provider-view/1306809934,"https://data.cms.gov/provider-data/api/1/datastore/query/mj5m-pzi6/0 (CMS Doctors and Clinicians National Downloadable File, PECOS Medicare enrollment; official_filing; released 2026-07-09)",single_source,1,"https://data.cms.gov/provider-data/api/1/datastore/query/mj5m-pzi6/0 (CMS Doctors and Clinicians National Downloadable File, PECOS Medicare enrollment; official_filing; released 2026-07-09)",1306809934,MD,CONWAY,SC,295269142,Myrtle Beach,13.3,203.4,"practice address CONWAY, SC — postal 295 in ring; 13.3 mi from Myrtle Beach centroid vs 203.4 mi Greenville; geo=city_centroid",ANESTHESIOLOGY,false,NONE_FOUND,"NONE_FOUND = UNPUBLISHABLE in this source. The CMS DAC specialty vocabulary contains no ""Pediatric Anesthesiology"" value at all (measured: pri_spec values containing ""PEDIATRIC"" are only ""PEDIATRIC MEDICINE""; sec_spec values containing ""ANESTH"" are only ANESTHESIOLOGY / ANESTHESIOLOGY,HOSPICE-PALLIATIVE CARE / ANESTHESIOLOGY,INTERVENTIONAL PAIN MANAGEMENT). So this official filing cannot express the subspecialty; absence here is not evidence the person lacks it.",,,,official_filing (CMS PECOS Medicare enrollment),yes,practice,,,,https://www.linkedin.com/search/results/people/?keywords=Ann%20Elizabeth%20Didelot%20anesthesiology,,INDIANA UNIVERSITY SCHOOL OF MEDICINE,"https://data.cms.gov/provider-data/api/1/datastore/query/mj5m-pzi6/0 (CMS Doctors and Clinicians National Downloadable File, PECOS Medicare enrollment; official_filing; released 2026-07-09)",1993,"https://data.cms.gov/provider-data/api/1/datastore/query/mj5m-pzi6/0 (CMS Doctors and Clinicians National Downloadable File, PECOS Medicare enrollment; official_filing; released 2026-07-09)",ANESTHESIOLOGY,,MEDSTREAM ANESTHESIA PLLC,"https://data.cms.gov/provider-data/api/1/datastore/query/mj5m-pzi6/0 (CMS Doctors and Clinicians National Downloadable File, PECOS Medicare enrollment; official_filing; released 2026-07-09)",FILLED_medical_school+grad_year (CMS official filing),NEW_PERSON_round3 (CMS DAC anesthesiology enumeration; absent from round-2 roster),,,,,EMAIL WITHHELD: no address observed on MEDSTREAM ANESTHESIA PLLC's mail domain; domain itself not discoverable under clamp A (no search engine available; DNS-probed candidate hostnames all NXDOMAIN or parked).,,NOT_UNLOCKED_domain_undiscoverable,,
Anthony A Tucker,"https://data.cms.gov/provider-data/api/1/datastore/query/mj5m-pzi6/0 (CMS Doctors and Clinicians National Downloadable File, PECOS Medicare enrollment; official_filing; released 2026-07-09)",ANESTHESIOLOGY,"https://data.cms.gov/provider-data/api/1/datastore/query/mj5m-pzi6/0 (CMS Doctors and Clinicians National Downloadable File, PECOS Medicare enrollment; official_filing; released 2026-07-09)",PROVIDENCE ANESTHESIOLOGY ASSOCIATES PA,"https://data.cms.gov/provider-data/api/1/datastore/query/mj5m-pzi6/0 (CMS Doctors and Clinicians National Downloadable File, PECOS Medicare enrollment; official_filing; released 2026-07-09)",,,,,(910) 721-1000,"https://data.cms.gov/provider-data/api/1/datastore/query/mj5m-pzi6/0 (CMS Doctors and Clinicians National Downloadable File, PECOS Medicare enrollment; official_filing; released 2026-07-09)",,,https://npiregistry.cms.hhs.gov/provider-view/1063482883,"https://data.cms.gov/provider-data/api/1/datastore/query/mj5m-pzi6/0 (CMS Doctors and Clinicians National Downloadable File, PECOS Medicare enrollment; official_filing; released 2026-07-09)",single_source,1,"https://data.cms.gov/provider-data/api/1/datastore/query/mj5m-pzi6/0 (CMS Doctors and Clinicians National Downloadable File, PECOS Medicare enrollment; official_filing; released 2026-07-09)",1063482883,MD,BOLIVIA,NC,284228346,Myrtle Beach,49.9,247.9,"practice address BOLIVIA, NC — postal 284 in ring; 49.9 mi from Myrtle Beach centroid vs 247.9 mi Greenville; geo=city_centroid",ANESTHESIOLOGY,false,NONE_FOUND,"NONE_FOUND = UNPUBLISHABLE in this source. The CMS DAC specialty vocabulary contains no ""Pediatric Anesthesiology"" value at all (measured: pri_spec values containing ""PEDIATRIC"" are only ""PEDIATRIC MEDICINE""; sec_spec values containing ""ANESTH"" are only ANESTHESIOLOGY / ANESTHESIOLOGY,HOSPICE-PALLIATIVE CARE / ANESTHESIOLOGY,INTERVENTIONAL PAIN MANAGEMENT). So this official filing cannot express the subspecialty; absence here is not evidence the person lacks it.",,,,official_filing (CMS PECOS Medicare enrollment),yes,practice,,,,https://www.linkedin.com/search/results/people/?keywords=Anthony%20A%20Tucker%20anesthesiology,,OTHER,"https://data.cms.gov/provider-data/api/1/datastore/query/mj5m-pzi6/0 (CMS Doctors and Clinicians National Downloadable File, PECOS Medicare enrollment; official_filing; released 2026-07-09)",1998,"https://data.cms.gov/provider-data/api/1/datastore/query/mj5m-pzi6/0 (CMS Doctors and Clinicians National Downloadable File, PECOS Medicare enrollment; official_filing; released 2026-07-09)",ANESTHESIOLOGY,,PROVIDENCE ANESTHESIOLOGY ASSOCIATES PA,"https://data.cms.gov/provider-data/api/1/datastore/query/mj5m-pzi6/0 (CMS Doctors and Clinicians National Downloadable File, PECOS Medicare enrollment; official_filing; released 2026-07-09)","PARTIAL_grad_year_only (CMS reports med_sch=""OTHER"")",NEW_PERSON_round3 (CMS DAC anesthesiology enumeration; absent from round-2 roster),,,,,EMAIL WITHHELD: no address observed on PROVIDENCE ANESTHESIOLOGY ASSOCIATES PA's mail domain; domain itself not discoverable under clamp A (no search engine available; DNS-probed candidate hostnames all NXDOMAIN or parked).,,NOT_UNLOCKED_domain_undiscoverable,,
Ari I. Fleishman,"https://data.cms.gov/provider-data/api/1/datastore/query/mj5m-pzi6/0 (CMS Doctors and Clinicians National Downloadable File, PECOS Medicare enrollment; official_filing; released 2026-07-09)",ANESTHESIOLOGY,"https://data.cms.gov/provider-data/api/1/datastore/query/mj5m-pzi6/0 (CMS Doctors and Clinicians National Downloadable File, PECOS Medicare enrollment; official_filing; released 2026-07-09)",ATLANTIC COAST ANESTHESIA SERVICES PC,"https://data.cms.gov/provider-data/api/1/datastore/query/mj5m-pzi6/0 (CMS Doctors and Clinicians National Downloadable File, PECOS Medicare enrollment; official_filing; released 2026-07-09)",,,,,(843) 692-1000,"https://data.cms.gov/provider-data/api/1/datastore/query/mj5m-pzi6/0 (CMS Doctors and Clinicians National Downloadable File, PECOS Medicare enrollment; official_filing; released 2026-07-09)",,,https://npiregistry.cms.hhs.gov/provider-view/1588605489,"https://data.cms.gov/provider-data/api/1/datastore/query/mj5m-pzi6/0 (CMS Doctors and Clinicians National Downloadable File, PECOS Medicare enrollment; official_filing; released 2026-07-09)",single_source,1,"https://data.cms.gov/provider-data/api/1/datastore/query/mj5m-pzi6/0 (CMS Doctors and Clinicians National Downloadable File, PECOS Medicare enrollment; official_filing; released 2026-07-09)",1588605489,MD,MYRTLE BEACH,SC,295724607,Myrtle Beach,1.4,215.8,"practice address MYRTLE BEACH, SC — postal 295 in ring; 1.4 mi from Myrtle Beach centroid vs 215.8 mi Greenville; geo=city_centroid",ANESTHESIOLOGY,false,NONE_FOUND,"NONE_FOUND = UNPUBLISHABLE in this source. The CMS DAC specialty vocabulary contains no ""Pediatric Anesthesiology"" value at all (measured: pri_spec values containing ""PEDIATRIC"" are only ""PEDIATRIC MEDICINE""; sec_spec values containing ""ANESTH"" are only ANESTHESIOLOGY / ANESTHESIOLOGY,HOSPICE-PALLIATIVE CARE / ANESTHESIOLOGY,INTERVENTIONAL PAIN MANAGEMENT). So this official filing cannot express the subspecialty; absence here is not evidence the person lacks it.",,,,official_filing (CMS PECOS Medicare enrollment),yes,practice,,,,https://www.linkedin.com/search/results/people/?keywords=Ari%20I.%20Fleishman%20anesthesiology,,OTHER,"https://data.cms.gov/provider-data/api/1/datastore/query/mj5m-pzi6/0 (CMS Doctors and Clinicians National Downloadable File, PECOS Medicare enrollment; official_filing; released 2026-07-09)",1998,"https://data.cms.gov/provider-data/api/1/datastore/query/mj5m-pzi6/0 (CMS Doctors and Clinicians National Downloadable File, PECOS Medicare enrollment; official_filing; released 2026-07-09)",ANESTHESIOLOGY,,ATLANTIC COAST ANESTHESIA SERVICES PC,"https://data.cms.gov/provider-data/api/1/datastore/query/mj5m-pzi6/0 (CMS Doctors and Clinicians National Downloadable File, PECOS Medicare enrollment; official_filing; released 2026-07-09)","PARTIAL_grad_year_only (CMS reports med_sch=""OTHER"")",NEW_PERSON_round3 (CMS DAC anesthesiology enumeration; absent from round-2 roster),,,,,EMAIL WITHHELD: no address observed on ATLANTIC COAST ANESTHESIA SERVICES PC's mail domain; domain itself not discoverable under clamp A (no search engine available; DNS-probed candidate hostnames all NXDOMAIN or parked).,,NOT_UNLOCKED_domain_undiscoverable,,
Benjamin Cameransi,"https://npiregistry.cms.hhs.gov/api/ (NPI registry, taxonomy_description=Anesthesiology|Pediatric Anesthesiology, postal_code=283*|284*|290*|294*|295*)","Anesthesiology, Pain Medicine","https://npiregistry.cms.hhs.gov/api/ (NPI registry, taxonomy_description=Anesthesiology|Pediatric Anesthesiology, postal_code=283*|284*|290*|294*|295*)",MUSC COMMUNITY PHYSICIANS,"https://data.cms.gov/provider-data/api/1/datastore/query/mj5m-pzi6/0 (CMS Doctors and Clinicians National Downloadable File, PECOS Medicare enrollment; official_filing; released 2026-07-09)",,,,,615-824-3737,"https://npiregistry.cms.hhs.gov/api/ (NPI registry, taxonomy_description=Anesthesiology|Pediatric Anesthesiology, postal_code=283*|284*|290*|294*|295*)",,,https://npiregistry.cms.hhs.gov/provider-view/1275629933,"https://npiregistry.cms.hhs.gov/api/ (NPI registry, taxonomy_description=Anesthesiology|Pediatric Anesthesiology, postal_code=283*|284*|290*|294*|295*)",corroborated,2,"https://npiregistry.cms.hhs.gov/api/ (NPI registry, taxonomy_description=Anesthesiology|Pediatric Anesthesiology, postal_code=283*|284*|290*|294*|295*) | OpenAlex + ORCID public APIs",1275629933,MD,PAWLEYS ISLAND,SC,295858670,Myrtle Beach,22.3,211.2,closer to Myrtle Beach (22.3 mi) than Greenville (211.2 mi); geo=city_centroid,"Anesthesiology; Anesthesiology, Pain Medicine",false,NONE_FOUND,OpenAlex works query filter=raw_author_name.search:Benjamin Cameransi returned 0 results — https://api.openalex.org/works?filter=raw_author_name.search:Benjamin%20Cameransi || OpenAlex authors search and ORCID expanded-search for this name returned no surname-matching profile — https://pub.orcid.org/v3.0/expanded-search/?q=given-names:Benjamin+AND+family-name:Cameransi || NONE_FOUND means no scholarly record was located at all — it is NOT evidence that this provider lacks pediatric experience,,,,,yes,practice,(864) 522-3700,practice,"https://data.cms.gov/provider-data/api/1/datastore/query/mj5m-pzi6/0 (CMS Doctors and Clinicians National Downloadable File, PECOS Medicare enrollment; official_filing; released 2026-07-09)",https://www.linkedin.com/search/results/people/?keywords=Benjamin%20Cameransi%20anesthesiology,,OTHER,"https://data.cms.gov/provider-data/api/1/datastore/query/mj5m-pzi6/0 (CMS Doctors and Clinicians National Downloadable File, PECOS Medicare enrollment; official_filing; released 2026-07-09)",1995,"https://data.cms.gov/provider-data/api/1/datastore/query/mj5m-pzi6/0 (CMS Doctors and Clinicians National Downloadable File, PECOS Medicare enrollment; official_filing; released 2026-07-09)",ANESTHESIOLOGY,,MUSC COMMUNITY PHYSICIANS | PRISMA HEALTH UNIVERSITY MEDICAL GROUP,"https://data.cms.gov/provider-data/api/1/datastore/query/mj5m-pzi6/0 (CMS Doctors and Clinicians National Downloadable File, PECOS Medicare enrollment; official_filing; released 2026-07-09)","PARTIAL_grad_year_only (CMS reports med_sch=""OTHER"" — school not on the CMS pick-list, typically international)",training_block_filled_from_CMS_DAC,,,,,EMAIL WITHHELD: no address observed on MUSC COMMUNITY PHYSICIANS's mail domain; domain itself not discoverable under clamp A (no search engine available; DNS-probed candidate hostnames all NXDOMAIN or parked).,,NOT_UNLOCKED_domain_undiscoverable,,
Brandon Sloop,"https://www.mygrandstrandhealth.com/ (all 299 profiles from physicians.xml fetched; physicianData JSON parsed from each — rung 3, no browser)",Anesthesiology,"https://www.mygrandstrandhealth.com/ (all 299 profiles from physicians.xml fetched; physicianData JSON parsed from each — rung 3, no browser)",Grand Strand Medical Center (HCA) — Teamhealth Anesthesia,"https://www.mygrandstrandhealth.com/ (all 299 profiles from physicians.xml fetched; physicianData JSON parsed from each — rung 3, no browser)",mygrandstrandhealth.com,"https://www.mygrandstrandhealth.com/ (all 299 profiles from physicians.xml fetched; physicianData JSON parsed from each — rung 3, no browser)",,,(843) 692-1062,"https://www.mygrandstrandhealth.com/ (all 299 profiles from physicians.xml fetched; physicianData JSON parsed from each — rung 3, no browser) providerLocations",,,https://www.mygrandstrandhealth.com/physicians/profile/Dr-Brandon-Sloop-MD,"https://www.mygrandstrandhealth.com/ (all 299 profiles from physicians.xml fetched; physicianData JSON parsed from each — rung 3, no browser)",single_source,1,"https://www.mygrandstrandhealth.com/ (all 299 profiles from physicians.xml fetched; physicianData JSON parsed from each — rung 3, no browser)",1962529578,MD,MYRTLE BEACH,SC,29572,Myrtle Beach,1.4,,"practice address Myrtle Beach, SC — 1.4 mi from Myrtle Beach centroid",,unknown (NPI record not re-fetched this run),NONE_FOUND,Grand Strand physicianData lists providerSpecialties=[Anesthesiology] only; credentialsAndAccreditations empty/no pediatric fellowship — https://www.mygrandstrandhealth.com/physicians/profile/Dr-Brandon-Sloop-MD,,,,Grand Strand Medical Center public physician directory,yes,department,(843) 646-8001,practice,"https://data.cms.gov/provider-data/api/1/datastore/query/mj5m-pzi6/0 (CMS Doctors and Clinicians National Downloadable File, PECOS Medicare enrollment; official_filing; released 2026-07-09)",https://www.linkedin.com/search/results/people/?keywords=Brandon%20Sloop%20anesthesiology,NEW PERSON (Grand Strand 299-profile physicianData sweep),OTHER,"https://data.cms.gov/provider-data/api/1/datastore/query/mj5m-pzi6/0 (CMS Doctors and Clinicians National Downloadable File, PECOS Medicare enrollment; official_filing; released 2026-07-09)",2002,"https://data.cms.gov/provider-data/api/1/datastore/query/mj5m-pzi6/0 (CMS Doctors and Clinicians National Downloadable File, PECOS Medicare enrollment; official_filing; released 2026-07-09)",ANESTHESIOLOGY,,MAYO CLINIC | MCLEOD PHYSICIAN ASSOCIATES II,"https://data.cms.gov/provider-data/api/1/datastore/query/mj5m-pzi6/0 (CMS Doctors and Clinicians National Downloadable File, PECOS Medicare enrollment; official_filing; released 2026-07-09)","PARTIAL_grad_year_only (CMS reports med_sch=""OTHER"" — school not on the CMS pick-list, typically international)",training_block_filled_from_CMS_DAC,,,,,"EMAIL WITHHELD: mcleodhealth.org runs TWO live formats concurrently — 3 name-confirmed first.last (Maureen.finger@, maggie.jackson@, logan.doriety@) vs 2 name-confirmed flast (rserrano@ Raquel Serrano, dsawyer@ Davis Sawyer) + 4 further flast-shaped (aploeg@, cpernell@, hburgin@, jcauble@); 9 personal addresses observed, ~67% flast. No propagable pattern. Employment also contested: mcLeod_physician_associates=false (contracted group) vs CMS PECOS employer_group. Checked 9 of 9 observed personal addresses.",mcleodhealth.org,WITHHELD_mixed_format+employment_contested,,
Brian Yee,"https://npiregistry.cms.hhs.gov/api/ (NPI registry, taxonomy_description=Anesthesiology|Pediatric Anesthesiology, postal_code=283*|284*|290*|294*|295*)","Anesthesiology, Pain Medicine","https://npiregistry.cms.hhs.gov/api/ (NPI registry, taxonomy_description=Anesthesiology|Pediatric Anesthesiology, postal_code=283*|284*|290*|294*|295*)",WEST VIRGINIA PAIN INSTITUTE INC,"https://data.cms.gov/provider-data/api/1/datastore/query/mj5m-pzi6/0 (CMS Doctors and Clinicians National Downloadable File, PECOS Medicare enrollment; official_filing; released 2026-07-09)",,,,,843-652-8260,"https://npiregistry.cms.hhs.gov/api/ (NPI registry, taxonomy_description=Anesthesiology|Pediatric Anesthesiology, postal_code=283*|284*|290*|294*|295*)",,,https://npiregistry.cms.hhs.gov/provider-view/1881891059,"https://npiregistry.cms.hhs.gov/api/ (NPI registry, taxonomy_description=Anesthesiology|Pediatric Anesthesiology, postal_code=283*|284*|290*|294*|295*)",corroborated,2,"https://npiregistry.cms.hhs.gov/api/ (NPI registry, taxonomy_description=Anesthesiology|Pediatric Anesthesiology, postal_code=283*|284*|290*|294*|295*) | OpenAlex + ORCID public APIs",1881891059,DO,MURRELLS INLET,SC,29576,Myrtle Beach,13.3,210.1,closer to Myrtle Beach (13.3 mi) than Greenville (210.1 mi); geo=city_centroid,"Anesthesiology, Pain Medicine; Anesthesiology, Pain Medicine; Anesthesiology, Pain Medicine",false,NONE_FOUND,"COLLISION REJECTED: OpenAlex A5044573289 'Brian A. Yee' (207 works, ORCID 0000-0001-5615-8550) is a UC San Diego RNA-biology/leukemia researcher, not an anesthesiologist — 0 of 100 sampled works match pediatric keywords — https://openalex.org/A5044573289 || A separate pain-medicine hit under this name, 'Spinal Cord Stimulator Implant Infection Rates and Risk Factors' (2017), is affiliated to 'Center for Pain Relief, Charleston, WV' — West Virginia, not the Carolinas; identity unconfirmed and no pediatric content — https://openalex.org/W2613922941",,,,,yes,practice,3042543131105,practice,"https://data.cms.gov/provider-data/api/1/datastore/query/mj5m-pzi6/0 (CMS Doctors and Clinicians National Downloadable File, PECOS Medicare enrollment; official_filing; released 2026-07-09)",https://www.linkedin.com/search/results/people/?keywords=Brian%20Yee%20anesthesiology,,WEST VIRGINIA SCHOOL OF OSTEOPATHIC MEDICINE,"https://data.cms.gov/provider-data/api/1/datastore/query/mj5m-pzi6/0 (CMS Doctors and Clinicians National Downloadable File, PECOS Medicare enrollment; official_filing; released 2026-07-09)",2006,"https://data.cms.gov/provider-data/api/1/datastore/query/mj5m-pzi6/0 (CMS Doctors and Clinicians National Downloadable File, PECOS Medicare enrollment; official_filing; released 2026-07-09)",PAIN MANAGEMENT,ANESTHESIOLOGY,WEST VIRGINIA PAIN INSTITUTE INC,"https://data.cms.gov/provider-data/api/1/datastore/query/mj5m-pzi6/0 (CMS Doctors and Clinicians National Downloadable File, PECOS Medicare enrollment; official_filing; released 2026-07-09)",FILLED_medical_school+grad_year (CMS official filing),training_block_filled_from_CMS_DAC,,,,,EMAIL WITHHELD: no address observed on WEST VIRGINIA PAIN INSTITUTE INC's mail domain; domain itself not discoverable under clamp A (no search engine available; DNS-probed candidate hostnames all NXDOMAIN or parked).,,NOT_UNLOCKED_domain_undiscoverable,,
Bryan Lee,"https://npiregistry.cms.hhs.gov/api/ (NPI registry, taxonomy_description=Anesthesiology|Pediatric Anesthesiology, postal_code=283*|284*|290*|294*|295*)",Anesthesiology,"https://npiregistry.cms.hhs.gov/api/ (NPI registry, taxonomy_description=Anesthesiology|Pediatric Anesthesiology, postal_code=283*|284*|290*|294*|295*)",ATLANTIC COAST ANESTHESIA SERVICES PC,"https://data.cms.gov/provider-data/api/1/datastore/query/mj5m-pzi6/0 (CMS Doctors and Clinicians National Downloadable File, PECOS Medicare enrollment; official_filing; released 2026-07-09)",,,,,843-692-4544,"https://npiregistry.cms.hhs.gov/api/ (NPI registry, taxonomy_description=Anesthesiology|Pediatric Anesthesiology, postal_code=283*|284*|290*|294*|295*)",,,https://npiregistry.cms.hhs.gov/provider-view/1891323259,"https://npiregistry.cms.hhs.gov/api/ (NPI registry, taxonomy_description=Anesthesiology|Pediatric Anesthesiology, postal_code=283*|284*|290*|294*|295*)",corroborated,2,"https://npiregistry.cms.hhs.gov/api/ (NPI registry, taxonomy_description=Anesthesiology|Pediatric Anesthesiology, postal_code=283*|284*|290*|294*|295*) | OpenAlex + ORCID public APIs",1891323259,,MYRTLE BEACH,SC,295724607,Myrtle Beach,1.4,214.8,closer to Myrtle Beach (1.4 mi) than Greenville (214.8 mi); geo=city_centroid,Student in an Organized Health Care Education/Training Program; Anesthesiology,false,NONE_FOUND,"OpenAlex returned 50 works, 0 surname-matching author profiles and 15 ORCID name hits for 'Bryan Lee', but none combined an anesthesiology/pain affiliation with pediatric content, and none could be tied to the Carolinas — https://api.openalex.org/works?filter=raw_author_name.search:Bryan%20Lee || All apparent pediatric hits for this name were rejected as same-name collisions in unrelated fields || NONE_FOUND means nothing was found in open scholarly sources — it is NOT evidence that this provider lacks pediatric experience",,,,,yes,practice,(843) 692-1000,practice,"https://data.cms.gov/provider-data/api/1/datastore/query/mj5m-pzi6/0 (CMS Doctors and Clinicians National Downloadable File, PECOS Medicare enrollment; official_filing; released 2026-07-09)",https://www.linkedin.com/search/results/people/?keywords=Bryan%20Lee%20anesthesiology,,OTHER,"https://data.cms.gov/provider-data/api/1/datastore/query/mj5m-pzi6/0 (CMS Doctors and Clinicians National Downloadable File, PECOS Medicare enrollment; official_filing; released 2026-07-09)",2020,"https://data.cms.gov/provider-data/api/1/datastore/query/mj5m-pzi6/0 (CMS Doctors and Clinicians National Downloadable File, PECOS Medicare enrollment; official_filing; released 2026-07-09)",ANESTHESIOLOGY,,ATLANTIC COAST ANESTHESIA SERVICES PC,"https://data.cms.gov/provider-data/api/1/datastore/query/mj5m-pzi6/0 (CMS Doctors and Clinicians National Downloadable File, PECOS Medicare enrollment; official_filing; released 2026-07-09)","PARTIAL_grad_year_only (CMS reports med_sch=""OTHER"" — school not on the CMS pick-list, typically international)",training_block_filled_from_CMS_DAC,,,,,EMAIL WITHHELD: no address observed on ATLANTIC COAST ANESTHESIA SERVICES PC's mail domain; domain itself not discoverable under clamp A (no search engine available; DNS-probed candidate hostnames all NXDOMAIN or parked).,,NOT_UNLOCKED_domain_undiscoverable,,
Candace Mcalpine,"https://npiregistry.cms.hhs.gov/api/ (NPI registry, taxonomy_description=Anesthesiology|Pediatric Anesthesiology, postal_code=283*|284*|290*|294*|295*)",Anesthesiology,"https://npiregistry.cms.hhs.gov/api/ (NPI registry, taxonomy_description=Anesthesiology|Pediatric Anesthesiology, postal_code=283*|284*|290*|294*|295*)",,,,,,,843-692-1063,"https://npiregistry.cms.hhs.gov/api/ (NPI registry, taxonomy_description=Anesthesiology|Pediatric Anesthesiology, postal_code=283*|284*|290*|294*|295*)",,,https://npiregistry.cms.hhs.gov/provider-view/1245491174,"https://npiregistry.cms.hhs.gov/api/ (NPI registry, taxonomy_description=Anesthesiology|Pediatric Anesthesiology, postal_code=283*|284*|290*|294*|295*)",corroborated,2,"https://npiregistry.cms.hhs.gov/api/ (NPI registry, taxonomy_description=Anesthesiology|Pediatric Anesthesiology, postal_code=283*|284*|290*|294*|295*) | OpenAlex + ORCID public APIs",1245491174,M.D.,MYRTLE BEACH,SC,295724607,Myrtle Beach,1.4,214.8,closer to Myrtle Beach (1.4 mi) than Greenville (214.8 mi); geo=city_centroid,Anesthesiology; Anesthesiology,false,NONE_FOUND,"OpenAlex returned 10 works, 2 surname-matching author profiles and 0 ORCID name hits for 'Candace Mcalpine', but none combined an anesthesiology/pain affiliation with pediatric content, and none could be tied to the Carolinas — https://api.openalex.org/works?filter=raw_author_name.search:Candace%20Mcalpine || All apparent pediatric hits for this name were rejected as same-name collisions in unrelated fields || NONE_FOUND means nothing was found in open scholarly sources — it is NOT evidence that this provider lacks pediatric experience",,,,,yes,practice,,,,https://www.linkedin.com/search/results/people/?keywords=Candace%20Mcalpine%20anesthesiology,,,,,,,,,,NOT_IN_CMS_DAC (no Medicare enrollment record matched this NPI),,,,,,"EMAIL WITHHELD: no employer of record, so no domain to unlock.",,NO_EMPLOYER_ON_RECORD,,
Carlos Hermes Casamalhuapa,"https://data.cms.gov/provider-data/api/1/datastore/query/mj5m-pzi6/0 (CMS Doctors and Clinicians National Downloadable File, PECOS Medicare enrollment; official_filing; released 2026-07-09)",ANESTHESIOLOGY,"https://data.cms.gov/provider-data/api/1/datastore/query/mj5m-pzi6/0 (CMS Doctors and Clinicians National Downloadable File, PECOS Medicare enrollment; official_filing; released 2026-07-09)",ATLANTIC COAST ANESTHESIA SERVICES PC,"https://data.cms.gov/provider-data/api/1/datastore/query/mj5m-pzi6/0 (CMS Doctors and Clinicians National Downloadable File, PECOS Medicare enrollment; official_filing; released 2026-07-09)",,,,,(843) 692-1000,"https://data.cms.gov/provider-data/api/1/datastore/query/mj5m-pzi6/0 (CMS Doctors and Clinicians National Downloadable File, PECOS Medicare enrollment; official_filing; released 2026-07-09)",,,https://npiregistry.cms.hhs.gov/provider-view/1154697787,"https://data.cms.gov/provider-data/api/1/datastore/query/mj5m-pzi6/0 (CMS Doctors and Clinicians National Downloadable File, PECOS Medicare enrollment; official_filing; released 2026-07-09)",single_source,1,"https://data.cms.gov/provider-data/api/1/datastore/query/mj5m-pzi6/0 (CMS Doctors and Clinicians National Downloadable File, PECOS Medicare enrollment; official_filing; released 2026-07-09)",1154697787,MD,MYRTLE BEACH,SC,295724607,Myrtle Beach,1.4,215.8,"practice address MYRTLE BEACH, SC — postal 295 in ring; 1.4 mi from Myrtle Beach centroid vs 215.8 mi Greenville; geo=city_centroid",ANESTHESIOLOGY,false,NONE_FOUND,"NONE_FOUND = UNPUBLISHABLE in this source. The CMS DAC specialty vocabulary contains no ""Pediatric Anesthesiology"" value at all (measured: pri_spec values containing ""PEDIATRIC"" are only ""PEDIATRIC MEDICINE""; sec_spec values containing ""ANESTH"" are only ANESTHESIOLOGY / ANESTHESIOLOGY,HOSPICE-PALLIATIVE CARE / ANESTHESIOLOGY,INTERVENTIONAL PAIN MANAGEMENT). So this official filing cannot express the subspecialty; absence here is not evidence the person lacks it.",,,,official_filing (CMS PECOS Medicare enrollment),yes,practice,,,,https://www.linkedin.com/search/results/people/?keywords=Carlos%20Hermes%20Casamalhuapa%20anesthesiology,,UNIVERSITY OF UTAH SCHOOL OF MEDICINE,"https://data.cms.gov/provider-data/api/1/datastore/query/mj5m-pzi6/0 (CMS Doctors and Clinicians National Downloadable File, PECOS Medicare enrollment; official_filing; released 2026-07-09)",2012,"https://data.cms.gov/provider-data/api/1/datastore/query/mj5m-pzi6/0 (CMS Doctors and Clinicians National Downloadable File, PECOS Medicare enrollment; official_filing; released 2026-07-09)",ANESTHESIOLOGY,,ATLANTIC COAST ANESTHESIA SERVICES PC,"https://data.cms.gov/provider-data/api/1/datastore/query/mj5m-pzi6/0 (CMS Doctors and Clinicians National Downloadable File, PECOS Medicare enrollment; official_filing; released 2026-07-09)",FILLED_medical_school+grad_year (CMS official filing),NEW_PERSON_round3 (CMS DAC anesthesiology enumeration; absent from round-2 roster),,,,,EMAIL WITHHELD: no address observed on ATLANTIC COAST ANESTHESIA SERVICES PC's mail domain; domain itself not discoverable under clamp A (no search engine available; DNS-probed candidate hostnames all NXDOMAIN or parked).,,NOT_UNLOCKED_domain_undiscoverable,,
Carroll P Shivers,"https://data.cms.gov/provider-data/api/1/datastore/query/mj5m-pzi6/0 (CMS Doctors and Clinicians National Downloadable File, PECOS Medicare enrollment; official_filing; released 2026-07-09)",ANESTHESIOLOGY,"https://data.cms.gov/provider-data/api/1/datastore/query/mj5m-pzi6/0 (CMS Doctors and Clinicians National Downloadable File, PECOS Medicare enrollment; official_filing; released 2026-07-09)",ATLANTIC COAST ANESTHESIA SERVICES PC,"https://data.cms.gov/provider-data/api/1/datastore/query/mj5m-pzi6/0 (CMS Doctors and Clinicians National Downloadable File, PECOS Medicare enrollment; official_filing; released 2026-07-09)",,,,,(843) 692-1000,"https://data.cms.gov/provider-data/api/1/datastore/query/mj5m-pzi6/0 (CMS Doctors and Clinicians National Downloadable File, PECOS Medicare enrollment; official_filing; released 2026-07-09)",,,https://npiregistry.cms.hhs.gov/provider-view/1699753160,"https://data.cms.gov/provider-data/api/1/datastore/query/mj5m-pzi6/0 (CMS Doctors and Clinicians National Downloadable File, PECOS Medicare enrollment; official_filing; released 2026-07-09)",single_source,1,"https://data.cms.gov/provider-data/api/1/datastore/query/mj5m-pzi6/0 (CMS Doctors and Clinicians National Downloadable File, PECOS Medicare enrollment; official_filing; released 2026-07-09)",1699753160,MD,MYRTLE BEACH,SC,295724607,Myrtle Beach,1.4,215.8,"practice address MYRTLE BEACH, SC — postal 295 in ring; 1.4 mi from Myrtle Beach centroid vs 215.8 mi Greenville; geo=city_centroid",ANESTHESIOLOGY,false,NONE_FOUND,"NONE_FOUND = UNPUBLISHABLE in this source. The CMS DAC specialty vocabulary contains no ""Pediatric Anesthesiology"" value at all (measured: pri_spec values containing ""PEDIATRIC"" are only ""PEDIATRIC MEDICINE""; sec_spec values containing ""ANESTH"" are only ANESTHESIOLOGY / ANESTHESIOLOGY,HOSPICE-PALLIATIVE CARE / ANESTHESIOLOGY,INTERVENTIONAL PAIN MANAGEMENT). So this official filing cannot express the subspecialty; absence here is not evidence the person lacks it.",,,,official_filing (CMS PECOS Medicare enrollment),yes,practice,,,,https://www.linkedin.com/search/results/people/?keywords=Carroll%20P%20Shivers%20anesthesiology,,UNIVERSITY OF SOUTH CAROLINA SCHOOL OF MEDICINE,"https://data.cms.gov/provider-data/api/1/datastore/query/mj5m-pzi6/0 (CMS Doctors and Clinicians National Downloadable File, PECOS Medicare enrollment; official_filing; released 2026-07-09)",1994,"https://data.cms.gov/provider-data/api/1/datastore/query/mj5m-pzi6/0 (CMS Doctors and Clinicians National Downloadable File, PECOS Medicare enrollment; official_filing; released 2026-07-09)",ANESTHESIOLOGY,,ATLANTIC COAST ANESTHESIA SERVICES PC,"https://data.cms.gov/provider-data/api/1/datastore/query/mj5m-pzi6/0 (CMS Doctors and Clinicians National Downloadable File, PECOS Medicare enrollment; official_filing; released 2026-07-09)",FILLED_medical_school+grad_year (CMS official filing),NEW_PERSON_round3 (CMS DAC anesthesiology enumeration; absent from round-2 roster),,,,,EMAIL WITHHELD: no address observed on ATLANTIC COAST ANESTHESIA SERVICES PC's mail domain; domain itself not discoverable under clamp A (no search engine available; DNS-probed candidate hostnames all NXDOMAIN or parked).,,NOT_UNLOCKED_domain_undiscoverable,,
Casmir Kielar,"https://npiregistry.cms.hhs.gov/api/ (NPI registry, taxonomy_description=Anesthesiology|Pediatric Anesthesiology, postal_code=283*|284*|290*|294*|295*)",Anesthesiology,"https://npiregistry.cms.hhs.gov/api/ (NPI registry, taxonomy_description=Anesthesiology|Pediatric Anesthesiology, postal_code=283*|284*|290*|294*|295*)",,,,,,,843-347-9587,"https://npiregistry.cms.hhs.gov/api/ (NPI registry, taxonomy_description=Anesthesiology|Pediatric Anesthesiology, postal_code=283*|284*|290*|294*|295*)",,,https://npiregistry.cms.hhs.gov/provider-view/1326260167,"https://npiregistry.cms.hhs.gov/api/ (NPI registry, taxonomy_description=Anesthesiology|Pediatric Anesthesiology, postal_code=283*|284*|290*|294*|295*)",corroborated,2,"https://npiregistry.cms.hhs.gov/api/ (NPI registry, taxonomy_description=Anesthesiology|Pediatric Anesthesiology, postal_code=283*|284*|290*|294*|295*) | OpenAlex + ORCID public APIs",1326260167,MD,CONWAY,SC,295268747,Myrtle Beach,13.3,203.2,closer to Myrtle Beach (13.3 mi) than Greenville (203.2 mi); geo=city_centroid,Anesthesiology,false,NONE_FOUND,OpenAlex works query filter=raw_author_name.search:Casmir Kielar returned 0 results — https://api.openalex.org/works?filter=raw_author_name.search:Casmir%20Kielar || OpenAlex authors search and ORCID expanded-search for this name returned no surname-matching profile — https://pub.orcid.org/v3.0/expanded-search/?q=given-names:Casmir+AND+family-name:Kielar || NONE_FOUND means no scholarly record was located at all — it is NOT evidence that this provider lacks pediatric experience,,,,,yes,practice,,,,https://www.linkedin.com/search/results/people/?keywords=Casmir%20Kielar%20anesthesiology,,,,,,,,,,NOT_IN_CMS_DAC (no Medicare enrollment record matched this NPI),,,,,,"EMAIL WITHHELD: no employer of record, so no domain to unlock.",,NO_EMPLOYER_ON_RECORD,,
Chad Skidmore,"https://npiregistry.cms.hhs.gov/api/ (NPI registry, taxonomy_description=Anesthesiology|Pediatric Anesthesiology, postal_code=283*|284*|290*|294*|295*)",Anesthesiology,"https://npiregistry.cms.hhs.gov/api/ (NPI registry, taxonomy_description=Anesthesiology|Pediatric Anesthesiology, postal_code=283*|284*|290*|294*|295*)",,,,,,,843-347-8134,"https://npiregistry.cms.hhs.gov/api/ (NPI registry, taxonomy_description=Anesthesiology|Pediatric Anesthesiology, postal_code=283*|284*|290*|294*|295*)",,,https://npiregistry.cms.hhs.gov/provider-view/1922749274,"https://npiregistry.cms.hhs.gov/api/ (NPI registry, taxonomy_description=Anesthesiology|Pediatric Anesthesiology, postal_code=283*|284*|290*|294*|295*)",corroborated,2,"https://npiregistry.cms.hhs.gov/api/ (NPI registry, taxonomy_description=Anesthesiology|Pediatric Anesthesiology, postal_code=283*|284*|290*|294*|295*) | OpenAlex + ORCID public APIs",1922749274,,CONWAY,SC,295269142,Myrtle Beach,13.3,203.2,closer to Myrtle Beach (13.3 mi) than Greenville (203.2 mi); geo=city_centroid,Anesthesiology,false,NONE_FOUND,"OpenAlex returned 0 works, 0 surname-matching author profiles and 2 ORCID name hits for 'Chad Skidmore', but none combined an anesthesiology/pain affiliation with pediatric content, and none could be tied to the Carolinas — https://api.openalex.org/works?filter=raw_author_name.search:Chad%20Skidmore || All apparent pediatric hits for this name were rejected as same-name collisions in unrelated fields || NONE_FOUND means nothing was found in open scholarly sources — it is NOT evidence that this provider lacks pediatric experience",,,,,yes,practice,,,,https://www.linkedin.com/search/results/people/?keywords=Chad%20Skidmore%20anesthesiology,,,,,,,,,,NOT_IN_CMS_DAC (no Medicare enrollment record matched this NPI),,,,,,"EMAIL WITHHELD: no employer of record, so no domain to unlock.",,NO_EMPLOYER_ON_RECORD,,
Charles M Hahn,"https://data.cms.gov/provider-data/api/1/datastore/query/mj5m-pzi6/0 (CMS Doctors and Clinicians National Downloadable File, PECOS Medicare enrollment; official_filing; released 2026-07-09)",ANESTHESIOLOGY,"https://data.cms.gov/provider-data/api/1/datastore/query/mj5m-pzi6/0 (CMS Doctors and Clinicians National Downloadable File, PECOS Medicare enrollment; official_filing; released 2026-07-09)",SOUTHEAST ANESTHESIOLOGY CONSULTANTS PLLC,"https://data.cms.gov/provider-data/api/1/datastore/query/mj5m-pzi6/0 (CMS Doctors and Clinicians National Downloadable File, PECOS Medicare enrollment; official_filing; released 2026-07-09)",,,,,(910) 457-3800,"https://data.cms.gov/provider-data/api/1/datastore/query/mj5m-pzi6/0 (CMS Doctors and Clinicians National Downloadable File, PECOS Medicare enrollment; official_filing; released 2026-07-09)",,,https://npiregistry.cms.hhs.gov/provider-view/1578568457,"https://data.cms.gov/provider-data/api/1/datastore/query/mj5m-pzi6/0 (CMS Doctors and Clinicians National Downloadable File, PECOS Medicare enrollment; official_filing; released 2026-07-09)",single_source,1,"https://data.cms.gov/provider-data/api/1/datastore/query/mj5m-pzi6/0 (CMS Doctors and Clinicians National Downloadable File, PECOS Medicare enrollment; official_filing; released 2026-07-09)",1578568457,MD,SOUTHPORT,NC,284613038,Myrtle Beach,52.3,257.5,"practice address SOUTHPORT, NC — postal 284 in ring; 52.3 mi from Myrtle Beach centroid vs 257.5 mi Greenville; geo=city_centroid",ANESTHESIOLOGY,false,NONE_FOUND,"NONE_FOUND = UNPUBLISHABLE in this source. The CMS DAC specialty vocabulary contains no ""Pediatric Anesthesiology"" value at all (measured: pri_spec values containing ""PEDIATRIC"" are only ""PEDIATRIC MEDICINE""; sec_spec values containing ""ANESTH"" are only ANESTHESIOLOGY / ANESTHESIOLOGY,HOSPICE-PALLIATIVE CARE / ANESTHESIOLOGY,INTERVENTIONAL PAIN MANAGEMENT). So this official filing cannot express the subspecialty; absence here is not evidence the person lacks it.",,,,official_filing (CMS PECOS Medicare enrollment),yes,practice,,,,https://www.linkedin.com/search/results/people/?keywords=Charles%20M%20Hahn%20anesthesiology,,OTHER,"https://data.cms.gov/provider-data/api/1/datastore/query/mj5m-pzi6/0 (CMS Doctors and Clinicians National Downloadable File, PECOS Medicare enrollment; official_filing; released 2026-07-09)",1987,"https://data.cms.gov/provider-data/api/1/datastore/query/mj5m-pzi6/0 (CMS Doctors and Clinicians National Downloadable File, PECOS Medicare enrollment; official_filing; released 2026-07-09)",ANESTHESIOLOGY,INTERVENTIONAL PAIN MANAGEMENT,SOUTHEAST ANESTHESIOLOGY CONSULTANTS PLLC,"https://data.cms.gov/provider-data/api/1/datastore/query/mj5m-pzi6/0 (CMS Doctors and Clinicians National Downloadable File, PECOS Medicare enrollment; official_filing; released 2026-07-09)","PARTIAL_grad_year_only (CMS reports med_sch=""OTHER"")",NEW_PERSON_round3 (CMS DAC anesthesiology enumeration; absent from round-2 roster),,,,,EMAIL WITHHELD: no address observed on SOUTHEAST ANESTHESIOLOGY CONSULTANTS PLLC's mail domain; domain itself not discoverable under clamp A (no search engine available; DNS-probed candidate hostnames all NXDOMAIN or parked).,,NOT_UNLOCKED_domain_undiscoverable,,
Christopher Brann,"https://npiregistry.cms.hhs.gov/api/ (NPI registry, taxonomy_description=Anesthesiology|Pediatric Anesthesiology, postal_code=283*|284*|290*|294*|295*)",Anesthesiology,"https://npiregistry.cms.hhs.gov/api/ (NPI registry, taxonomy_description=Anesthesiology|Pediatric Anesthesiology, postal_code=283*|284*|290*|294*|295*)",MAINEHEALTH,"https://data.cms.gov/provider-data/api/1/datastore/query/mj5m-pzi6/0 (CMS Doctors and Clinicians National Downloadable File, PECOS Medicare enrollment; official_filing; released 2026-07-09)",,,,,910-721-1477,"https://npiregistry.cms.hhs.gov/api/ (NPI registry, taxonomy_description=Anesthesiology|Pediatric Anesthesiology, postal_code=283*|284*|290*|294*|295*)",,,https://npiregistry.cms.hhs.gov/provider-view/1679583835,"https://npiregistry.cms.hhs.gov/api/ (NPI registry, taxonomy_description=Anesthesiology|Pediatric Anesthesiology, postal_code=283*|284*|290*|294*|295*)",corroborated,2,"https://npiregistry.cms.hhs.gov/api/ (NPI registry, taxonomy_description=Anesthesiology|Pediatric Anesthesiology, postal_code=283*|284*|290*|294*|295*) | OpenAlex + ORCID public APIs",1679583835,MD,BOLIVIA,NC,284228346,Myrtle Beach,49.9,247.5,closer to Myrtle Beach (49.9 mi) than Greenville (247.5 mi); geo=city_centroid,Anesthesiology; Anesthesiology; Anesthesiology,false,NONE_FOUND,"OpenAlex returned 26 works, 0 surname-matching author profiles and 1 ORCID name hits for 'Christopher Brann', but none combined an anesthesiology/pain affiliation with pediatric content, and none could be tied to the Carolinas — https://api.openalex.org/works?filter=raw_author_name.search:Christopher%20Brann || All apparent pediatric hits for this name were rejected as same-name collisions in unrelated fields || NONE_FOUND means nothing was found in open scholarly sources — it is NOT evidence that this provider lacks pediatric experience",,,,,yes,practice,(262) 577-8000,department,"https://data.cms.gov/provider-data/api/1/datastore/query/mj5m-pzi6/0 (CMS Doctors and Clinicians National Downloadable File, PECOS Medicare enrollment; official_filing; released 2026-07-09)",https://www.linkedin.com/search/results/people/?keywords=Christopher%20Brann%20anesthesiology,,OTHER,"https://data.cms.gov/provider-data/api/1/datastore/query/mj5m-pzi6/0 (CMS Doctors and Clinicians National Downloadable File, PECOS Medicare enrollment; official_filing; released 2026-07-09)",1983,"https://data.cms.gov/provider-data/api/1/datastore/query/mj5m-pzi6/0 (CMS Doctors and Clinicians National Downloadable File, PECOS Medicare enrollment; official_filing; released 2026-07-09)",ANESTHESIOLOGY,,MAINEHEALTH | VITUITY-WISCONSIN ANESTHESIA SC,"https://data.cms.gov/provider-data/api/1/datastore/query/mj5m-pzi6/0 (CMS Doctors and Clinicians National Downloadable File, PECOS Medicare enrollment; official_filing; released 2026-07-09)","PARTIAL_grad_year_only (CMS reports med_sch=""OTHER"" — school not on the CMS pick-list, typically international)",training_block_filled_from_CMS_DAC,,,,,EMAIL WITHHELD: no address observed on MAINEHEALTH's mail domain; domain itself not discoverable under clamp A (no search engine available; DNS-probed candidate hostnames all NXDOMAIN or parked).,,NOT_UNLOCKED_domain_undiscoverable,,
Christopher J Duggins,"https://data.cms.gov/provider-data/api/1/datastore/query/mj5m-pzi6/0 (CMS Doctors and Clinicians National Downloadable File, PECOS Medicare enrollment; official_filing; released 2026-07-09)",ANESTHESIOLOGY,"https://data.cms.gov/provider-data/api/1/datastore/query/mj5m-pzi6/0 (CMS Doctors and Clinicians National Downloadable File, PECOS Medicare enrollment; official_filing; released 2026-07-09)",PROVIDENCE ANESTHESIOLOGY ASSOCIATES PA,"https://data.cms.gov/provider-data/api/1/datastore/query/mj5m-pzi6/0 (CMS Doctors and Clinicians National Downloadable File, PECOS Medicare enrollment; official_filing; released 2026-07-09)",,,,,(910) 721-1000,"https://data.cms.gov/provider-data/api/1/datastore/query/mj5m-pzi6/0 (CMS Doctors and Clinicians National Downloadable File, PECOS Medicare enrollment; official_filing; released 2026-07-09)",,,https://npiregistry.cms.hhs.gov/provider-view/1699769117,"https://data.cms.gov/provider-data/api/1/datastore/query/mj5m-pzi6/0 (CMS Doctors and Clinicians National Downloadable File, PECOS Medicare enrollment; official_filing; released 2026-07-09)",single_source,1,"https://data.cms.gov/provider-data/api/1/datastore/query/mj5m-pzi6/0 (CMS Doctors and Clinicians National Downloadable File, PECOS Medicare enrollment; official_filing; released 2026-07-09)",1699769117,MD,BOLIVIA,NC,284228346,Myrtle Beach,49.9,247.9,"practice address BOLIVIA, NC — postal 284 in ring; 49.9 mi from Myrtle Beach centroid vs 247.9 mi Greenville; geo=city_centroid",ANESTHESIOLOGY,false,NONE_FOUND,"NONE_FOUND = UNPUBLISHABLE in this source. The CMS DAC specialty vocabulary contains no ""Pediatric Anesthesiology"" value at all (measured: pri_spec values containing ""PEDIATRIC"" are only ""PEDIATRIC MEDICINE""; sec_spec values containing ""ANESTH"" are only ANESTHESIOLOGY / ANESTHESIOLOGY,HOSPICE-PALLIATIVE CARE / ANESTHESIOLOGY,INTERVENTIONAL PAIN MANAGEMENT). So this official filing cannot express the subspecialty; absence here is not evidence the person lacks it.",,,,official_filing (CMS PECOS Medicare enrollment),yes,practice,,,,https://www.linkedin.com/search/results/people/?keywords=Christopher%20J%20Duggins%20anesthesiology,,"UNIVERSITY OF TENNESSEE, HSC, COLLEGE OF MEDICINE","https://data.cms.gov/provider-data/api/1/datastore/query/mj5m-pzi6/0 (CMS Doctors and Clinicians National Downloadable File, PECOS Medicare enrollment; official_filing; released 2026-07-09)",1992,"https://data.cms.gov/provider-data/api/1/datastore/query/mj5m-pzi6/0 (CMS Doctors and Clinicians National Downloadable File, PECOS Medicare enrollment; official_filing; released 2026-07-09)",ANESTHESIOLOGY,,PROVIDENCE ANESTHESIOLOGY ASSOCIATES PA,"https://data.cms.gov/provider-data/api/1/datastore/query/mj5m-pzi6/0 (CMS Doctors and Clinicians National Downloadable File, PECOS Medicare enrollment; official_filing; released 2026-07-09)",FILLED_medical_school+grad_year (CMS official filing),NEW_PERSON_round3 (CMS DAC anesthesiology enumeration; absent from round-2 roster),,,,,EMAIL WITHHELD: no address observed on PROVIDENCE ANESTHESIOLOGY ASSOCIATES PA's mail domain; domain itself not discoverable under clamp A (no search engine available; DNS-probed candidate hostnames all NXDOMAIN or parked).,,NOT_UNLOCKED_domain_undiscoverable,,
Christopher John Samuel,"https://data.cms.gov/provider-data/api/1/datastore/query/mj5m-pzi6/0 (CMS Doctors and Clinicians National Downloadable File, PECOS Medicare enrollment; official_filing; released 2026-07-09)",ANESTHESIOLOGY,"https://data.cms.gov/provider-data/api/1/datastore/query/mj5m-pzi6/0 (CMS Doctors and Clinicians National Downloadable File, PECOS Medicare enrollment; official_filing; released 2026-07-09)",MEDSTREAM ANESTHESIA PLLC,"https://data.cms.gov/provider-data/api/1/datastore/query/mj5m-pzi6/0 (CMS Doctors and Clinicians National Downloadable File, PECOS Medicare enrollment; official_filing; released 2026-07-09)",,,,,(843) 527-7100,"https://data.cms.gov/provider-data/api/1/datastore/query/mj5m-pzi6/0 (CMS Doctors and Clinicians National Downloadable File, PECOS Medicare enrollment; official_filing; released 2026-07-09)",,,https://npiregistry.cms.hhs.gov/provider-view/1992798219,"https://data.cms.gov/provider-data/api/1/datastore/query/mj5m-pzi6/0 (CMS Doctors and Clinicians National Downloadable File, PECOS Medicare enrollment; official_filing; released 2026-07-09)",single_source,1,"https://data.cms.gov/provider-data/api/1/datastore/query/mj5m-pzi6/0 (CMS Doctors and Clinicians National Downloadable File, PECOS Medicare enrollment; official_filing; released 2026-07-09)",1992798219,MD,GEORGETOWN,SC,294403304,Myrtle Beach,31.5,204.5,"practice address GEORGETOWN, SC — postal 294 in ring; 31.5 mi from Myrtle Beach centroid vs 204.5 mi Greenville; geo=city_centroid",ANESTHESIOLOGY,false,NONE_FOUND,"NONE_FOUND = UNPUBLISHABLE in this source. The CMS DAC specialty vocabulary contains no ""Pediatric Anesthesiology"" value at all (measured: pri_spec values containing ""PEDIATRIC"" are only ""PEDIATRIC MEDICINE""; sec_spec values containing ""ANESTH"" are only ANESTHESIOLOGY / ANESTHESIOLOGY,HOSPICE-PALLIATIVE CARE / ANESTHESIOLOGY,INTERVENTIONAL PAIN MANAGEMENT). So this official filing cannot express the subspecialty; absence here is not evidence the person lacks it. || NONE_FOUND = UNPUBLISHABLE. tidelandshealth.org publishes no training block for any of its 12 anesthesiologists and 403s to curl; ABA has no public diplomate lookup; ABMS certificationmatters 403s to curl and WebFetch (blocked, not absent); ASA and SPA publish no public roster; Healthgrades has no page for this person at all.",,,,official_filing (CMS PECOS Medicare enrollment),yes,department,,,,https://www.linkedin.com/search/results/people/?keywords=Christopher%20John%20Samuel%20anesthesiology,,OTHER,"https://data.cms.gov/provider-data/api/1/datastore/query/mj5m-pzi6/0 (CMS Doctors and Clinicians National Downloadable File, PECOS Medicare enrollment; official_filing; released 2026-07-09)",1991,"https://data.cms.gov/provider-data/api/1/datastore/query/mj5m-pzi6/0 (CMS Doctors and Clinicians National Downloadable File, PECOS Medicare enrollment; official_filing; released 2026-07-09)",ANESTHESIOLOGY,,MEDSTREAM ANESTHESIA PLLC | TIDELANDS ANESTHESIA GROUP LLC,"https://data.cms.gov/provider-data/api/1/datastore/query/mj5m-pzi6/0 (CMS Doctors and Clinicians National Downloadable File, PECOS Medicare enrollment; official_filing; released 2026-07-09)","PARTIAL_grad_year_only (CMS reports med_sch=""OTHER"")",NEW_PERSON_round3 (CMS DAC anesthesiology enumeration; absent from round-2 roster),,,,"NONE_FOUND = UNPUBLISHABLE. tidelandshealth.org publishes no training block for any of its 12 anesthesiologists and 403s to curl; ABA has no public diplomate lookup; ABMS certificationmatters 403s to curl and WebFetch (blocked, not absent); ASA and SPA publish no public roster; Healthgrades has no page for this person at all.",EMAIL WITHHELD: no address observed on MEDSTREAM ANESTHESIA PLLC's mail domain; domain itself not discoverable under clamp A (no search engine available; DNS-probed candidate hostnames all NXDOMAIN or parked).,,NOT_UNLOCKED_domain_undiscoverable,,
Daniel Richard Carhart,"https://data.cms.gov/provider-data/api/1/datastore/query/mj5m-pzi6/0 (CMS Doctors and Clinicians National Downloadable File, PECOS Medicare enrollment; official_filing; released 2026-07-09)",ANESTHESIOLOGY,"https://data.cms.gov/provider-data/api/1/datastore/query/mj5m-pzi6/0 (CMS Doctors and Clinicians National Downloadable File, PECOS Medicare enrollment; official_filing; released 2026-07-09)",TIDELANDS ANESTHESIA GROUP LLC,"https://data.cms.gov/provider-data/api/1/datastore/query/mj5m-pzi6/0 (CMS Doctors and Clinicians National Downloadable File, PECOS Medicare enrollment; official_filing; released 2026-07-09)",,,,,(843) 527-7100,"https://data.cms.gov/provider-data/api/1/datastore/query/mj5m-pzi6/0 (CMS Doctors and Clinicians National Downloadable File, PECOS Medicare enrollment; official_filing; released 2026-07-09)",,,https://npiregistry.cms.hhs.gov/provider-view/1700851466,"https://data.cms.gov/provider-data/api/1/datastore/query/mj5m-pzi6/0 (CMS Doctors and Clinicians National Downloadable File, PECOS Medicare enrollment; official_filing; released 2026-07-09)",single_source,1,"https://data.cms.gov/provider-data/api/1/datastore/query/mj5m-pzi6/0 (CMS Doctors and Clinicians National Downloadable File, PECOS Medicare enrollment; official_filing; released 2026-07-09)",1700851466,MD,GEORGETOWN,SC,294403304,Myrtle Beach,31.5,204.5,"practice address GEORGETOWN, SC — postal 294 in ring; 31.5 mi from Myrtle Beach centroid vs 204.5 mi Greenville; geo=city_centroid",ANESTHESIOLOGY,false,NONE_FOUND,"NONE_FOUND = UNPUBLISHABLE in this source. The CMS DAC specialty vocabulary contains no ""Pediatric Anesthesiology"" value at all (measured: pri_spec values containing ""PEDIATRIC"" are only ""PEDIATRIC MEDICINE""; sec_spec values containing ""ANESTH"" are only ANESTHESIOLOGY / ANESTHESIOLOGY,HOSPICE-PALLIATIVE CARE / ANESTHESIOLOGY,INTERVENTIONAL PAIN MANAGEMENT). So this official filing cannot express the subspecialty; absence here is not evidence the person lacks it. || NONE_FOUND = CHECKED-AND-ABSENT on Healthgrades. Control test: the Healthgrades education schema does carry typeCode RESIDE/FELLOW (proved on dr-edward-gologorsky-2fywb, same Georgetown result set, which returns a 1994 UPMC Fellowship). Healthgrades simply holds no residency/fellowship row for this person. Independently, an NPI-taxonomy sweep for Pediatric Anesthesiology 207LP2900X across Georgetown/Myrtle Beach/Conway/Murrells Inlet/Pawleys Island SC returned result_count 0 in all five.",,,,official_filing (CMS PECOS Medicare enrollment),yes,department,,,,https://www.linkedin.com/search/results/people/?keywords=Daniel%20Richard%20Carhart%20anesthesiology,,A.T. Still University Kirksville College of Osteopathic Medicine,"https://www.healthgrades.com/physician/dr-daniel-carhart-y35s3 (Healthgrades — corroboration; CMS DAC reported med_sch=""OTHER"")",2001,"https://data.cms.gov/provider-data/api/1/datastore/query/mj5m-pzi6/0 (CMS Doctors and Clinicians National Downloadable File, PECOS Medicare enrollment; official_filing; released 2026-07-09)",ANESTHESIOLOGY,,TIDELANDS ANESTHESIA GROUP LLC,"https://data.cms.gov/provider-data/api/1/datastore/query/mj5m-pzi6/0 (CMS Doctors and Clinicians National Downloadable File, PECOS Medicare enrollment; official_filing; released 2026-07-09)",FILLED_medical_school+grad_year (CMS grad_year + Healthgrades school),NEW_PERSON_round3 (CMS DAC anesthesiology enumeration; absent from round-2 roster),Anesthesiology (American Board of Anesthesiology),https://www.healthgrades.com/physician/dr-daniel-carhart-y35s3,https://www.healthgrades.com/physician/dr-daniel-carhart-y35s3,"NONE_FOUND = CHECKED-AND-ABSENT on Healthgrades. Control test: the Healthgrades education schema does carry typeCode RESIDE/FELLOW (proved on dr-edward-gologorsky-2fywb, same Georgetown result set, which returns a 1994 UPMC Fellowship). Healthgrades simply holds no residency/fellowship row for this person. Independently, an NPI-taxonomy sweep for Pediatric Anesthesiology 207LP2900X across Georgetown/Myrtle Beach/Conway/Murrells Inlet/Pawleys Island SC returned result_count 0 in all five.",EMAIL WITHHELD: no address observed on TIDELANDS ANESTHESIA GROUP LLC's mail domain; domain itself not discoverable under clamp A (no search engine available; DNS-probed candidate hostnames all NXDOMAIN or parked).,,NOT_UNLOCKED_domain_undiscoverable,,
Daniela Smith,"https://data.cms.gov/provider-data/api/1/datastore/query/mj5m-pzi6/0 (CMS Doctors and Clinicians National Downloadable File, PECOS Medicare enrollment; official_filing; released 2026-07-09)",ANESTHESIOLOGY,"https://data.cms.gov/provider-data/api/1/datastore/query/mj5m-pzi6/0 (CMS Doctors and Clinicians National Downloadable File, PECOS Medicare enrollment; official_filing; released 2026-07-09)",MCLEOD PHYSICIAN ASSOCIATES II,"https://data.cms.gov/provider-data/api/1/datastore/query/mj5m-pzi6/0 (CMS Doctors and Clinicians National Downloadable File, PECOS Medicare enrollment; official_filing; released 2026-07-09)",,,,,(843) 646-8001,"https://data.cms.gov/provider-data/api/1/datastore/query/mj5m-pzi6/0 (CMS Doctors and Clinicians National Downloadable File, PECOS Medicare enrollment; official_filing; released 2026-07-09)",,,https://npiregistry.cms.hhs.gov/provider-view/1891904181,"https://data.cms.gov/provider-data/api/1/datastore/query/mj5m-pzi6/0 (CMS Doctors and Clinicians National Downloadable File, PECOS Medicare enrollment; official_filing; released 2026-07-09)",single_source,1,"https://data.cms.gov/provider-data/api/1/datastore/query/mj5m-pzi6/0 (CMS Doctors and Clinicians National Downloadable File, PECOS Medicare enrollment; official_filing; released 2026-07-09)",1891904181,MD,MYRTLE BEACH,SC,295794477,Myrtle Beach,1.4,215.8,"practice address MYRTLE BEACH, SC — postal 295 in ring; 1.4 mi from Myrtle Beach centroid vs 215.8 mi Greenville; geo=city_centroid",ANESTHESIOLOGY,false,NONE_FOUND,"NONE_FOUND = UNPUBLISHABLE in this source. The CMS DAC specialty vocabulary contains no ""Pediatric Anesthesiology"" value at all (measured: pri_spec values containing ""PEDIATRIC"" are only ""PEDIATRIC MEDICINE""; sec_spec values containing ""ANESTH"" are only ANESTHESIOLOGY / ANESTHESIOLOGY,HOSPICE-PALLIATIVE CARE / ANESTHESIOLOGY,INTERVENTIONAL PAIN MANAGEMENT). So this official filing cannot express the subspecialty; absence here is not evidence the person lacks it.",,,,official_filing (CMS PECOS Medicare enrollment),yes,practice,,,,https://www.linkedin.com/search/results/people/?keywords=Daniela%20Smith%20anesthesiology,,UNIVERSITY OF MARYLAND SCHOOL OF MEDICINE,"https://data.cms.gov/provider-data/api/1/datastore/query/mj5m-pzi6/0 (CMS Doctors and Clinicians National Downloadable File, PECOS Medicare enrollment; official_filing; released 2026-07-09)",2005,"https://data.cms.gov/provider-data/api/1/datastore/query/mj5m-pzi6/0 (CMS Doctors and Clinicians National Downloadable File, PECOS Medicare enrollment; official_filing; released 2026-07-09)",ANESTHESIOLOGY,,MCLEOD PHYSICIAN ASSOCIATES II,"https://data.cms.gov/provider-data/api/1/datastore/query/mj5m-pzi6/0 (CMS Doctors and Clinicians National Downloadable File, PECOS Medicare enrollment; official_filing; released 2026-07-09)",FILLED_medical_school+grad_year (CMS official filing),NEW_PERSON_round3 (CMS DAC anesthesiology enumeration; absent from round-2 roster),,,,,"EMAIL WITHHELD: mcleodhealth.org runs TWO live formats concurrently — 3 name-confirmed first.last (Maureen.finger@, maggie.jackson@, logan.doriety@) vs 2 name-confirmed flast (rserrano@ Raquel Serrano, dsawyer@ Davis Sawyer) + 4 further flast-shaped (aploeg@, cpernell@, hburgin@, jcauble@); 9 personal addresses observed, ~67% flast. No propagable pattern. Employment also contested: mcLeod_physician_associates=false (contracted group) vs CMS PECOS employer_group. Checked 9 of 9 observed personal addresses.",mcleodhealth.org,WITHHELD_mixed_format+employment_contested,,
David O. Atkinson,"https://www.mcleodhealth.org/ (public Algolia index live_physicians, app JUNR3SUCF2 — rung 3, no browser)",Anesthesiology,"https://www.mcleodhealth.org/ (public Algolia index live_physicians, app JUNR3SUCF2 — rung 3, no browser)",McLeod Health — McLeod Anesthesia – Loris,"https://www.mcleodhealth.org/ (public Algolia index live_physicians, app JUNR3SUCF2 — rung 3, no browser)",mcleodhealth.org,"https://www.mcleodhealth.org/ (public Algolia index live_physicians, app JUNR3SUCF2 — rung 3, no browser)",,,(843) 716-7370,"https://www.mcleodhealth.org/ (public Algolia index live_physicians, app JUNR3SUCF2 — rung 3, no browser)",,,https://www.mcleodhealth.org/physician/daniel-o-atkinson/,"https://www.mcleodhealth.org/ (public Algolia index live_physicians, app JUNR3SUCF2 — rung 3, no browser)",single_source,1,"https://www.mcleodhealth.org/ (public Algolia index live_physicians, app JUNR3SUCF2 — rung 3, no browser)",1992755797,MD,LORIS,SC,29569,Myrtle Beach,25.5,,"practice address Loris, SC — within 50 mi of Myrtle Beach; geo=city_centroid",,unknown (not matched to an NPI record in this run),NONE_FOUND,McLeod directory lists specialty Anesthesiology only; no pediatric board certification or pediatric fellowship on the profile — https://www.mcleodhealth.org/physician/daniel-o-atkinson/,,,,McLeod Health public physician index,yes,department,(843) 777-7000,practice,"https://data.cms.gov/provider-data/api/1/datastore/query/mj5m-pzi6/0 (CMS Doctors and Clinicians National Downloadable File, PECOS Medicare enrollment; official_filing; released 2026-07-09)",https://www.linkedin.com/search/results/people/?keywords=David%20O.%20Atkinson%20anesthesiology,NEW PERSON (not in round-1 NPI roster; found via McLeod rung-3 index),EMORY UNIVERSITY SCHOOL OF MEDICINE,"https://data.cms.gov/provider-data/api/1/datastore/query/mj5m-pzi6/0 (CMS Doctors and Clinicians National Downloadable File, PECOS Medicare enrollment; official_filing; released 2026-07-09)",2001,"https://data.cms.gov/provider-data/api/1/datastore/query/mj5m-pzi6/0 (CMS Doctors and Clinicians National Downloadable File, PECOS Medicare enrollment; official_filing; released 2026-07-09)",ANESTHESIOLOGY,,MCLEOD PHYSICIAN ASSOCIATES II,"https://data.cms.gov/provider-data/api/1/datastore/query/mj5m-pzi6/0 (CMS Doctors and Clinicians National Downloadable File, PECOS Medicare enrollment; official_filing; released 2026-07-09)",FILLED_medical_school+grad_year (CMS official filing),npi_resolved_via_CMS_DAC_full_forename+specialty+employer_lock,,,,,"EMAIL WITHHELD: mcleodhealth.org runs TWO live formats concurrently — 3 name-confirmed first.last (Maureen.finger@, maggie.jackson@, logan.doriety@) vs 2 name-confirmed flast (rserrano@ Raquel Serrano, dsawyer@ Davis Sawyer) + 4 further flast-shaped (aploeg@, cpernell@, hburgin@, jcauble@); 9 personal addresses observed, ~67% flast. No propagable pattern. Employment also contested: mcLeod_physician_associates=false (contracted group) vs CMS PECOS employer_group. Checked 9 of 9 observed personal addresses.",mcleodhealth.org,WITHHELD_mixed_format+employment_contested,,
Derek Horstemeyer,"https://npiregistry.cms.hhs.gov/api/ (NPI registry, taxonomy_description=Anesthesiology|Pediatric Anesthesiology, postal_code=283*|284*|290*|294*|295*)",Anesthesiology,"https://npiregistry.cms.hhs.gov/api/ (NPI registry, taxonomy_description=Anesthesiology|Pediatric Anesthesiology, postal_code=283*|284*|290*|294*|295*)",Grand Strand Medical Center (HCA),"https://npiregistry.cms.hhs.gov/api/ (NPI registry, taxonomy_description=Anesthesiology|Pediatric Anesthesiology, postal_code=283*|284*|290*|294*|295*)",mygrandstrandhealth.com,"https://npiregistry.cms.hhs.gov/api/ (NPI registry, taxonomy_description=Anesthesiology|Pediatric Anesthesiology, postal_code=283*|284*|290*|294*|295*)",,,843-692-1000,"https://npiregistry.cms.hhs.gov/api/ (NPI registry, taxonomy_description=Anesthesiology|Pediatric Anesthesiology, postal_code=283*|284*|290*|294*|295*)",,,https://npiregistry.cms.hhs.gov/provider-view/1225018849,"https://npiregistry.cms.hhs.gov/api/ (NPI registry, taxonomy_description=Anesthesiology|Pediatric Anesthesiology, postal_code=283*|284*|290*|294*|295*)",corroborated,3,"https://npiregistry.cms.hhs.gov/api/ (NPI registry, taxonomy_description=Anesthesiology|Pediatric Anesthesiology, postal_code=283*|284*|290*|294*|295*) | https://www.mygrandstrandhealth.com/physicians/profile/Dr-Derek-L-Horstemeyer-MD | OpenAlex + ORCID public APIs",1225018849,MD,MYRTLE BEACH,SC,295724607,Myrtle Beach,1.4,214.8,closer to Myrtle Beach (1.4 mi) than Greenville (214.8 mi); geo=city_centroid,"Anesthesiology; Anesthesiology, Pain Medicine",false,NONE_FOUND,"Profile title confirms 'Derek L Horstemeyer, MD | Anesthesiology | Grand Strand Health'; training block is client-rendered so peds could be neither confirmed nor ruled out — https://www.mygrandstrandhealth.com/physicians/profile/Dr-Derek-L-Horstemeyer-MD || OpenAlex returned 0 works, 3 surname-matching author profiles and 0 ORCID name hits for 'Derek Horstemeyer', but none combined an anesthesiology/pain affiliation with pediatric content, and none could be tied to the Carolinas — https://api.openalex.org/works?filter=raw_author_name.search:Derek%20Horstemeyer || All apparent pediatric hits for this name were rejected as same-name collisions in unrelated fields || NONE_FOUND means nothing was found in open scholarly sources — it is NOT evidence that this provider lacks pediatric experience",,,,https://www.mygrandstrandhealth.com/physicians/profile/Dr-Derek-L-Horstemeyer-MD,yes,practice,(843) 692-1061,department,"https://www.mygrandstrandhealth.com/ (embedded physicianData JSON in profile server HTML — rung 3, no browser) providerLocations[Man In The Box Anesthesia]",https://www.linkedin.com/search/results/people/?keywords=Derek%20Horstemeyer%20anesthesiology,department_phone+hcaEmployee=False -> hcahealthcare.com pattern email WITHHELD,VANDERBILT UNIVERSITY SCHOOL OF MEDICINE,"https://data.cms.gov/provider-data/api/1/datastore/query/mj5m-pzi6/0 (CMS Doctors and Clinicians National Downloadable File, PECOS Medicare enrollment; official_filing; released 2026-07-09)",1988,"https://data.cms.gov/provider-data/api/1/datastore/query/mj5m-pzi6/0 (CMS Doctors and Clinicians National Downloadable File, PECOS Medicare enrollment; official_filing; released 2026-07-09)",ANESTHESIOLOGY,PAIN MANAGEMENT,ATLANTIC COAST ANESTHESIA SERVICES PC | MUSC COMMUNITY PHYSICIANS,"https://data.cms.gov/provider-data/api/1/datastore/query/mj5m-pzi6/0 (CMS Doctors and Clinicians National Downloadable File, PECOS Medicare enrollment; official_filing; released 2026-07-09)",FILLED_medical_school+grad_year (CMS official filing),training_block_filled_from_CMS_DAC,,,,,"EMAIL WITHHELD: Jon.Halling@hcahealthcare.com is first-party published (first.last) but Grand Strand anesthesia is contracted (TeamHealth; hcaEmployee=false, round 2). Directory payload re-checked this round: no email field, no employment flag exposed. Contractor -> different mail domain.",hcahealthcare.com,"WITHHELD_contractor (hcaEmployee=false, round 2)",,
Derek J Shirey,"https://data.cms.gov/provider-data/api/1/datastore/query/mj5m-pzi6/0 (CMS Doctors and Clinicians National Downloadable File, PECOS Medicare enrollment; official_filing; released 2026-07-09)",ANESTHESIOLOGY,"https://data.cms.gov/provider-data/api/1/datastore/query/mj5m-pzi6/0 (CMS Doctors and Clinicians National Downloadable File, PECOS Medicare enrollment; official_filing; released 2026-07-09)",MEDSTREAM ANESTHESIA PLLC,"https://data.cms.gov/provider-data/api/1/datastore/query/mj5m-pzi6/0 (CMS Doctors and Clinicians National Downloadable File, PECOS Medicare enrollment; official_filing; released 2026-07-09)",,,,,(843) 527-7100,"https://data.cms.gov/provider-data/api/1/datastore/query/mj5m-pzi6/0 (CMS Doctors and Clinicians National Downloadable File, PECOS Medicare enrollment; official_filing; released 2026-07-09)",,,https://npiregistry.cms.hhs.gov/provider-view/1467913608,"https://data.cms.gov/provider-data/api/1/datastore/query/mj5m-pzi6/0 (CMS Doctors and Clinicians National Downloadable File, PECOS Medicare enrollment; official_filing; released 2026-07-09)",single_source,1,"https://data.cms.gov/provider-data/api/1/datastore/query/mj5m-pzi6/0 (CMS Doctors and Clinicians National Downloadable File, PECOS Medicare enrollment; official_filing; released 2026-07-09)",1467913608,DO,GEORGETOWN,SC,294403304,Myrtle Beach,31.5,204.5,"practice address GEORGETOWN, SC — postal 294 in ring; 31.5 mi from Myrtle Beach centroid vs 204.5 mi Greenville; geo=city_centroid",ANESTHESIOLOGY,false,NONE_FOUND,"NONE_FOUND = UNPUBLISHABLE in this source. The CMS DAC specialty vocabulary contains no ""Pediatric Anesthesiology"" value at all (measured: pri_spec values containing ""PEDIATRIC"" are only ""PEDIATRIC MEDICINE""; sec_spec values containing ""ANESTH"" are only ANESTHESIOLOGY / ANESTHESIOLOGY,HOSPICE-PALLIATIVE CARE / ANESTHESIOLOGY,INTERVENTIONAL PAIN MANAGEMENT). So this official filing cannot express the subspecialty; absence here is not evidence the person lacks it. || NONE_FOUND = CHECKED-AND-ABSENT on Healthgrades. Control test: the Healthgrades education schema does carry typeCode RESIDE/FELLOW (proved on dr-edward-gologorsky-2fywb, same Georgetown result set, which returns a 1994 UPMC Fellowship). Healthgrades simply holds no residency/fellowship row for this person. Independently, an NPI-taxonomy sweep for Pediatric Anesthesiology 207LP2900X across Georgetown/Myrtle Beach/Conway/Murrells Inlet/Pawleys Island SC returned result_count 0 in all five.",,,,official_filing (CMS PECOS Medicare enrollment),yes,department,,,,https://www.linkedin.com/search/results/people/?keywords=Derek%20J%20Shirey%20anesthesiology,,"LAKE ERIE COLLEGE OF OSTEOPATHIC MEDICINE, ERIE","https://data.cms.gov/provider-data/api/1/datastore/query/mj5m-pzi6/0 (CMS Doctors and Clinicians National Downloadable File, PECOS Medicare enrollment; official_filing; released 2026-07-09)",2019,"https://data.cms.gov/provider-data/api/1/datastore/query/mj5m-pzi6/0 (CMS Doctors and Clinicians National Downloadable File, PECOS Medicare enrollment; official_filing; released 2026-07-09)",ANESTHESIOLOGY,,MEDSTREAM ANESTHESIA PLLC | TIDELANDS ANESTHESIA GROUP LLC,"https://data.cms.gov/provider-data/api/1/datastore/query/mj5m-pzi6/0 (CMS Doctors and Clinicians National Downloadable File, PECOS Medicare enrollment; official_filing; released 2026-07-09)",FILLED_medical_school+grad_year (CMS official filing),NEW_PERSON_round3 (CMS DAC anesthesiology enumeration; absent from round-2 roster),Anesthesiology (American Board of Anesthesiology),https://www.healthgrades.com/physician/dr-derek-shirey-0gz6wsp632,https://www.healthgrades.com/physician/dr-derek-shirey-0gz6wsp632,"NONE_FOUND = CHECKED-AND-ABSENT on Healthgrades. Control test: the Healthgrades education schema does carry typeCode RESIDE/FELLOW (proved on dr-edward-gologorsky-2fywb, same Georgetown result set, which returns a 1994 UPMC Fellowship). Healthgrades simply holds no residency/fellowship row for this person. Independently, an NPI-taxonomy sweep for Pediatric Anesthesiology 207LP2900X across Georgetown/Myrtle Beach/Conway/Murrells Inlet/Pawleys Island SC returned result_count 0 in all five.",EMAIL WITHHELD: no address observed on MEDSTREAM ANESTHESIA PLLC's mail domain; domain itself not discoverable under clamp A (no search engine available; DNS-probed candidate hostnames all NXDOMAIN or parked).,,NOT_UNLOCKED_domain_undiscoverable,,
Desiree Aird,"https://www.mygrandstrandhealth.com/ (all 299 profiles from physicians.xml fetched; physicianData JSON parsed from each — rung 3, no browser)",Anesthesiology,"https://www.mygrandstrandhealth.com/ (all 299 profiles from physicians.xml fetched; physicianData JSON parsed from each — rung 3, no browser)",Grand Strand Medical Center (HCA) — Teamhealth Anesthesia,"https://www.mygrandstrandhealth.com/ (all 299 profiles from physicians.xml fetched; physicianData JSON parsed from each — rung 3, no browser)",mygrandstrandhealth.com,"https://www.mygrandstrandhealth.com/ (all 299 profiles from physicians.xml fetched; physicianData JSON parsed from each — rung 3, no browser)",,,(843) 692-1062,"https://www.mygrandstrandhealth.com/ (all 299 profiles from physicians.xml fetched; physicianData JSON parsed from each — rung 3, no browser) providerLocations",,,https://www.mygrandstrandhealth.com/physicians/profile/Dr-Desiree-Aird-MD,"https://www.mygrandstrandhealth.com/ (all 299 profiles from physicians.xml fetched; physicianData JSON parsed from each — rung 3, no browser)",single_source,1,"https://www.mygrandstrandhealth.com/ (all 299 profiles from physicians.xml fetched; physicianData JSON parsed from each — rung 3, no browser)",1528471406,MD,MYRTLE BEACH,SC,29572,Myrtle Beach,1.4,,"practice address Myrtle Beach, SC — 1.4 mi from Myrtle Beach centroid",,unknown (NPI record not re-fetched this run),NONE_FOUND,Grand Strand physicianData lists providerSpecialties=[Anesthesiology] only; credentialsAndAccreditations empty/no pediatric fellowship — https://www.mygrandstrandhealth.com/physicians/profile/Dr-Desiree-Aird-MD,,,,Grand Strand Medical Center public physician directory,yes,department,(843) 692-1000,practice,"https://data.cms.gov/provider-data/api/1/datastore/query/mj5m-pzi6/0 (CMS Doctors and Clinicians National Downloadable File, PECOS Medicare enrollment; official_filing; released 2026-07-09)",https://www.linkedin.com/search/results/people/?keywords=Desiree%20Aird%20anesthesiology,NEW PERSON (Grand Strand 299-profile physicianData sweep),OTHER,"https://data.cms.gov/provider-data/api/1/datastore/query/mj5m-pzi6/0 (CMS Doctors and Clinicians National Downloadable File, PECOS Medicare enrollment; official_filing; released 2026-07-09)",2014,"https://data.cms.gov/provider-data/api/1/datastore/query/mj5m-pzi6/0 (CMS Doctors and Clinicians National Downloadable File, PECOS Medicare enrollment; official_filing; released 2026-07-09)",ANESTHESIOLOGY,,ATLANTIC COAST ANESTHESIA SERVICES PC | PRISMA HEALTH UNIVERSITY MEDICAL GROUP,"https://data.cms.gov/provider-data/api/1/datastore/query/mj5m-pzi6/0 (CMS Doctors and Clinicians National Downloadable File, PECOS Medicare enrollment; official_filing; released 2026-07-09)","PARTIAL_grad_year_only (CMS reports med_sch=""OTHER"" — school not on the CMS pick-list, typically international)",training_block_filled_from_CMS_DAC,,,,,"EMAIL WITHHELD: Jon.Halling@hcahealthcare.com is first-party published (first.last) but Grand Strand anesthesia is contracted (TeamHealth; hcaEmployee=false, round 2). Directory payload re-checked this round: no email field, no employment flag exposed. Contractor -> different mail domain.",hcahealthcare.com,"WITHHELD_contractor (hcaEmployee=false, round 2)",,
Donna Turner,"https://npiregistry.cms.hhs.gov/api/ (NPI registry, taxonomy_description=Anesthesiology|Pediatric Anesthesiology, postal_code=283*|284*|290*|294*|295*)",Anesthesiology,"https://npiregistry.cms.hhs.gov/api/ (NPI registry, taxonomy_description=Anesthesiology|Pediatric Anesthesiology, postal_code=283*|284*|290*|294*|295*)",ATLANTIC COAST ANESTHESIA SERVICES PC,"https://data.cms.gov/provider-data/api/1/datastore/query/mj5m-pzi6/0 (CMS Doctors and Clinicians National Downloadable File, PECOS Medicare enrollment; official_filing; released 2026-07-09)",,,,,843-692-1000,"https://npiregistry.cms.hhs.gov/api/ (NPI registry, taxonomy_description=Anesthesiology|Pediatric Anesthesiology, postal_code=283*|284*|290*|294*|295*)",,,https://npiregistry.cms.hhs.gov/provider-view/1679710685,"https://npiregistry.cms.hhs.gov/api/ (NPI registry, taxonomy_description=Anesthesiology|Pediatric Anesthesiology, postal_code=283*|284*|290*|294*|295*)",corroborated,2,"https://npiregistry.cms.hhs.gov/api/ (NPI registry, taxonomy_description=Anesthesiology|Pediatric Anesthesiology, postal_code=283*|284*|290*|294*|295*) | OpenAlex + ORCID public APIs",1679710685,CRNA,MYRTLE BEACH,SC,295724607,Myrtle Beach,1.4,214.8,closer to Myrtle Beach (1.4 mi) than Greenville (214.8 mi); geo=city_centroid,Anesthesiology,false,NONE_FOUND,"OpenAlex returned 50 works, 6 surname-matching author profiles and 3 ORCID name hits for 'Donna Turner', but none combined an anesthesiology/pain affiliation with pediatric content, and none could be tied to the Carolinas — https://api.openalex.org/works?filter=raw_author_name.search:Donna%20Turner || All apparent pediatric hits for this name were rejected as same-name collisions in unrelated fields || NONE_FOUND means nothing was found in open scholarly sources — it is NOT evidence that this provider lacks pediatric experience",,,,,yes,practice,(843) 652-1000,practice,"https://data.cms.gov/provider-data/api/1/datastore/query/mj5m-pzi6/0 (CMS Doctors and Clinicians National Downloadable File, PECOS Medicare enrollment; official_filing; released 2026-07-09)",https://www.linkedin.com/search/results/people/?keywords=Donna%20Turner%20anesthesiology,,OTHER,"https://data.cms.gov/provider-data/api/1/datastore/query/mj5m-pzi6/0 (CMS Doctors and Clinicians National Downloadable File, PECOS Medicare enrollment; official_filing; released 2026-07-09)",2008,"https://data.cms.gov/provider-data/api/1/datastore/query/mj5m-pzi6/0 (CMS Doctors and Clinicians National Downloadable File, PECOS Medicare enrollment; official_filing; released 2026-07-09)",CERTIFIED REGISTERED NURSE ANESTHETIST (CRNA),,ATLANTIC COAST ANESTHESIA SERVICES PC | MEDSTREAM ANESTHESIA PLLC | TIDELANDS ANESTHESIA GROUP LLC,"https://data.cms.gov/provider-data/api/1/datastore/query/mj5m-pzi6/0 (CMS Doctors and Clinicians National Downloadable File, PECOS Medicare enrollment; official_filing; released 2026-07-09)","PARTIAL_grad_year_only (CMS reports med_sch=""OTHER"" — school not on the CMS pick-list, typically international)",training_block_filled_from_CMS_DAC,,,,"NONE_FOUND = UNPUBLISHABLE. tidelandshealth.org publishes no training block for any of its 12 anesthesiologists and 403s to curl; ABA has no public diplomate lookup; ABMS certificationmatters 403s to curl and WebFetch (blocked, not absent); ASA and SPA publish no public roster; Healthgrades has no page for this person at all.",EMAIL WITHHELD: no address observed on ATLANTIC COAST ANESTHESIA SERVICES PC's mail domain; domain itself not discoverable under clamp A (no search engine available; DNS-probed candidate hostnames all NXDOMAIN or parked).,,NOT_UNLOCKED_domain_undiscoverable,,
Dwayne Livigni,"https://npiregistry.cms.hhs.gov/api/ (NPI registry, taxonomy_description=Anesthesiology|Pediatric Anesthesiology, postal_code=283*|284*|290*|294*|295*)",Anesthesiology,"https://npiregistry.cms.hhs.gov/api/ (NPI registry, taxonomy_description=Anesthesiology|Pediatric Anesthesiology, postal_code=283*|284*|290*|294*|295*)",Grand Strand Medical Center (HCA),"https://npiregistry.cms.hhs.gov/api/ (NPI registry, taxonomy_description=Anesthesiology|Pediatric Anesthesiology, postal_code=283*|284*|290*|294*|295*)",mygrandstrandhealth.com,"https://npiregistry.cms.hhs.gov/api/ (NPI registry, taxonomy_description=Anesthesiology|Pediatric Anesthesiology, postal_code=283*|284*|290*|294*|295*)",,,843-661-6215,"https://npiregistry.cms.hhs.gov/api/ (NPI registry, taxonomy_description=Anesthesiology|Pediatric Anesthesiology, postal_code=283*|284*|290*|294*|295*)",,,https://npiregistry.cms.hhs.gov/provider-view/1982655262,"https://npiregistry.cms.hhs.gov/api/ (NPI registry, taxonomy_description=Anesthesiology|Pediatric Anesthesiology, postal_code=283*|284*|290*|294*|295*)",corroborated,3,"https://npiregistry.cms.hhs.gov/api/ (NPI registry, taxonomy_description=Anesthesiology|Pediatric Anesthesiology, postal_code=283*|284*|290*|294*|295*) | https://www.mygrandstrandhealth.com/physicians/profile/Dr-Dwayne-LiVigni-DO | OpenAlex + ORCID public APIs",1982655262,DO,MULLINS,SC,295746035,Myrtle Beach,40.8,184.3,closer to Myrtle Beach (40.8 mi) than Greenville (184.3 mi); geo=city_centroid,Anesthesiology; Anesthesiology,false,NONE_FOUND,"Profile title confirms 'Dwayne LiVigni, DO | Anesthesiology | Grand Strand Health'; training block client-rendered, no peds text in served HTML — https://www.mygrandstrandhealth.com/physicians/profile/Dr-Dwayne-LiVigni-DO || OpenAlex works query filter=raw_author_name.search:Dwayne Livigni returned 0 results — https://api.openalex.org/works?filter=raw_author_name.search:Dwayne%20Livigni || OpenAlex authors search and ORCID expanded-search for this name returned no surname-matching profile — https://pub.orcid.org/v3.0/expanded-search/?q=given-names:Dwayne+AND+family-name:Livigni || NONE_FOUND means no scholarly record was located at all — it is NOT evidence that this provider lacks pediatric experience",,,,https://www.mygrandstrandhealth.com/physicians/profile/Dr-Dwayne-LiVigni-DO,yes,practice,(843) 692-1062,department,"https://www.mygrandstrandhealth.com/ (embedded physicianData JSON in profile server HTML — rung 3, no browser) providerLocations[Teamhealth Anesthesia]",https://www.linkedin.com/search/results/people/?keywords=Dwayne%20Livigni%20anesthesiology,department_phone+hcaEmployee=False -> hcahealthcare.com pattern email WITHHELD,,,,,,,,,NOT_IN_CMS_DAC (no Medicare enrollment record matched this NPI),,,,,,"EMAIL WITHHELD: Jon.Halling@hcahealthcare.com is first-party published (first.last) but Grand Strand anesthesia is contracted (TeamHealth; hcaEmployee=false, round 2). Directory payload re-checked this round: no email field, no employment flag exposed. Contractor -> different mail domain.",hcahealthcare.com,"WITHHELD_contractor (hcaEmployee=false, round 2)",,
E J Collins,"https://npiregistry.cms.hhs.gov/api/ (NPI registry, taxonomy_description=Anesthesiology|Pediatric Anesthesiology, postal_code=283*|284*|290*|294*|295*)",Anesthesiology,"https://npiregistry.cms.hhs.gov/api/ (NPI registry, taxonomy_description=Anesthesiology|Pediatric Anesthesiology, postal_code=283*|284*|290*|294*|295*)",,,,,,,843-692-1595,"https://npiregistry.cms.hhs.gov/api/ (NPI registry, taxonomy_description=Anesthesiology|Pediatric Anesthesiology, postal_code=283*|284*|290*|294*|295*)",,,https://npiregistry.cms.hhs.gov/provider-view/1124026240,"https://npiregistry.cms.hhs.gov/api/ (NPI registry, taxonomy_description=Anesthesiology|Pediatric Anesthesiology, postal_code=283*|284*|290*|294*|295*)",corroborated,2,"https://npiregistry.cms.hhs.gov/api/ (NPI registry, taxonomy_description=Anesthesiology|Pediatric Anesthesiology, postal_code=283*|284*|290*|294*|295*) | OpenAlex + ORCID public APIs",1124026240,MD,MYRTLE BEACH,SC,295724607,Myrtle Beach,1.4,214.8,closer to Myrtle Beach (1.4 mi) than Greenville (214.8 mi); geo=city_centroid,"Nurse Anesthetist, Certified Registered; Anesthesiology; Nurse Anesthetist, Certified Registered",false,NONE_FOUND,"OpenAlex returned 0 works, 0 surname-matching author profiles and 3 ORCID name hits for 'E J Collins', but none combined an anesthesiology/pain affiliation with pediatric content, and none could be tied to the Carolinas — https://api.openalex.org/works?filter=raw_author_name.search:E%20J%20Collins || All apparent pediatric hits for this name were rejected as same-name collisions in unrelated fields || NONE_FOUND means nothing was found in open scholarly sources — it is NOT evidence that this provider lacks pediatric experience",,,,,yes,practice,,,,https://www.linkedin.com/search/results/people/?keywords=E%20J%20Collins%20anesthesiology,,,,,,,,,,DAC_NAME_MISMATCH_rejected (e vs ej),,,,,,"EMAIL WITHHELD: no employer of record, so no domain to unlock.",,NO_EMPLOYER_ON_RECORD,,
Edward Marion Tavel,"https://data.cms.gov/provider-data/api/1/datastore/query/mj5m-pzi6/0 (CMS Doctors and Clinicians National Downloadable File, PECOS Medicare enrollment; official_filing; released 2026-07-09)",ANESTHESIOLOGY,"https://data.cms.gov/provider-data/api/1/datastore/query/mj5m-pzi6/0 (CMS Doctors and Clinicians National Downloadable File, PECOS Medicare enrollment; official_filing; released 2026-07-09)",PAIN SPECIALISTS OF CHARLESTON,"https://data.cms.gov/provider-data/api/1/datastore/query/mj5m-pzi6/0 (CMS Doctors and Clinicians National Downloadable File, PECOS Medicare enrollment; official_filing; released 2026-07-09)",,,,,(843) 818-1181,"https://data.cms.gov/provider-data/api/1/datastore/query/mj5m-pzi6/0 (CMS Doctors and Clinicians National Downloadable File, PECOS Medicare enrollment; official_filing; released 2026-07-09)",,,https://npiregistry.cms.hhs.gov/provider-view/1508833468,"https://data.cms.gov/provider-data/api/1/datastore/query/mj5m-pzi6/0 (CMS Doctors and Clinicians National Downloadable File, PECOS Medicare enrollment; official_filing; released 2026-07-09)",single_source,1,"https://data.cms.gov/provider-data/api/1/datastore/query/mj5m-pzi6/0 (CMS Doctors and Clinicians National Downloadable File, PECOS Medicare enrollment; official_filing; released 2026-07-09)",1508833468,MD,PAWLEYS ISLAND,SC,295855000,Myrtle Beach,22.3,211.4,"practice address PAWLEYS ISLAND, SC — postal 295 in ring; 22.3 mi from Myrtle Beach centroid vs 211.4 mi Greenville; geo=city_centroid",ANESTHESIOLOGY,false,NONE_FOUND,"NONE_FOUND = UNPUBLISHABLE in this source. The CMS DAC specialty vocabulary contains no ""Pediatric Anesthesiology"" value at all (measured: pri_spec values containing ""PEDIATRIC"" are only ""PEDIATRIC MEDICINE""; sec_spec values containing ""ANESTH"" are only ANESTHESIOLOGY / ANESTHESIOLOGY,HOSPICE-PALLIATIVE CARE / ANESTHESIOLOGY,INTERVENTIONAL PAIN MANAGEMENT). So this official filing cannot express the subspecialty; absence here is not evidence the person lacks it.",,,,official_filing (CMS PECOS Medicare enrollment),yes,practice,,,,https://www.linkedin.com/search/results/people/?keywords=Edward%20Marion%20Tavel%20anesthesiology,,MEDICAL UNIVERSITY OF SOUTH CAROLINA COLLEGE OF MEDICINE,"https://data.cms.gov/provider-data/api/1/datastore/query/mj5m-pzi6/0 (CMS Doctors and Clinicians National Downloadable File, PECOS Medicare enrollment; official_filing; released 2026-07-09)",1989,"https://data.cms.gov/provider-data/api/1/datastore/query/mj5m-pzi6/0 (CMS Doctors and Clinicians National Downloadable File, PECOS Medicare enrollment; official_filing; released 2026-07-09)",ANESTHESIOLOGY,INTERVENTIONAL PAIN MANAGEMENT,PAIN SPECIALISTS OF CHARLESTON,"https://data.cms.gov/provider-data/api/1/datastore/query/mj5m-pzi6/0 (CMS Doctors and Clinicians National Downloadable File, PECOS Medicare enrollment; official_filing; released 2026-07-09)",FILLED_medical_school+grad_year (CMS official filing),NEW_PERSON_round3 (CMS DAC anesthesiology enumeration; absent from round-2 roster),,,,,EMAIL WITHHELD: no address observed on PAIN SPECIALISTS OF CHARLESTON's mail domain; domain itself not discoverable under clamp A (no search engine available; DNS-probed candidate hostnames all NXDOMAIN or parked).,,NOT_UNLOCKED_domain_undiscoverable,,
Edward Wallace,"https://npiregistry.cms.hhs.gov/api/ (NPI registry, taxonomy_description=Anesthesiology|Pediatric Anesthesiology, postal_code=283*|284*|290*|294*|295*)",Anesthesiology,"https://npiregistry.cms.hhs.gov/api/ (NPI registry, taxonomy_description=Anesthesiology|Pediatric Anesthesiology, postal_code=283*|284*|290*|294*|295*)",McLeod Health — McLeod Anesthesia – MRMC,"https://www.mcleodhealth.org/ (public Algolia index live_physicians, app JUNR3SUCF2 — rung 3, no browser)",mcleodhealth.org,"https://www.mcleodhealth.org/ (public Algolia index live_physicians, app JUNR3SUCF2 — rung 3, no browser)",,,843-669-5162,"https://npiregistry.cms.hhs.gov/api/ (NPI registry, taxonomy_description=Anesthesiology|Pediatric Anesthesiology, postal_code=283*|284*|290*|294*|295*)",,,https://npiregistry.cms.hhs.gov/provider-view/1255486452,"https://npiregistry.cms.hhs.gov/api/ (NPI registry, taxonomy_description=Anesthesiology|Pediatric Anesthesiology, postal_code=283*|284*|290*|294*|295*)",corroborated,2,"https://npiregistry.cms.hhs.gov/api/ (NPI registry, taxonomy_description=Anesthesiology|Pediatric Anesthesiology, postal_code=283*|284*|290*|294*|295*) | OpenAlex + ORCID public APIs",1255486452,MD,CONWAY,SC,295269142,Myrtle Beach,13.3,203.2,closer to Myrtle Beach (13.3 mi) than Greenville (203.2 mi); geo=city_centroid,Anesthesiology,false,NONE_FOUND,"COLLISION REJECTED: OpenAlex A5108529580 lists Dana-Farber/Boston Children's Cancer and Blood Disorders Center (1988-1994) and Children's Village (1995-1998), but this profile's works are blood-banking/transfusion epidemiology (e.g. 'Blood collection and transfusion in the United States in 2001', NIH/NHLBI) — not an anesthesiologist and no Carolinas tie — https://openalex.org/W2123234586 || No anesthesiology-affiliated work found for an 'Edward Wallace' in the Carolinas",,,,,yes,practice,(843) 777-8752,department,"https://www.mcleodhealth.org/ (public Algolia index live_physicians, app JUNR3SUCF2 — rung 3, no browser)",https://www.linkedin.com/search/results/people/?keywords=Edward%20Wallace%20anesthesiology,org+department_phone,MEDICAL UNIVERSITY OF SOUTH CAROLINA COLLEGE OF MEDICINE,"https://data.cms.gov/provider-data/api/1/datastore/query/mj5m-pzi6/0 (CMS Doctors and Clinicians National Downloadable File, PECOS Medicare enrollment; official_filing; released 2026-07-09)",1984,"https://data.cms.gov/provider-data/api/1/datastore/query/mj5m-pzi6/0 (CMS Doctors and Clinicians National Downloadable File, PECOS Medicare enrollment; official_filing; released 2026-07-09)",ANESTHESIOLOGY,,MCLEOD PHYSICIAN ASSOCIATES II,"https://data.cms.gov/provider-data/api/1/datastore/query/mj5m-pzi6/0 (CMS Doctors and Clinicians National Downloadable File, PECOS Medicare enrollment; official_filing; released 2026-07-09)",FILLED_medical_school+grad_year (CMS official filing),training_block_filled_from_CMS_DAC,,,,,"EMAIL WITHHELD: mcleodhealth.org runs TWO live formats concurrently — 3 name-confirmed first.last (Maureen.finger@, maggie.jackson@, logan.doriety@) vs 2 name-confirmed flast (rserrano@ Raquel Serrano, dsawyer@ Davis Sawyer) + 4 further flast-shaped (aploeg@, cpernell@, hburgin@, jcauble@); 9 personal addresses observed, ~67% flast. No propagable pattern. Employment also contested: mcLeod_physician_associates=false (contracted group) vs CMS PECOS employer_group. Checked 9 of 9 observed personal addresses.",mcleodhealth.org,WITHHELD_mixed_format+employment_contested,,
Farayi Mbuvah,"https://npiregistry.cms.hhs.gov/api/ (NPI registry, taxonomy_description=Anesthesiology|Pediatric Anesthesiology, postal_code=283*|284*|290*|294*|295*)","Anesthesiology, Pain Medicine","https://npiregistry.cms.hhs.gov/api/ (NPI registry, taxonomy_description=Anesthesiology|Pediatric Anesthesiology, postal_code=283*|284*|290*|294*|295*)",Conway Medical Center,"https://npiregistry.cms.hhs.gov/api/ (NPI registry, taxonomy_description=Anesthesiology|Pediatric Anesthesiology, postal_code=283*|284*|290*|294*|295*)",conwaymedicalcenter.com,"https://npiregistry.cms.hhs.gov/api/ (NPI registry, taxonomy_description=Anesthesiology|Pediatric Anesthesiology, postal_code=283*|284*|290*|294*|295*)",farayi.mbuvah@cmc-sc.com,"leadkit emails --domain cmc-sc.com : pattern first.last, pattern_confirmed from 2 published addresses (sandy.moore@cmc-sc.com https://www.conwaymedicalcenter.com/contact-us/ ; Sydney.Causey@cmc-sc.com https://www.conwaymedicalcenter.com/careers/)",843-839-4598,"https://npiregistry.cms.hhs.gov/api/ (NPI registry, taxonomy_description=Anesthesiology|Pediatric Anesthesiology, postal_code=283*|284*|290*|294*|295*)",,,https://npiregistry.cms.hhs.gov/provider-view/1306198841,"https://npiregistry.cms.hhs.gov/api/ (NPI registry, taxonomy_description=Anesthesiology|Pediatric Anesthesiology, postal_code=283*|284*|290*|294*|295*)",corroborated,4,"https://npiregistry.cms.hhs.gov/api/ (NPI registry, taxonomy_description=Anesthesiology|Pediatric Anesthesiology, postal_code=283*|284*|290*|294*|295*) | https://www.conwaymedicalcenter.com/providers/farayi-mbuvah-md/ | leadkit emails --domain cmc-sc.com : pattern first.last, pattern_confirmed from 2 published addresses (sandy.moore@cmc-sc.com https://www.conwaymedicalcenter.com/contact-us/ ; Sydney.Causey@cmc-sc.com https://www.conwaymedicalcenter.com/careers/) | OpenAlex + ORCID public APIs",1306198841,MD,MYRTLE BEACH,SC,295724653,Myrtle Beach,1.4,214.8,closer to Myrtle Beach (1.4 mi) than Greenville (214.8 mi); geo=city_centroid,"Anesthesiology, Pain Medicine",false,NONE_FOUND,"Univ of Zimbabwe Godfrey Huggins SoM; internship Fairview Hospital/Cleveland Clinic; residency Henry Ford Hospital Anesthesiology; fellowship Henry Ford Pain Medicine; societies ASA, ASRA — no pediatric society or children's hospital — https://www.conwaymedicalcenter.com/providers/farayi-mbuvah-md/ || OpenAlex works query filter=raw_author_name.search:Farayi Mbuvah returned 0 results — https://api.openalex.org/works?filter=raw_author_name.search:Farayi%20Mbuvah || OpenAlex authors search and ORCID expanded-search for this name returned no surname-matching profile — https://pub.orcid.org/v3.0/expanded-search/?q=given-names:Farayi+AND+family-name:Mbuvah || NONE_FOUND means no scholarly record was located at all — it is NOT evidence that this provider lacks pediatric experience",pattern_confirmed,pattern_inferred,"leadkit emails --domain cmc-sc.com : pattern first.last, pattern_confirmed from 2 published addresses (sandy.moore@cmc-sc.com https://www.conwaymedicalcenter.com/contact-us/ ; Sydney.Causey@cmc-sc.com https://www.conwaymedicalcenter.com/careers/)",https://www.conwaymedicalcenter.com/providers/farayi-mbuvah-md/,yes,practice,843-839-4598,department,"https://www.conwaymedicalcenter.com/providers/farayi-mbuvah-md/ (Pain Management clinic line, 811 82nd Parkway Suite B, Myrtle Beach SC 29572 — his own service line, not the 843-347-7111 CMC switchboard)",https://www.linkedin.com/search/results/people/?keywords=Farayi%20Mbuvah%20anesthesiology,department_phone,OTHER,"https://data.cms.gov/provider-data/api/1/datastore/query/mj5m-pzi6/0 (CMS Doctors and Clinicians National Downloadable File, PECOS Medicare enrollment; official_filing; released 2026-07-09)",2003,"https://data.cms.gov/provider-data/api/1/datastore/query/mj5m-pzi6/0 (CMS Doctors and Clinicians National Downloadable File, PECOS Medicare enrollment; official_filing; released 2026-07-09)",PAIN MANAGEMENT,,CONWAY HOSPITAL INC,"https://data.cms.gov/provider-data/api/1/datastore/query/mj5m-pzi6/0 (CMS Doctors and Clinicians National Downloadable File, PECOS Medicare enrollment; official_filing; released 2026-07-09)","PARTIAL_grad_year_only (CMS reports med_sch=""OTHER"" — school not on the CMS pick-list, typically international)",training_block_filled_from_CMS_DAC,,,,,EMAIL WITHHELD: no address observed on CONWAY HOSPITAL INC's mail domain; domain itself not discoverable under clamp A (no search engine available; DNS-probed candidate hostnames all NXDOMAIN or parked).,,NOT_UNLOCKED_domain_undiscoverable,,
Felicia Cain,"https://data.cms.gov/provider-data/api/1/datastore/query/mj5m-pzi6/0 (CMS Doctors and Clinicians National Downloadable File, PECOS Medicare enrollment; official_filing; released 2026-07-09)",ANESTHESIOLOGY,"https://data.cms.gov/provider-data/api/1/datastore/query/mj5m-pzi6/0 (CMS Doctors and Clinicians National Downloadable File, PECOS Medicare enrollment; official_filing; released 2026-07-09)",TIDELANDS ANESTHESIA GROUP LLC,"https://data.cms.gov/provider-data/api/1/datastore/query/mj5m-pzi6/0 (CMS Doctors and Clinicians National Downloadable File, PECOS Medicare enrollment; official_filing; released 2026-07-09)",,,,,(843) 527-7100,"https://data.cms.gov/provider-data/api/1/datastore/query/mj5m-pzi6/0 (CMS Doctors and Clinicians National Downloadable File, PECOS Medicare enrollment; official_filing; released 2026-07-09)",,,https://npiregistry.cms.hhs.gov/provider-view/1619957305,"https://data.cms.gov/provider-data/api/1/datastore/query/mj5m-pzi6/0 (CMS Doctors and Clinicians National Downloadable File, PECOS Medicare enrollment; official_filing; released 2026-07-09)",single_source,1,"https://data.cms.gov/provider-data/api/1/datastore/query/mj5m-pzi6/0 (CMS Doctors and Clinicians National Downloadable File, PECOS Medicare enrollment; official_filing; released 2026-07-09)",1619957305,MD,GEORGETOWN,SC,294403304,Myrtle Beach,31.5,204.5,"practice address GEORGETOWN, SC — postal 294 in ring; 31.5 mi from Myrtle Beach centroid vs 204.5 mi Greenville; geo=city_centroid",ANESTHESIOLOGY,false,NONE_FOUND,"NONE_FOUND = UNPUBLISHABLE in this source. The CMS DAC specialty vocabulary contains no ""Pediatric Anesthesiology"" value at all (measured: pri_spec values containing ""PEDIATRIC"" are only ""PEDIATRIC MEDICINE""; sec_spec values containing ""ANESTH"" are only ANESTHESIOLOGY / ANESTHESIOLOGY,HOSPICE-PALLIATIVE CARE / ANESTHESIOLOGY,INTERVENTIONAL PAIN MANAGEMENT). So this official filing cannot express the subspecialty; absence here is not evidence the person lacks it. || NONE_FOUND = UNPUBLISHABLE. tidelandshealth.org publishes no training block for any of its 12 anesthesiologists and 403s to curl; ABA has no public diplomate lookup; ABMS certificationmatters 403s to curl and WebFetch (blocked, not absent); ASA and SPA publish no public roster; Healthgrades has no page for this person at all.",,,,official_filing (CMS PECOS Medicare enrollment),yes,department,,,,https://www.linkedin.com/search/results/people/?keywords=Felicia%20Cain%20anesthesiology,,WEST VIRGINIA UNIVERSITY SCHOOL OF MEDICINE,"https://data.cms.gov/provider-data/api/1/datastore/query/mj5m-pzi6/0 (CMS Doctors and Clinicians National Downloadable File, PECOS Medicare enrollment; official_filing; released 2026-07-09)",1987,"https://data.cms.gov/provider-data/api/1/datastore/query/mj5m-pzi6/0 (CMS Doctors and Clinicians National Downloadable File, PECOS Medicare enrollment; official_filing; released 2026-07-09)",ANESTHESIOLOGY,,TIDELANDS ANESTHESIA GROUP LLC,"https://data.cms.gov/provider-data/api/1/datastore/query/mj5m-pzi6/0 (CMS Doctors and Clinicians National Downloadable File, PECOS Medicare enrollment; official_filing; released 2026-07-09)",FILLED_medical_school+grad_year (CMS official filing),NEW_PERSON_round3 (CMS DAC anesthesiology enumeration; absent from round-2 roster),,,,"NONE_FOUND = UNPUBLISHABLE. tidelandshealth.org publishes no training block for any of its 12 anesthesiologists and 403s to curl; ABA has no public diplomate lookup; ABMS certificationmatters 403s to curl and WebFetch (blocked, not absent); ASA and SPA publish no public roster; Healthgrades has no page for this person at all.",EMAIL WITHHELD: no address observed on TIDELANDS ANESTHESIA GROUP LLC's mail domain; domain itself not discoverable under clamp A (no search engine available; DNS-probed candidate hostnames all NXDOMAIN or parked).,,NOT_UNLOCKED_domain_undiscoverable,,
Frank Humbles,"https://npiregistry.cms.hhs.gov/api/ (NPI registry, taxonomy_description=Anesthesiology|Pediatric Anesthesiology, postal_code=283*|284*|290*|294*|295*)",Anesthesiology,"https://npiregistry.cms.hhs.gov/api/ (NPI registry, taxonomy_description=Anesthesiology|Pediatric Anesthesiology, postal_code=283*|284*|290*|294*|295*)",,,,,,,843-669-5162,"https://npiregistry.cms.hhs.gov/api/ (NPI registry, taxonomy_description=Anesthesiology|Pediatric Anesthesiology, postal_code=283*|284*|290*|294*|295*)",,,https://npiregistry.cms.hhs.gov/provider-view/1902958572,"https://npiregistry.cms.hhs.gov/api/ (NPI registry, taxonomy_description=Anesthesiology|Pediatric Anesthesiology, postal_code=283*|284*|290*|294*|295*)",corroborated,2,"https://npiregistry.cms.hhs.gov/api/ (NPI registry, taxonomy_description=Anesthesiology|Pediatric Anesthesiology, postal_code=283*|284*|290*|294*|295*) | OpenAlex + ORCID public APIs",1902958572,MD,CONWAY,SC,295269142,Myrtle Beach,13.3,203.2,closer to Myrtle Beach (13.3 mi) than Greenville (203.2 mi); geo=city_centroid,Anesthesiology,false,NONE_FOUND,OpenAlex works query filter=raw_author_name.search:Frank Humbles returned 0 results — https://api.openalex.org/works?filter=raw_author_name.search:Frank%20Humbles || OpenAlex authors search and ORCID expanded-search for this name returned no surname-matching profile — https://pub.orcid.org/v3.0/expanded-search/?q=given-names:Frank+AND+family-name:Humbles || NONE_FOUND means no scholarly record was located at all — it is NOT evidence that this provider lacks pediatric experience,,,,,yes,practice,,,,https://www.linkedin.com/search/results/people/?keywords=Frank%20Humbles%20anesthesiology,,,,,,,,,,NOT_IN_CMS_DAC (no Medicare enrollment record matched this NPI),,,,,,"EMAIL WITHHELD: no employer of record, so no domain to unlock.",,NO_EMPLOYER_ON_RECORD,,
Frederick Bellamy,"https://npiregistry.cms.hhs.gov/api/ (NPI registry, taxonomy_description=Anesthesiology|Pediatric Anesthesiology, postal_code=283*|284*|290*|294*|295*)",Anesthesiology,"https://npiregistry.cms.hhs.gov/api/ (NPI registry, taxonomy_description=Anesthesiology|Pediatric Anesthesiology, postal_code=283*|284*|290*|294*|295*)",Conway Medical Center,"https://npiregistry.cms.hhs.gov/api/ (NPI registry, taxonomy_description=Anesthesiology|Pediatric Anesthesiology, postal_code=283*|284*|290*|294*|295*)",conwaymedicalcenter.com,"https://npiregistry.cms.hhs.gov/api/ (NPI registry, taxonomy_description=Anesthesiology|Pediatric Anesthesiology, postal_code=283*|284*|290*|294*|295*)",frederick.bellamy@cmc-sc.com,"leadkit emails --domain cmc-sc.com : pattern first.last, pattern_confirmed from 2 published addresses (sandy.moore@cmc-sc.com https://www.conwaymedicalcenter.com/contact-us/ ; Sydney.Causey@cmc-sc.com https://www.conwaymedicalcenter.com/careers/)",843-716-7000,"https://npiregistry.cms.hhs.gov/api/ (NPI registry, taxonomy_description=Anesthesiology|Pediatric Anesthesiology, postal_code=283*|284*|290*|294*|295*)",,,https://npiregistry.cms.hhs.gov/provider-view/1972587012,"https://npiregistry.cms.hhs.gov/api/ (NPI registry, taxonomy_description=Anesthesiology|Pediatric Anesthesiology, postal_code=283*|284*|290*|294*|295*)",corroborated,4,"https://npiregistry.cms.hhs.gov/api/ (NPI registry, taxonomy_description=Anesthesiology|Pediatric Anesthesiology, postal_code=283*|284*|290*|294*|295*) | https://www.conwaymedicalcenter.com/providers/frederick-w-bellamy-md/ | leadkit emails --domain cmc-sc.com : pattern first.last, pattern_confirmed from 2 published addresses (sandy.moore@cmc-sc.com https://www.conwaymedicalcenter.com/contact-us/ ; Sydney.Causey@cmc-sc.com https://www.conwaymedicalcenter.com/careers/) | OpenAlex + ORCID public APIs",1972587012,M.D.,LORIS,SC,295692827,Myrtle Beach,25.6,206.7,closer to Myrtle Beach (25.6 mi) than Greenville (206.7 mi); geo=city_centroid,"Anesthesiology, Pain Medicine; Anesthesiology",false,NONE_FOUND,Med ed + internship MUSC; residency Richland Memorial Hospital; fellowship field empty — https://www.conwaymedicalcenter.com/providers/frederick-w-bellamy-md/ || OpenAlex works query filter=raw_author_name.search:Frederick Bellamy returned 0 results — https://api.openalex.org/works?filter=raw_author_name.search:Frederick%20Bellamy || OpenAlex authors search and ORCID expanded-search for this name returned no surname-matching profile — https://pub.orcid.org/v3.0/expanded-search/?q=given-names:Frederick+AND+family-name:Bellamy || NONE_FOUND means no scholarly record was located at all — it is NOT evidence that this provider lacks pediatric experience,pattern_confirmed,pattern_inferred,"leadkit emails --domain cmc-sc.com : pattern first.last, pattern_confirmed from 2 published addresses (sandy.moore@cmc-sc.com https://www.conwaymedicalcenter.com/contact-us/ ; Sydney.Causey@cmc-sc.com https://www.conwaymedicalcenter.com/careers/)",https://www.conwaymedicalcenter.com/providers/frederick-w-bellamy-md/,yes,practice,(843) 716-7370,department,"https://www.mcleodhealth.org/ (public Algolia index live_physicians, app JUNR3SUCF2 — rung 3, no browser)",https://www.linkedin.com/search/results/people/?keywords=Frederick%20Bellamy%20anesthesiology,department_phone,MEDICAL UNIVERSITY OF SOUTH CAROLINA COLLEGE OF MEDICINE,"https://data.cms.gov/provider-data/api/1/datastore/query/mj5m-pzi6/0 (CMS Doctors and Clinicians National Downloadable File, PECOS Medicare enrollment; official_filing; released 2026-07-09)",1987,"https://data.cms.gov/provider-data/api/1/datastore/query/mj5m-pzi6/0 (CMS Doctors and Clinicians National Downloadable File, PECOS Medicare enrollment; official_filing; released 2026-07-09)",ANESTHESIOLOGY,,MCLEOD PHYSICIAN ASSOCIATES II,"https://data.cms.gov/provider-data/api/1/datastore/query/mj5m-pzi6/0 (CMS Doctors and Clinicians National Downloadable File, PECOS Medicare enrollment; official_filing; released 2026-07-09)",FILLED_medical_school+grad_year (CMS official filing),training_block_filled_from_CMS_DAC,,,,,"EMAIL WITHHELD: mcleodhealth.org runs TWO live formats concurrently — 3 name-confirmed first.last (Maureen.finger@, maggie.jackson@, logan.doriety@) vs 2 name-confirmed flast (rserrano@ Raquel Serrano, dsawyer@ Davis Sawyer) + 4 further flast-shaped (aploeg@, cpernell@, hburgin@, jcauble@); 9 personal addresses observed, ~67% flast. No propagable pattern. Employment also contested: mcLeod_physician_associates=false (contracted group) vs CMS PECOS employer_group. Checked 9 of 9 observed personal addresses.",mcleodhealth.org,WITHHELD_mixed_format+employment_contested,,
Hassan A Nagem,"https://data.cms.gov/provider-data/api/1/datastore/query/mj5m-pzi6/0 (CMS Doctors and Clinicians National Downloadable File, PECOS Medicare enrollment; official_filing; released 2026-07-09)",ANESTHESIOLOGY,"https://data.cms.gov/provider-data/api/1/datastore/query/mj5m-pzi6/0 (CMS Doctors and Clinicians National Downloadable File, PECOS Medicare enrollment; official_filing; released 2026-07-09)",ATLANTIC COAST ANESTHESIA SERVICES PC,"https://data.cms.gov/provider-data/api/1/datastore/query/mj5m-pzi6/0 (CMS Doctors and Clinicians National Downloadable File, PECOS Medicare enrollment; official_filing; released 2026-07-09)",,,,,(843) 692-1000,"https://data.cms.gov/provider-data/api/1/datastore/query/mj5m-pzi6/0 (CMS Doctors and Clinicians National Downloadable File, PECOS Medicare enrollment; official_filing; released 2026-07-09)",,,https://npiregistry.cms.hhs.gov/provider-view/1275777534,"https://data.cms.gov/provider-data/api/1/datastore/query/mj5m-pzi6/0 (CMS Doctors and Clinicians National Downloadable File, PECOS Medicare enrollment; official_filing; released 2026-07-09)",single_source,1,"https://data.cms.gov/provider-data/api/1/datastore/query/mj5m-pzi6/0 (CMS Doctors and Clinicians National Downloadable File, PECOS Medicare enrollment; official_filing; released 2026-07-09)",1275777534,MD,MYRTLE BEACH,SC,295724607,Myrtle Beach,1.4,215.8,"practice address MYRTLE BEACH, SC — postal 295 in ring; 1.4 mi from Myrtle Beach centroid vs 215.8 mi Greenville; geo=city_centroid",ANESTHESIOLOGY,false,NONE_FOUND,"NONE_FOUND = UNPUBLISHABLE in this source. The CMS DAC specialty vocabulary contains no ""Pediatric Anesthesiology"" value at all (measured: pri_spec values containing ""PEDIATRIC"" are only ""PEDIATRIC MEDICINE""; sec_spec values containing ""ANESTH"" are only ANESTHESIOLOGY / ANESTHESIOLOGY,HOSPICE-PALLIATIVE CARE / ANESTHESIOLOGY,INTERVENTIONAL PAIN MANAGEMENT). So this official filing cannot express the subspecialty; absence here is not evidence the person lacks it.",,,,official_filing (CMS PECOS Medicare enrollment),yes,practice,,,,https://www.linkedin.com/search/results/people/?keywords=Hassan%20A%20Nagem%20anesthesiology,,OTHER,"https://data.cms.gov/provider-data/api/1/datastore/query/mj5m-pzi6/0 (CMS Doctors and Clinicians National Downloadable File, PECOS Medicare enrollment; official_filing; released 2026-07-09)",2005,"https://data.cms.gov/provider-data/api/1/datastore/query/mj5m-pzi6/0 (CMS Doctors and Clinicians National Downloadable File, PECOS Medicare enrollment; official_filing; released 2026-07-09)",ANESTHESIOLOGY,,ATLANTIC COAST ANESTHESIA SERVICES PC,"https://data.cms.gov/provider-data/api/1/datastore/query/mj5m-pzi6/0 (CMS Doctors and Clinicians National Downloadable File, PECOS Medicare enrollment; official_filing; released 2026-07-09)","PARTIAL_grad_year_only (CMS reports med_sch=""OTHER"")",NEW_PERSON_round3 (CMS DAC anesthesiology enumeration; absent from round-2 roster),,,,,EMAIL WITHHELD: no address observed on ATLANTIC COAST ANESTHESIA SERVICES PC's mail domain; domain itself not discoverable under clamp A (no search engine available; DNS-probed candidate hostnames all NXDOMAIN or parked).,,NOT_UNLOCKED_domain_undiscoverable,,
Ian Peace,"https://npiregistry.cms.hhs.gov/api/ (NPI registry, taxonomy_description=Anesthesiology|Pediatric Anesthesiology, postal_code=283*|284*|290*|294*|295*)",Anesthesiology,"https://npiregistry.cms.hhs.gov/api/ (NPI registry, taxonomy_description=Anesthesiology|Pediatric Anesthesiology, postal_code=283*|284*|290*|294*|295*)",ANESTHESIOLOGISTS OF GREATER ORLANDO INC,"https://data.cms.gov/provider-data/api/1/datastore/query/mj5m-pzi6/0 (CMS Doctors and Clinicians National Downloadable File, PECOS Medicare enrollment; official_filing; released 2026-07-09)",,,,,843-780-8346,"https://npiregistry.cms.hhs.gov/api/ (NPI registry, taxonomy_description=Anesthesiology|Pediatric Anesthesiology, postal_code=283*|284*|290*|294*|295*)",,,https://npiregistry.cms.hhs.gov/provider-view/1124655691,"https://npiregistry.cms.hhs.gov/api/ (NPI registry, taxonomy_description=Anesthesiology|Pediatric Anesthesiology, postal_code=283*|284*|290*|294*|295*)",corroborated,2,"https://npiregistry.cms.hhs.gov/api/ (NPI registry, taxonomy_description=Anesthesiology|Pediatric Anesthesiology, postal_code=283*|284*|290*|294*|295*) | OpenAlex + ORCID public APIs",1124655691,,MYRTLE BEACH,SC,295881381,Myrtle Beach,1.4,214.8,closer to Myrtle Beach (1.4 mi) than Greenville (214.8 mi); geo=city_centroid,Anesthesiology; Student in an Organized Health Care Education/Training Program,false,NONE_FOUND,"OpenAlex returned 27 works, 0 surname-matching author profiles and 0 ORCID name hits for 'Ian Peace', but none combined an anesthesiology/pain affiliation with pediatric content, and none could be tied to the Carolinas — https://api.openalex.org/works?filter=raw_author_name.search:Ian%20Peace || All apparent pediatric hits for this name were rejected as same-name collisions in unrelated fields || NONE_FOUND means nothing was found in open scholarly sources — it is NOT evidence that this provider lacks pediatric experience",,,,,yes,practice,(954) 939-5000,department,"https://data.cms.gov/provider-data/api/1/datastore/query/mj5m-pzi6/0 (CMS Doctors and Clinicians National Downloadable File, PECOS Medicare enrollment; official_filing; released 2026-07-09)",https://www.linkedin.com/search/results/people/?keywords=Ian%20Peace%20anesthesiology,,MEHARRY MEDICAL COLLEGE SCHOOL OF MEDICINE,"https://data.cms.gov/provider-data/api/1/datastore/query/mj5m-pzi6/0 (CMS Doctors and Clinicians National Downloadable File, PECOS Medicare enrollment; official_filing; released 2026-07-09)",2020,"https://data.cms.gov/provider-data/api/1/datastore/query/mj5m-pzi6/0 (CMS Doctors and Clinicians National Downloadable File, PECOS Medicare enrollment; official_filing; released 2026-07-09)",ANESTHESIOLOGY,,ANESTHESIOLOGISTS OF GREATER ORLANDO INC,"https://data.cms.gov/provider-data/api/1/datastore/query/mj5m-pzi6/0 (CMS Doctors and Clinicians National Downloadable File, PECOS Medicare enrollment; official_filing; released 2026-07-09)",FILLED_medical_school+grad_year (CMS official filing),training_block_filled_from_CMS_DAC,,,,,EMAIL WITHHELD: no address observed on ANESTHESIOLOGISTS OF GREATER ORLANDO INC's mail domain; domain itself not discoverable under clamp A (no search engine available; DNS-probed candidate hostnames all NXDOMAIN or parked).,,NOT_UNLOCKED_domain_undiscoverable,,
Ihor Melnytskyy,"https://npiregistry.cms.hhs.gov/api/ (NPI registry, taxonomy_description=Anesthesiology|Pediatric Anesthesiology, postal_code=283*|284*|290*|294*|295*)",Anesthesiology,"https://npiregistry.cms.hhs.gov/api/ (NPI registry, taxonomy_description=Anesthesiology|Pediatric Anesthesiology, postal_code=283*|284*|290*|294*|295*)",Conway Medical Center,"https://npiregistry.cms.hhs.gov/api/ (NPI registry, taxonomy_description=Anesthesiology|Pediatric Anesthesiology, postal_code=283*|284*|290*|294*|295*)",conwaymedicalcenter.com,"https://npiregistry.cms.hhs.gov/api/ (NPI registry, taxonomy_description=Anesthesiology|Pediatric Anesthesiology, postal_code=283*|284*|290*|294*|295*)",ihor.melnytskyy@cmc-sc.com,"leadkit emails --domain cmc-sc.com : pattern first.last, pattern_confirmed from 2 published addresses (sandy.moore@cmc-sc.com https://www.conwaymedicalcenter.com/contact-us/ ; Sydney.Causey@cmc-sc.com https://www.conwaymedicalcenter.com/careers/)",843-347-7111,"https://npiregistry.cms.hhs.gov/api/ (NPI registry, taxonomy_description=Anesthesiology|Pediatric Anesthesiology, postal_code=283*|284*|290*|294*|295*)",,,https://npiregistry.cms.hhs.gov/provider-view/1184882789,"https://npiregistry.cms.hhs.gov/api/ (NPI registry, taxonomy_description=Anesthesiology|Pediatric Anesthesiology, postal_code=283*|284*|290*|294*|295*)",corroborated,4,"https://npiregistry.cms.hhs.gov/api/ (NPI registry, taxonomy_description=Anesthesiology|Pediatric Anesthesiology, postal_code=283*|284*|290*|294*|295*) | https://www.conwaymedicalcenter.com/providers/ihor-melnytskyy-md/ | leadkit emails --domain cmc-sc.com : pattern first.last, pattern_confirmed from 2 published addresses (sandy.moore@cmc-sc.com https://www.conwaymedicalcenter.com/contact-us/ ; Sydney.Causey@cmc-sc.com https://www.conwaymedicalcenter.com/careers/) | OpenAlex + ORCID public APIs",1184882789,M.D.,CONWAY,SC,29526,Myrtle Beach,13.3,203.2,closer to Myrtle Beach (13.3 mi) than Greenville (203.2 mi); geo=city_centroid,Anesthesiology; Anesthesiology; Anesthesiology; Anesthesiology,false,NONE_FOUND,Chernivtsi Medical University; residency + pain management John Stroger Hospital — https://www.conwaymedicalcenter.com/providers/ihor-melnytskyy-md/ || OpenAlex works query filter=raw_author_name.search:Ihor Melnytskyy returned 0 results — https://api.openalex.org/works?filter=raw_author_name.search:Ihor%20Melnytskyy || OpenAlex authors search and ORCID expanded-search for this name returned no surname-matching profile — https://pub.orcid.org/v3.0/expanded-search/?q=given-names:Ihor+AND+family-name:Melnytskyy || NONE_FOUND means no scholarly record was located at all — it is NOT evidence that this provider lacks pediatric experience,pattern_confirmed,pattern_inferred,"leadkit emails --domain cmc-sc.com : pattern first.last, pattern_confirmed from 2 published addresses (sandy.moore@cmc-sc.com https://www.conwaymedicalcenter.com/contact-us/ ; Sydney.Causey@cmc-sc.com https://www.conwaymedicalcenter.com/careers/)",https://www.conwaymedicalcenter.com/providers/ihor-melnytskyy-md/,yes,practice,(843) 692-1000,practice,"https://data.cms.gov/provider-data/api/1/datastore/query/mj5m-pzi6/0 (CMS Doctors and Clinicians National Downloadable File, PECOS Medicare enrollment; official_filing; released 2026-07-09)",https://www.linkedin.com/search/results/people/?keywords=Ihor%20Melnytskyy%20anesthesiology,,OTHER,"https://data.cms.gov/provider-data/api/1/datastore/query/mj5m-pzi6/0 (CMS Doctors and Clinicians National Downloadable File, PECOS Medicare enrollment; official_filing; released 2026-07-09)",1997,"https://data.cms.gov/provider-data/api/1/datastore/query/mj5m-pzi6/0 (CMS Doctors and Clinicians National Downloadable File, PECOS Medicare enrollment; official_filing; released 2026-07-09)",ANESTHESIOLOGY,PAIN MANAGEMENT,"ATLANTIC COAST ANESTHESIA SERVICES PC | BEACH ANESTHESIA, LLC | SOMC MEDICAL CARE FOUNDATION, INC.","https://data.cms.gov/provider-data/api/1/datastore/query/mj5m-pzi6/0 (CMS Doctors and Clinicians National Downloadable File, PECOS Medicare enrollment; official_filing; released 2026-07-09)","PARTIAL_grad_year_only (CMS reports med_sch=""OTHER"" — school not on the CMS pick-list, typically international)",training_block_filled_from_CMS_DAC,,,,,EMAIL WITHHELD: no address observed on ATLANTIC COAST ANESTHESIA SERVICES PC's mail domain; domain itself not discoverable under clamp A (no search engine available; DNS-probed candidate hostnames all NXDOMAIN or parked).,,NOT_UNLOCKED_domain_undiscoverable,,
James Brannon,"https://npiregistry.cms.hhs.gov/api/ (NPI registry, taxonomy_description=Anesthesiology|Pediatric Anesthesiology, postal_code=283*|284*|290*|294*|295*)",Anesthesiology,"https://npiregistry.cms.hhs.gov/api/ (NPI registry, taxonomy_description=Anesthesiology|Pediatric Anesthesiology, postal_code=283*|284*|290*|294*|295*)",,,,,,,843-692-1000,"https://npiregistry.cms.hhs.gov/api/ (NPI registry, taxonomy_description=Anesthesiology|Pediatric Anesthesiology, postal_code=283*|284*|290*|294*|295*)",,,https://npiregistry.cms.hhs.gov/provider-view/1841270485,"https://npiregistry.cms.hhs.gov/api/ (NPI registry, taxonomy_description=Anesthesiology|Pediatric Anesthesiology, postal_code=283*|284*|290*|294*|295*)",corroborated,2,"https://npiregistry.cms.hhs.gov/api/ (NPI registry, taxonomy_description=Anesthesiology|Pediatric Anesthesiology, postal_code=283*|284*|290*|294*|295*) | OpenAlex + ORCID public APIs",1841270485,MD,MYRTLE BEACH,SC,295724607,Myrtle Beach,1.4,214.8,closer to Myrtle Beach (1.4 mi) than Greenville (214.8 mi); geo=city_centroid,"Anesthesiology; Anesthesiology, Pain Medicine",false,NONE_FOUND,"OpenAlex returned 50 works, 0 surname-matching author profiles and 2 ORCID name hits for 'James Brannon', but none combined an anesthesiology/pain affiliation with pediatric content, and none could be tied to the Carolinas — https://api.openalex.org/works?filter=raw_author_name.search:James%20Brannon || All apparent pediatric hits for this name were rejected as same-name collisions in unrelated fields || NONE_FOUND means nothing was found in open scholarly sources — it is NOT evidence that this provider lacks pediatric experience",,,,,yes,practice,,,,https://www.linkedin.com/search/results/people/?keywords=James%20Brannon%20anesthesiology,,,,,,,,,,NOT_IN_CMS_DAC (no Medicare enrollment record matched this NPI),,,,,,"EMAIL WITHHELD: no employer of record, so no domain to unlock.",,NO_EMPLOYER_ON_RECORD,,
James Dierkes,"https://data.cms.gov/provider-data/api/1/datastore/query/mj5m-pzi6/0 (CMS Doctors and Clinicians National Downloadable File, PECOS Medicare enrollment; official_filing; released 2026-07-09)",ANESTHESIOLOGY,"https://data.cms.gov/provider-data/api/1/datastore/query/mj5m-pzi6/0 (CMS Doctors and Clinicians National Downloadable File, PECOS Medicare enrollment; official_filing; released 2026-07-09)",PROVIDENCE ANESTHESIOLOGY ASSOCIATES PA,"https://data.cms.gov/provider-data/api/1/datastore/query/mj5m-pzi6/0 (CMS Doctors and Clinicians National Downloadable File, PECOS Medicare enrollment; official_filing; released 2026-07-09)",,,,,(910) 721-1000,"https://data.cms.gov/provider-data/api/1/datastore/query/mj5m-pzi6/0 (CMS Doctors and Clinicians National Downloadable File, PECOS Medicare enrollment; official_filing; released 2026-07-09)",,,https://npiregistry.cms.hhs.gov/provider-view/1497287262,"https://data.cms.gov/provider-data/api/1/datastore/query/mj5m-pzi6/0 (CMS Doctors and Clinicians National Downloadable File, PECOS Medicare enrollment; official_filing; released 2026-07-09)",single_source,1,"https://data.cms.gov/provider-data/api/1/datastore/query/mj5m-pzi6/0 (CMS Doctors and Clinicians National Downloadable File, PECOS Medicare enrollment; official_filing; released 2026-07-09)",1497287262,MD,BOLIVIA,NC,284228346,Myrtle Beach,49.9,247.9,"practice address BOLIVIA, NC — postal 284 in ring; 49.9 mi from Myrtle Beach centroid vs 247.9 mi Greenville; geo=city_centroid",ANESTHESIOLOGY,false,NONE_FOUND,"NONE_FOUND = UNPUBLISHABLE in this source. The CMS DAC specialty vocabulary contains no ""Pediatric Anesthesiology"" value at all (measured: pri_spec values containing ""PEDIATRIC"" are only ""PEDIATRIC MEDICINE""; sec_spec values containing ""ANESTH"" are only ANESTHESIOLOGY / ANESTHESIOLOGY,HOSPICE-PALLIATIVE CARE / ANESTHESIOLOGY,INTERVENTIONAL PAIN MANAGEMENT). So this official filing cannot express the subspecialty; absence here is not evidence the person lacks it.",,,,official_filing (CMS PECOS Medicare enrollment),yes,practice,,,,https://www.linkedin.com/search/results/people/?keywords=James%20Dierkes%20anesthesiology,,TEMPLE UNIVERSITY SCHOOL OF MEDICINE,"https://data.cms.gov/provider-data/api/1/datastore/query/mj5m-pzi6/0 (CMS Doctors and Clinicians National Downloadable File, PECOS Medicare enrollment; official_filing; released 2026-07-09)",2017,"https://data.cms.gov/provider-data/api/1/datastore/query/mj5m-pzi6/0 (CMS Doctors and Clinicians National Downloadable File, PECOS Medicare enrollment; official_filing; released 2026-07-09)",ANESTHESIOLOGY,,PROVIDENCE ANESTHESIOLOGY ASSOCIATES PA,"https://data.cms.gov/provider-data/api/1/datastore/query/mj5m-pzi6/0 (CMS Doctors and Clinicians National Downloadable File, PECOS Medicare enrollment; official_filing; released 2026-07-09)",FILLED_medical_school+grad_year (CMS official filing),NEW_PERSON_round3 (CMS DAC anesthesiology enumeration; absent from round-2 roster),,,,,EMAIL WITHHELD: no address observed on PROVIDENCE ANESTHESIOLOGY ASSOCIATES PA's mail domain; domain itself not discoverable under clamp A (no search engine available; DNS-probed candidate hostnames all NXDOMAIN or parked).,,NOT_UNLOCKED_domain_undiscoverable,,
Jawanza Jabari,"https://npiregistry.cms.hhs.gov/api/ (NPI registry, taxonomy_description=Anesthesiology|Pediatric Anesthesiology, postal_code=283*|284*|290*|294*|295*)",Anesthesiology,"https://npiregistry.cms.hhs.gov/api/ (NPI registry, taxonomy_description=Anesthesiology|Pediatric Anesthesiology, postal_code=283*|284*|290*|294*|295*)",SOUTHEAST ANESTHESIOLOGY CONSULTANTS PLLC,"https://data.cms.gov/provider-data/api/1/datastore/query/mj5m-pzi6/0 (CMS Doctors and Clinicians National Downloadable File, PECOS Medicare enrollment; official_filing; released 2026-07-09)",,,,,910-642-8011,"https://npiregistry.cms.hhs.gov/api/ (NPI registry, taxonomy_description=Anesthesiology|Pediatric Anesthesiology, postal_code=283*|284*|290*|294*|295*)",,,https://npiregistry.cms.hhs.gov/provider-view/1144294943,"https://npiregistry.cms.hhs.gov/api/ (NPI registry, taxonomy_description=Anesthesiology|Pediatric Anesthesiology, postal_code=283*|284*|290*|294*|295*)",corroborated,2,"https://npiregistry.cms.hhs.gov/api/ (NPI registry, taxonomy_description=Anesthesiology|Pediatric Anesthesiology, postal_code=283*|284*|290*|294*|295*) | OpenAlex + ORCID public APIs",1144294943,M.D.,WHITEVILLE,NC,284723634,Myrtle Beach,45.5,212.9,closer to Myrtle Beach (45.5 mi) than Greenville (212.9 mi); geo=city_centroid,Anesthesiology; Anesthesiology,false,NONE_FOUND,OpenAlex works query filter=raw_author_name.search:Jawanza Jabari returned 0 results — https://api.openalex.org/works?filter=raw_author_name.search:Jawanza%20Jabari || OpenAlex authors search and ORCID expanded-search for this name returned no surname-matching profile — https://pub.orcid.org/v3.0/expanded-search/?q=given-names:Jawanza+AND+family-name:Jabari || NONE_FOUND means no scholarly record was located at all — it is NOT evidence that this provider lacks pediatric experience,,,,,yes,practice,(910) 642-8011,practice,"https://data.cms.gov/provider-data/api/1/datastore/query/mj5m-pzi6/0 (CMS Doctors and Clinicians National Downloadable File, PECOS Medicare enrollment; official_filing; released 2026-07-09)",https://www.linkedin.com/search/results/people/?keywords=Jawanza%20Jabari%20anesthesiology,,OHIO STATE UNIVERSITY COLLEGE OF MEDICINE,"https://data.cms.gov/provider-data/api/1/datastore/query/mj5m-pzi6/0 (CMS Doctors and Clinicians National Downloadable File, PECOS Medicare enrollment; official_filing; released 2026-07-09)",1993,"https://data.cms.gov/provider-data/api/1/datastore/query/mj5m-pzi6/0 (CMS Doctors and Clinicians National Downloadable File, PECOS Medicare enrollment; official_filing; released 2026-07-09)",ANESTHESIOLOGY,,SOUTHEAST ANESTHESIOLOGY CONSULTANTS PLLC,"https://data.cms.gov/provider-data/api/1/datastore/query/mj5m-pzi6/0 (CMS Doctors and Clinicians National Downloadable File, PECOS Medicare enrollment; official_filing; released 2026-07-09)",FILLED_medical_school+grad_year (CMS official filing),training_block_filled_from_CMS_DAC,,,,,EMAIL WITHHELD: no address observed on SOUTHEAST ANESTHESIOLOGY CONSULTANTS PLLC's mail domain; domain itself not discoverable under clamp A (no search engine available; DNS-probed candidate hostnames all NXDOMAIN or parked).,,NOT_UNLOCKED_domain_undiscoverable,,
Jeffrey Charles Williams,"https://data.cms.gov/provider-data/api/1/datastore/query/mj5m-pzi6/0 (CMS Doctors and Clinicians National Downloadable File, PECOS Medicare enrollment; official_filing; released 2026-07-09)",ANESTHESIOLOGY,"https://data.cms.gov/provider-data/api/1/datastore/query/mj5m-pzi6/0 (CMS Doctors and Clinicians National Downloadable File, PECOS Medicare enrollment; official_filing; released 2026-07-09)",MEDSTREAM ANESTHESIA PLLC,"https://data.cms.gov/provider-data/api/1/datastore/query/mj5m-pzi6/0 (CMS Doctors and Clinicians National Downloadable File, PECOS Medicare enrollment; official_filing; released 2026-07-09)",,,,,(843) 347-7111,"https://data.cms.gov/provider-data/api/1/datastore/query/mj5m-pzi6/0 (CMS Doctors and Clinicians National Downloadable File, PECOS Medicare enrollment; official_filing; released 2026-07-09)",,,https://npiregistry.cms.hhs.gov/provider-view/1699725416,"https://data.cms.gov/provider-data/api/1/datastore/query/mj5m-pzi6/0 (CMS Doctors and Clinicians National Downloadable File, PECOS Medicare enrollment; official_filing; released 2026-07-09)",single_source,1,"https://data.cms.gov/provider-data/api/1/datastore/query/mj5m-pzi6/0 (CMS Doctors and Clinicians National Downloadable File, PECOS Medicare enrollment; official_filing; released 2026-07-09)",1699725416,MD,CONWAY,SC,295269142,Myrtle Beach,13.3,203.4,"practice address CONWAY, SC — postal 295 in ring; 13.3 mi from Myrtle Beach centroid vs 203.4 mi Greenville; geo=city_centroid",ANESTHESIOLOGY,false,NONE_FOUND,"NONE_FOUND = UNPUBLISHABLE in this source. The CMS DAC specialty vocabulary contains no ""Pediatric Anesthesiology"" value at all (measured: pri_spec values containing ""PEDIATRIC"" are only ""PEDIATRIC MEDICINE""; sec_spec values containing ""ANESTH"" are only ANESTHESIOLOGY / ANESTHESIOLOGY,HOSPICE-PALLIATIVE CARE / ANESTHESIOLOGY,INTERVENTIONAL PAIN MANAGEMENT). So this official filing cannot express the subspecialty; absence here is not evidence the person lacks it.",,,,official_filing (CMS PECOS Medicare enrollment),yes,practice,,,,https://www.linkedin.com/search/results/people/?keywords=Jeffrey%20Charles%20Williams%20anesthesiology,,INDIANA UNIVERSITY SCHOOL OF MEDICINE,"https://data.cms.gov/provider-data/api/1/datastore/query/mj5m-pzi6/0 (CMS Doctors and Clinicians National Downloadable File, PECOS Medicare enrollment; official_filing; released 2026-07-09)",1984,"https://data.cms.gov/provider-data/api/1/datastore/query/mj5m-pzi6/0 (CMS Doctors and Clinicians National Downloadable File, PECOS Medicare enrollment; official_filing; released 2026-07-09)",ANESTHESIOLOGY,,MEDSTREAM ANESTHESIA PLLC,"https://data.cms.gov/provider-data/api/1/datastore/query/mj5m-pzi6/0 (CMS Doctors and Clinicians National Downloadable File, PECOS Medicare enrollment; official_filing; released 2026-07-09)",FILLED_medical_school+grad_year (CMS official filing),NEW_PERSON_round3 (CMS DAC anesthesiology enumeration; absent from round-2 roster),,,,,EMAIL WITHHELD: no address observed on MEDSTREAM ANESTHESIA PLLC's mail domain; domain itself not discoverable under clamp A (no search engine available; DNS-probed candidate hostnames all NXDOMAIN or parked).,,NOT_UNLOCKED_domain_undiscoverable,,
John Gantomasso,"https://data.cms.gov/provider-data/api/1/datastore/query/mj5m-pzi6/0 (CMS Doctors and Clinicians National Downloadable File, PECOS Medicare enrollment; official_filing; released 2026-07-09)",ANESTHESIOLOGY,"https://data.cms.gov/provider-data/api/1/datastore/query/mj5m-pzi6/0 (CMS Doctors and Clinicians National Downloadable File, PECOS Medicare enrollment; official_filing; released 2026-07-09)",MEDSTREAM ANESTHESIA PLLC,"https://data.cms.gov/provider-data/api/1/datastore/query/mj5m-pzi6/0 (CMS Doctors and Clinicians National Downloadable File, PECOS Medicare enrollment; official_filing; released 2026-07-09)",,,,,(843) 347-7111,"https://data.cms.gov/provider-data/api/1/datastore/query/mj5m-pzi6/0 (CMS Doctors and Clinicians National Downloadable File, PECOS Medicare enrollment; official_filing; released 2026-07-09)",,,https://npiregistry.cms.hhs.gov/provider-view/1396064481,"https://data.cms.gov/provider-data/api/1/datastore/query/mj5m-pzi6/0 (CMS Doctors and Clinicians National Downloadable File, PECOS Medicare enrollment; official_filing; released 2026-07-09)",single_source,1,"https://data.cms.gov/provider-data/api/1/datastore/query/mj5m-pzi6/0 (CMS Doctors and Clinicians National Downloadable File, PECOS Medicare enrollment; official_filing; released 2026-07-09)",1396064481,DO,CONWAY,SC,295269142,Myrtle Beach,13.3,203.4,"practice address CONWAY, SC — postal 295 in ring; 13.3 mi from Myrtle Beach centroid vs 203.4 mi Greenville; geo=city_centroid",ANESTHESIOLOGY,false,NONE_FOUND,"NONE_FOUND = UNPUBLISHABLE in this source. The CMS DAC specialty vocabulary contains no ""Pediatric Anesthesiology"" value at all (measured: pri_spec values containing ""PEDIATRIC"" are only ""PEDIATRIC MEDICINE""; sec_spec values containing ""ANESTH"" are only ANESTHESIOLOGY / ANESTHESIOLOGY,HOSPICE-PALLIATIVE CARE / ANESTHESIOLOGY,INTERVENTIONAL PAIN MANAGEMENT). So this official filing cannot express the subspecialty; absence here is not evidence the person lacks it.",,,,official_filing (CMS PECOS Medicare enrollment),yes,practice,,,,https://www.linkedin.com/search/results/people/?keywords=John%20Gantomasso%20anesthesiology,,OTHER,"https://data.cms.gov/provider-data/api/1/datastore/query/mj5m-pzi6/0 (CMS Doctors and Clinicians National Downloadable File, PECOS Medicare enrollment; official_filing; released 2026-07-09)",2010,"https://data.cms.gov/provider-data/api/1/datastore/query/mj5m-pzi6/0 (CMS Doctors and Clinicians National Downloadable File, PECOS Medicare enrollment; official_filing; released 2026-07-09)",ANESTHESIOLOGY,,MEDSTREAM ANESTHESIA PLLC,"https://data.cms.gov/provider-data/api/1/datastore/query/mj5m-pzi6/0 (CMS Doctors and Clinicians National Downloadable File, PECOS Medicare enrollment; official_filing; released 2026-07-09)","PARTIAL_grad_year_only (CMS reports med_sch=""OTHER"")",NEW_PERSON_round3 (CMS DAC anesthesiology enumeration; absent from round-2 roster),,,,,EMAIL WITHHELD: no address observed on MEDSTREAM ANESTHESIA PLLC's mail domain; domain itself not discoverable under clamp A (no search engine available; DNS-probed candidate hostnames all NXDOMAIN or parked).,,NOT_UNLOCKED_domain_undiscoverable,,
John Raul Ares,"https://data.cms.gov/provider-data/api/1/datastore/query/mj5m-pzi6/0 (CMS Doctors and Clinicians National Downloadable File, PECOS Medicare enrollment; official_filing; released 2026-07-09)",ANESTHESIOLOGY,"https://data.cms.gov/provider-data/api/1/datastore/query/mj5m-pzi6/0 (CMS Doctors and Clinicians National Downloadable File, PECOS Medicare enrollment; official_filing; released 2026-07-09)",ATLANTIC COAST ANESTHESIA SERVICES PC,"https://data.cms.gov/provider-data/api/1/datastore/query/mj5m-pzi6/0 (CMS Doctors and Clinicians National Downloadable File, PECOS Medicare enrollment; official_filing; released 2026-07-09)",,,,,(843) 692-1000,"https://data.cms.gov/provider-data/api/1/datastore/query/mj5m-pzi6/0 (CMS Doctors and Clinicians National Downloadable File, PECOS Medicare enrollment; official_filing; released 2026-07-09)",,,https://npiregistry.cms.hhs.gov/provider-view/1972658482,"https://data.cms.gov/provider-data/api/1/datastore/query/mj5m-pzi6/0 (CMS Doctors and Clinicians National Downloadable File, PECOS Medicare enrollment; official_filing; released 2026-07-09)",single_source,1,"https://data.cms.gov/provider-data/api/1/datastore/query/mj5m-pzi6/0 (CMS Doctors and Clinicians National Downloadable File, PECOS Medicare enrollment; official_filing; released 2026-07-09)",1972658482,MD,MYRTLE BEACH,SC,295724607,Myrtle Beach,1.4,215.8,"practice address MYRTLE BEACH, SC — postal 295 in ring; 1.4 mi from Myrtle Beach centroid vs 215.8 mi Greenville; geo=city_centroid",ANESTHESIOLOGY,false,NONE_FOUND,"NONE_FOUND = UNPUBLISHABLE in this source. The CMS DAC specialty vocabulary contains no ""Pediatric Anesthesiology"" value at all (measured: pri_spec values containing ""PEDIATRIC"" are only ""PEDIATRIC MEDICINE""; sec_spec values containing ""ANESTH"" are only ANESTHESIOLOGY / ANESTHESIOLOGY,HOSPICE-PALLIATIVE CARE / ANESTHESIOLOGY,INTERVENTIONAL PAIN MANAGEMENT). So this official filing cannot express the subspecialty; absence here is not evidence the person lacks it.",,,,official_filing (CMS PECOS Medicare enrollment),yes,practice,,,,https://www.linkedin.com/search/results/people/?keywords=John%20Raul%20Ares%20anesthesiology,,OTHER,"https://data.cms.gov/provider-data/api/1/datastore/query/mj5m-pzi6/0 (CMS Doctors and Clinicians National Downloadable File, PECOS Medicare enrollment; official_filing; released 2026-07-09)",1999,"https://data.cms.gov/provider-data/api/1/datastore/query/mj5m-pzi6/0 (CMS Doctors and Clinicians National Downloadable File, PECOS Medicare enrollment; official_filing; released 2026-07-09)",ANESTHESIOLOGY,,ATLANTIC COAST ANESTHESIA SERVICES PC,"https://data.cms.gov/provider-data/api/1/datastore/query/mj5m-pzi6/0 (CMS Doctors and Clinicians National Downloadable File, PECOS Medicare enrollment; official_filing; released 2026-07-09)","PARTIAL_grad_year_only (CMS reports med_sch=""OTHER"")",NEW_PERSON_round3 (CMS DAC anesthesiology enumeration; absent from round-2 roster),,,,,EMAIL WITHHELD: no address observed on ATLANTIC COAST ANESTHESIA SERVICES PC's mail domain; domain itself not discoverable under clamp A (no search engine available; DNS-probed candidate hostnames all NXDOMAIN or parked).,,NOT_UNLOCKED_domain_undiscoverable,,
John Schultz,"https://npiregistry.cms.hhs.gov/api/ (NPI registry, taxonomy_description=Anesthesiology|Pediatric Anesthesiology, postal_code=283*|284*|290*|294*|295*)",Anesthesiology,"https://npiregistry.cms.hhs.gov/api/ (NPI registry, taxonomy_description=Anesthesiology|Pediatric Anesthesiology, postal_code=283*|284*|290*|294*|295*)",SOUTHEAST ANESTHESIOLOGY CONSULTANTS PLLC,"https://data.cms.gov/provider-data/api/1/datastore/query/mj5m-pzi6/0 (CMS Doctors and Clinicians National Downloadable File, PECOS Medicare enrollment; official_filing; released 2026-07-09)",,,,,910-642-8011,"https://npiregistry.cms.hhs.gov/api/ (NPI registry, taxonomy_description=Anesthesiology|Pediatric Anesthesiology, postal_code=283*|284*|290*|294*|295*)",,,https://npiregistry.cms.hhs.gov/provider-view/1982788865,"https://npiregistry.cms.hhs.gov/api/ (NPI registry, taxonomy_description=Anesthesiology|Pediatric Anesthesiology, postal_code=283*|284*|290*|294*|295*)",corroborated,2,"https://npiregistry.cms.hhs.gov/api/ (NPI registry, taxonomy_description=Anesthesiology|Pediatric Anesthesiology, postal_code=283*|284*|290*|294*|295*) | OpenAlex + ORCID public APIs",1982788865,,WHITEVILLE,NC,284723634,Myrtle Beach,45.5,212.9,closer to Myrtle Beach (45.5 mi) than Greenville (212.9 mi); geo=city_centroid,Anesthesiology,false,NONE_FOUND,"COLLISION REJECTED: OpenAlex A5105193947 ('John R. Schultz', 124 works) lists St. Christopher's Hospital for Children (2016) and St. Jude Medical Center (2006) among affiliations, but the same profile also lists Boeing and NOAA — it is a merged/dirty profile, and its anesthesia-adjacent work is an ischemic-stroke anticoagulation trial, not anesthesiology — https://openalex.org/A5105193947 || 'John Schultz' is a high-collision name; no work ties an anesthesiologist by that name to Whiteville NC",,,,,yes,practice,(910) 642-8011,practice,"https://data.cms.gov/provider-data/api/1/datastore/query/mj5m-pzi6/0 (CMS Doctors and Clinicians National Downloadable File, PECOS Medicare enrollment; official_filing; released 2026-07-09)",https://www.linkedin.com/search/results/people/?keywords=John%20Schultz%20anesthesiology,,LOMA LINDA UNIVERSITY SCHOOL OF MEDICINE,"https://data.cms.gov/provider-data/api/1/datastore/query/mj5m-pzi6/0 (CMS Doctors and Clinicians National Downloadable File, PECOS Medicare enrollment; official_filing; released 2026-07-09)",1991,"https://data.cms.gov/provider-data/api/1/datastore/query/mj5m-pzi6/0 (CMS Doctors and Clinicians National Downloadable File, PECOS Medicare enrollment; official_filing; released 2026-07-09)",ANESTHESIOLOGY,,SOUTHEAST ANESTHESIOLOGY CONSULTANTS PLLC,"https://data.cms.gov/provider-data/api/1/datastore/query/mj5m-pzi6/0 (CMS Doctors and Clinicians National Downloadable File, PECOS Medicare enrollment; official_filing; released 2026-07-09)",FILLED_medical_school+grad_year (CMS official filing),training_block_filled_from_CMS_DAC,,,,,EMAIL WITHHELD: no address observed on SOUTHEAST ANESTHESIOLOGY CONSULTANTS PLLC's mail domain; domain itself not discoverable under clamp A (no search engine available; DNS-probed candidate hostnames all NXDOMAIN or parked).,,NOT_UNLOCKED_domain_undiscoverable,,
Jon Bennett,"https://npiregistry.cms.hhs.gov/api/ (NPI registry, taxonomy_description=Anesthesiology|Pediatric Anesthesiology, postal_code=283*|284*|290*|294*|295*)",Anesthesiology,"https://npiregistry.cms.hhs.gov/api/ (NPI registry, taxonomy_description=Anesthesiology|Pediatric Anesthesiology, postal_code=283*|284*|290*|294*|295*)",MEDSTREAM ANESTHESIA PLLC,"https://data.cms.gov/provider-data/api/1/datastore/query/mj5m-pzi6/0 (CMS Doctors and Clinicians National Downloadable File, PECOS Medicare enrollment; official_filing; released 2026-07-09)",,,,,843-449-3381,"https://npiregistry.cms.hhs.gov/api/ (NPI registry, taxonomy_description=Anesthesiology|Pediatric Anesthesiology, postal_code=283*|284*|290*|294*|295*)",,,https://npiregistry.cms.hhs.gov/provider-view/1366427841,"https://npiregistry.cms.hhs.gov/api/ (NPI registry, taxonomy_description=Anesthesiology|Pediatric Anesthesiology, postal_code=283*|284*|290*|294*|295*)",corroborated,2,"https://npiregistry.cms.hhs.gov/api/ (NPI registry, taxonomy_description=Anesthesiology|Pediatric Anesthesiology, postal_code=283*|284*|290*|294*|295*) | OpenAlex + ORCID public APIs",1366427841,DO,MYRTLE BEACH,SC,295723055,Myrtle Beach,1.4,214.8,closer to Myrtle Beach (1.4 mi) than Greenville (214.8 mi); geo=city_centroid,Anesthesiology,false,NONE_FOUND,"OpenAlex returned 50 works, 0 surname-matching author profiles and 3 ORCID name hits for 'Jon Bennett', but none combined an anesthesiology/pain affiliation with pediatric content, and none could be tied to the Carolinas — https://api.openalex.org/works?filter=raw_author_name.search:Jon%20Bennett || All apparent pediatric hits for this name were rejected as same-name collisions in unrelated fields || NONE_FOUND means nothing was found in open scholarly sources — it is NOT evidence that this provider lacks pediatric experience",,,,,yes,practice,(864) 585-2002,department,"https://data.cms.gov/provider-data/api/1/datastore/query/mj5m-pzi6/0 (CMS Doctors and Clinicians National Downloadable File, PECOS Medicare enrollment; official_filing; released 2026-07-09)",https://www.linkedin.com/search/results/people/?keywords=Jon%20Bennett%20anesthesiology,,WESTERN UNIVERSITY OF HEALTH SCIENCES COLLEGE OF DENTAL MED,"https://data.cms.gov/provider-data/api/1/datastore/query/mj5m-pzi6/0 (CMS Doctors and Clinicians National Downloadable File, PECOS Medicare enrollment; official_filing; released 2026-07-09)",1998,"https://data.cms.gov/provider-data/api/1/datastore/query/mj5m-pzi6/0 (CMS Doctors and Clinicians National Downloadable File, PECOS Medicare enrollment; official_filing; released 2026-07-09)",ANESTHESIOLOGY,,MEDSTREAM ANESTHESIA PLLC,"https://data.cms.gov/provider-data/api/1/datastore/query/mj5m-pzi6/0 (CMS Doctors and Clinicians National Downloadable File, PECOS Medicare enrollment; official_filing; released 2026-07-09)",FILLED_medical_school+grad_year (CMS official filing),training_block_filled_from_CMS_DAC,,,,,EMAIL WITHHELD: no address observed on MEDSTREAM ANESTHESIA PLLC's mail domain; domain itself not discoverable under clamp A (no search engine available; DNS-probed candidate hostnames all NXDOMAIN or parked).,,NOT_UNLOCKED_domain_undiscoverable,,
Jon Halling,"https://npiregistry.cms.hhs.gov/api/ (NPI registry, taxonomy_description=Anesthesiology|Pediatric Anesthesiology, postal_code=283*|284*|290*|294*|295*)",Anesthesiology,"https://npiregistry.cms.hhs.gov/api/ (NPI registry, taxonomy_description=Anesthesiology|Pediatric Anesthesiology, postal_code=283*|284*|290*|294*|295*)","Grand Strand Medical Center (HCA), Myrtle Beach",https://eutils.ncbi.nlm.nih.gov/entrez/eutils/efetch.fcgi?db=pmc&id=PMC11249181,hcahealthcare.com,https://eutils.ncbi.nlm.nih.gov/entrez/eutils/efetch.fcgi?db=pmc&id=PMC11249181,Jon.Halling@hcahealthcare.com,https://eutils.ncbi.nlm.nih.gov/entrez/eutils/efetch.fcgi?db=pmc&id=PMC11249181,843-497-6348,"https://npiregistry.cms.hhs.gov/api/ (NPI registry, taxonomy_description=Anesthesiology|Pediatric Anesthesiology, postal_code=283*|284*|290*|294*|295*)",,,https://npiregistry.cms.hhs.gov/provider-view/1831103944,"https://npiregistry.cms.hhs.gov/api/ (NPI registry, taxonomy_description=Anesthesiology|Pediatric Anesthesiology, postal_code=283*|284*|290*|294*|295*)",corroborated,2,"https://npiregistry.cms.hhs.gov/api/ (NPI registry, taxonomy_description=Anesthesiology|Pediatric Anesthesiology, postal_code=283*|284*|290*|294*|295*) | OpenAlex + ORCID public APIs",1831103944,MD,MYRTLE BEACH,SC,295724607,Myrtle Beach,1.4,214.8,closer to Myrtle Beach (1.4 mi) than Greenville (214.8 mi); geo=city_centroid,Anesthesiology; Anesthesiology,false,NONE_FOUND,"OpenAlex returned 0 works, 2 surname-matching author profiles and 0 ORCID name hits for 'Jon Halling', but none combined an anesthesiology/pain affiliation with pediatric content, and none could be tied to the Carolinas — https://api.openalex.org/works?filter=raw_author_name.search:Jon%20Halling || All apparent pediatric hits for this name were rejected as same-name collisions in unrelated fields || NONE_FOUND means nothing was found in open scholarly sources — it is NOT evidence that this provider lacks pediatric experience",published,first_party_published,"PMID 39015587 / PMC11249181 (2024), HCA Healthcare Journal of Medicine, ""Burnout and Health Scores Among Residency Programs as an Indicator of Wellness."" Corresponding author block: ""Correspondence to: Jon Halling, MD, MBA (Jon.Halling@hcahealthcare.com)"". Affiliation on the paper: ""Grand Strand Medical Center, Myrtle Beach, SC"" — affiliation-locked to the roster city, and FULL FORENAME ""Jon"" matches roster ""Jon Halling"" (not an initial).",,yes,practice,(843) 692-1000,practice,"https://data.cms.gov/provider-data/api/1/datastore/query/mj5m-pzi6/0 (CMS Doctors and Clinicians National Downloadable File, PECOS Medicare enrollment; official_filing; released 2026-07-09)",https://www.linkedin.com/search/results/people/?keywords=Jon%20Halling%20anesthesiology,email(first_party_published)+org,ST. LOUIS COLLEGE OF PHYSICIANS AND SURGEONS,"https://data.cms.gov/provider-data/api/1/datastore/query/mj5m-pzi6/0 (CMS Doctors and Clinicians National Downloadable File, PECOS Medicare enrollment; official_filing; released 2026-07-09)",2002,"https://data.cms.gov/provider-data/api/1/datastore/query/mj5m-pzi6/0 (CMS Doctors and Clinicians National Downloadable File, PECOS Medicare enrollment; official_filing; released 2026-07-09)",ANESTHESIOLOGY,,"ATLANTIC COAST ANESTHESIA SERVICES PC | FIELDEN,HANSON,ISAACS,MIYADA,ROBISON,YEH LTD | OFFICE ANESTHESIA CONSULTANTS LLC","https://data.cms.gov/provider-data/api/1/datastore/query/mj5m-pzi6/0 (CMS Doctors and Clinicians National Downloadable File, PECOS Medicare enrollment; official_filing; released 2026-07-09)",FILLED_medical_school+grad_year (CMS official filing),training_block_filled_from_CMS_DAC,,,,,EMAIL WITHHELD: no address observed on ATLANTIC COAST ANESTHESIA SERVICES PC's mail domain; domain itself not discoverable under clamp A (no search engine available; DNS-probed candidate hostnames all NXDOMAIN or parked).,,NOT_UNLOCKED_domain_undiscoverable,,
Jonathan Hisghman Ii,"https://data.cms.gov/provider-data/api/1/datastore/query/mj5m-pzi6/0 (CMS Doctors and Clinicians National Downloadable File, PECOS Medicare enrollment; official_filing; released 2026-07-09)",ANESTHESIOLOGY,"https://data.cms.gov/provider-data/api/1/datastore/query/mj5m-pzi6/0 (CMS Doctors and Clinicians National Downloadable File, PECOS Medicare enrollment; official_filing; released 2026-07-09)",ATLANTIC COAST ANESTHESIA SERVICES PC,"https://data.cms.gov/provider-data/api/1/datastore/query/mj5m-pzi6/0 (CMS Doctors and Clinicians National Downloadable File, PECOS Medicare enrollment; official_filing; released 2026-07-09)",,,,,(843) 692-1000,"https://data.cms.gov/provider-data/api/1/datastore/query/mj5m-pzi6/0 (CMS Doctors and Clinicians National Downloadable File, PECOS Medicare enrollment; official_filing; released 2026-07-09)",,,https://npiregistry.cms.hhs.gov/provider-view/1689888034,"https://data.cms.gov/provider-data/api/1/datastore/query/mj5m-pzi6/0 (CMS Doctors and Clinicians National Downloadable File, PECOS Medicare enrollment; official_filing; released 2026-07-09)",single_source,1,"https://data.cms.gov/provider-data/api/1/datastore/query/mj5m-pzi6/0 (CMS Doctors and Clinicians National Downloadable File, PECOS Medicare enrollment; official_filing; released 2026-07-09)",1689888034,DO,MYRTLE BEACH,SC,295724607,Myrtle Beach,1.4,215.8,"practice address MYRTLE BEACH, SC — postal 295 in ring; 1.4 mi from Myrtle Beach centroid vs 215.8 mi Greenville; geo=city_centroid",ANESTHESIOLOGY,false,NONE_FOUND,"NONE_FOUND = UNPUBLISHABLE in this source. The CMS DAC specialty vocabulary contains no ""Pediatric Anesthesiology"" value at all (measured: pri_spec values containing ""PEDIATRIC"" are only ""PEDIATRIC MEDICINE""; sec_spec values containing ""ANESTH"" are only ANESTHESIOLOGY / ANESTHESIOLOGY,HOSPICE-PALLIATIVE CARE / ANESTHESIOLOGY,INTERVENTIONAL PAIN MANAGEMENT). So this official filing cannot express the subspecialty; absence here is not evidence the person lacks it.",,,,official_filing (CMS PECOS Medicare enrollment),yes,practice,,,,https://www.linkedin.com/search/results/people/?keywords=Jonathan%20Hisghman%20Ii%20anesthesiology,,WEST VIRGINIA SCHOOL OF OSTEOPATHIC MEDICINE,"https://data.cms.gov/provider-data/api/1/datastore/query/mj5m-pzi6/0 (CMS Doctors and Clinicians National Downloadable File, PECOS Medicare enrollment; official_filing; released 2026-07-09)",2002,"https://data.cms.gov/provider-data/api/1/datastore/query/mj5m-pzi6/0 (CMS Doctors and Clinicians National Downloadable File, PECOS Medicare enrollment; official_filing; released 2026-07-09)",ANESTHESIOLOGY,,ATLANTIC COAST ANESTHESIA SERVICES PC,"https://data.cms.gov/provider-data/api/1/datastore/query/mj5m-pzi6/0 (CMS Doctors and Clinicians National Downloadable File, PECOS Medicare enrollment; official_filing; released 2026-07-09)",FILLED_medical_school+grad_year (CMS official filing),NEW_PERSON_round3 (CMS DAC anesthesiology enumeration; absent from round-2 roster),,,,,EMAIL WITHHELD: no address observed on ATLANTIC COAST ANESTHESIA SERVICES PC's mail domain; domain itself not discoverable under clamp A (no search engine available; DNS-probed candidate hostnames all NXDOMAIN or parked).,,NOT_UNLOCKED_domain_undiscoverable,,
Jonathan Ward,"https://npiregistry.cms.hhs.gov/api/ (NPI registry, taxonomy_description=Anesthesiology|Pediatric Anesthesiology, postal_code=283*|284*|290*|294*|295*)",Anesthesiology,"https://npiregistry.cms.hhs.gov/api/ (NPI registry, taxonomy_description=Anesthesiology|Pediatric Anesthesiology, postal_code=283*|284*|290*|294*|295*)",MCLEOD PHYSICIAN ASSOCIATES II,"https://data.cms.gov/provider-data/api/1/datastore/query/mj5m-pzi6/0 (CMS Doctors and Clinicians National Downloadable File, PECOS Medicare enrollment; official_filing; released 2026-07-09)",,,,,704-749-5800,"https://npiregistry.cms.hhs.gov/api/ (NPI registry, taxonomy_description=Anesthesiology|Pediatric Anesthesiology, postal_code=283*|284*|290*|294*|295*)",,,https://npiregistry.cms.hhs.gov/provider-view/1245670066,"https://npiregistry.cms.hhs.gov/api/ (NPI registry, taxonomy_description=Anesthesiology|Pediatric Anesthesiology, postal_code=283*|284*|290*|294*|295*)",corroborated,2,"https://npiregistry.cms.hhs.gov/api/ (NPI registry, taxonomy_description=Anesthesiology|Pediatric Anesthesiology, postal_code=283*|284*|290*|294*|295*) | OpenAlex + ORCID public APIs",1245670066,M.D.,BOLIVIA,NC,284228346,Myrtle Beach,49.9,247.5,closer to Myrtle Beach (49.9 mi) than Greenville (247.5 mi); geo=city_centroid,Anesthesiology; Anesthesiology,false,NONE_FOUND,"OpenAlex returned 50 works, 7 surname-matching author profiles and 15 ORCID name hits for 'Jonathan Ward', but none combined an anesthesiology/pain affiliation with pediatric content, and none could be tied to the Carolinas — https://api.openalex.org/works?filter=raw_author_name.search:Jonathan%20Ward || All apparent pediatric hits for this name were rejected as same-name collisions in unrelated fields || NONE_FOUND means nothing was found in open scholarly sources — it is NOT evidence that this provider lacks pediatric experience",,,,,yes,practice,(910) 721-1000,practice,"https://data.cms.gov/provider-data/api/1/datastore/query/mj5m-pzi6/0 (CMS Doctors and Clinicians National Downloadable File, PECOS Medicare enrollment; official_filing; released 2026-07-09)",https://www.linkedin.com/search/results/people/?keywords=Jonathan%20Ward%20anesthesiology,,OREGON HEALTH SCIENCES UNIVERSITY SCHOOL OF MEDICINE,"https://data.cms.gov/provider-data/api/1/datastore/query/mj5m-pzi6/0 (CMS Doctors and Clinicians National Downloadable File, PECOS Medicare enrollment; official_filing; released 2026-07-09)",2015,"https://data.cms.gov/provider-data/api/1/datastore/query/mj5m-pzi6/0 (CMS Doctors and Clinicians National Downloadable File, PECOS Medicare enrollment; official_filing; released 2026-07-09)",ANESTHESIOLOGY,,MCLEOD PHYSICIAN ASSOCIATES II | PROVIDENCE ANESTHESIOLOGY ASSOCIATES PA,"https://data.cms.gov/provider-data/api/1/datastore/query/mj5m-pzi6/0 (CMS Doctors and Clinicians National Downloadable File, PECOS Medicare enrollment; official_filing; released 2026-07-09)",FILLED_medical_school+grad_year (CMS official filing),training_block_filled_from_CMS_DAC,,,,,"EMAIL WITHHELD: mcleodhealth.org runs TWO live formats concurrently — 3 name-confirmed first.last (Maureen.finger@, maggie.jackson@, logan.doriety@) vs 2 name-confirmed flast (rserrano@ Raquel Serrano, dsawyer@ Davis Sawyer) + 4 further flast-shaped (aploeg@, cpernell@, hburgin@, jcauble@); 9 personal addresses observed, ~67% flast. No propagable pattern. Employment also contested: mcLeod_physician_associates=false (contracted group) vs CMS PECOS employer_group. Checked 9 of 9 observed personal addresses.",mcleodhealth.org,WITHHELD_mixed_format+employment_contested,,
Josef Mueksch,"https://npiregistry.cms.hhs.gov/api/ (NPI registry, taxonomy_description=Anesthesiology|Pediatric Anesthesiology, postal_code=283*|284*|290*|294*|295*)",Anesthesiology,"https://npiregistry.cms.hhs.gov/api/ (NPI registry, taxonomy_description=Anesthesiology|Pediatric Anesthesiology, postal_code=283*|284*|290*|294*|295*)",PROVIDENCE ANESTHESIOLOGY ASSOCIATES PA,"https://data.cms.gov/provider-data/api/1/datastore/query/mj5m-pzi6/0 (CMS Doctors and Clinicians National Downloadable File, PECOS Medicare enrollment; official_filing; released 2026-07-09)",,,,,910-721-1477,"https://npiregistry.cms.hhs.gov/api/ (NPI registry, taxonomy_description=Anesthesiology|Pediatric Anesthesiology, postal_code=283*|284*|290*|294*|295*)",,,https://npiregistry.cms.hhs.gov/provider-view/1487643581,"https://npiregistry.cms.hhs.gov/api/ (NPI registry, taxonomy_description=Anesthesiology|Pediatric Anesthesiology, postal_code=283*|284*|290*|294*|295*)",corroborated,2,"https://npiregistry.cms.hhs.gov/api/ (NPI registry, taxonomy_description=Anesthesiology|Pediatric Anesthesiology, postal_code=283*|284*|290*|294*|295*) | OpenAlex + ORCID public APIs",1487643581,MD MBA,BOLIVIA,NC,284228346,Myrtle Beach,49.9,247.5,closer to Myrtle Beach (49.9 mi) than Greenville (247.5 mi); geo=city_centroid,Anesthesiology; Anesthesiology; Anesthesiology,false,NONE_FOUND,"OpenAlex returned 1 works, 0 surname-matching author profiles and 0 ORCID name hits for 'Josef Mueksch', but none combined an anesthesiology/pain affiliation with pediatric content, and none could be tied to the Carolinas — https://api.openalex.org/works?filter=raw_author_name.search:Josef%20Mueksch || All apparent pediatric hits for this name were rejected as same-name collisions in unrelated fields || NONE_FOUND means nothing was found in open scholarly sources — it is NOT evidence that this provider lacks pediatric experience",,,,,yes,practice,(910) 721-1000,practice,"https://data.cms.gov/provider-data/api/1/datastore/query/mj5m-pzi6/0 (CMS Doctors and Clinicians National Downloadable File, PECOS Medicare enrollment; official_filing; released 2026-07-09)",https://www.linkedin.com/search/results/people/?keywords=Josef%20Mueksch%20anesthesiology,,MEDICAL COLLEGE OF PENNSYLVANIA,"https://data.cms.gov/provider-data/api/1/datastore/query/mj5m-pzi6/0 (CMS Doctors and Clinicians National Downloadable File, PECOS Medicare enrollment; official_filing; released 2026-07-09)",2001,"https://data.cms.gov/provider-data/api/1/datastore/query/mj5m-pzi6/0 (CMS Doctors and Clinicians National Downloadable File, PECOS Medicare enrollment; official_filing; released 2026-07-09)",ANESTHESIOLOGY,,PROVIDENCE ANESTHESIOLOGY ASSOCIATES PA,"https://data.cms.gov/provider-data/api/1/datastore/query/mj5m-pzi6/0 (CMS Doctors and Clinicians National Downloadable File, PECOS Medicare enrollment; official_filing; released 2026-07-09)",FILLED_medical_school+grad_year (CMS official filing),training_block_filled_from_CMS_DAC,,,,,EMAIL WITHHELD: no address observed on PROVIDENCE ANESTHESIOLOGY ASSOCIATES PA's mail domain; domain itself not discoverable under clamp A (no search engine available; DNS-probed candidate hostnames all NXDOMAIN or parked).,,NOT_UNLOCKED_domain_undiscoverable,,
Joseph Maggioncalda,"https://npiregistry.cms.hhs.gov/api/ (NPI registry, taxonomy_description=Anesthesiology|Pediatric Anesthesiology, postal_code=283*|284*|290*|294*|295*)",Anesthesiology,"https://npiregistry.cms.hhs.gov/api/ (NPI registry, taxonomy_description=Anesthesiology|Pediatric Anesthesiology, postal_code=283*|284*|290*|294*|295*)",AMERICAN ANESTHESIOLOGY OF VIRGINIA PC,"https://data.cms.gov/provider-data/api/1/datastore/query/mj5m-pzi6/0 (CMS Doctors and Clinicians National Downloadable File, PECOS Medicare enrollment; official_filing; released 2026-07-09)",,,,,843-692-1595,"https://npiregistry.cms.hhs.gov/api/ (NPI registry, taxonomy_description=Anesthesiology|Pediatric Anesthesiology, postal_code=283*|284*|290*|294*|295*)",,,https://npiregistry.cms.hhs.gov/provider-view/1134626294,"https://npiregistry.cms.hhs.gov/api/ (NPI registry, taxonomy_description=Anesthesiology|Pediatric Anesthesiology, postal_code=283*|284*|290*|294*|295*)",corroborated,2,"https://npiregistry.cms.hhs.gov/api/ (NPI registry, taxonomy_description=Anesthesiology|Pediatric Anesthesiology, postal_code=283*|284*|290*|294*|295*) | OpenAlex + ORCID public APIs",1578658944,MD,MYRTLE BEACH,SC,295724607,Myrtle Beach,1.4,214.8,closer to Myrtle Beach (1.4 mi) than Greenville (214.8 mi); geo=city_centroid,Anesthesiology; Anesthesiology,false,NONE_FOUND,OpenAlex works query filter=raw_author_name.search:Joseph Maggioncalda returned 0 results — https://api.openalex.org/works?filter=raw_author_name.search:Joseph%20Maggioncalda || OpenAlex authors search and ORCID expanded-search for this name returned no surname-matching profile — https://pub.orcid.org/v3.0/expanded-search/?q=given-names:Joseph+AND+family-name:Maggioncalda || NONE_FOUND means no scholarly record was located at all — it is NOT evidence that this provider lacks pediatric experience,,,,,yes,practice,(757) 585-2200,department,"https://data.cms.gov/provider-data/api/1/datastore/query/mj5m-pzi6/0 (CMS Doctors and Clinicians National Downloadable File, PECOS Medicare enrollment; official_filing; released 2026-07-09)",https://www.linkedin.com/search/results/people/?keywords=Joseph%20Maggioncalda%20anesthesiology,,OTHER,"https://data.cms.gov/provider-data/api/1/datastore/query/mj5m-pzi6/0 (CMS Doctors and Clinicians National Downloadable File, PECOS Medicare enrollment; official_filing; released 2026-07-09)",1984,"https://data.cms.gov/provider-data/api/1/datastore/query/mj5m-pzi6/0 (CMS Doctors and Clinicians National Downloadable File, PECOS Medicare enrollment; official_filing; released 2026-07-09)",ANESTHESIOLOGY,,AMERICAN ANESTHESIOLOGY OF VIRGINIA PC,"https://data.cms.gov/provider-data/api/1/datastore/query/mj5m-pzi6/0 (CMS Doctors and Clinicians National Downloadable File, PECOS Medicare enrollment; official_filing; released 2026-07-09)","PARTIAL_grad_year_only (CMS reports med_sch=""OTHER"" — school not on the CMS pick-list, typically international)",training_block_filled_from_CMS_DAC,,,,,EMAIL WITHHELD: no address observed on AMERICAN ANESTHESIOLOGY OF VIRGINIA PC's mail domain; domain itself not discoverable under clamp A (no search engine available; DNS-probed candidate hostnames all NXDOMAIN or parked).,,NOT_UNLOCKED_domain_undiscoverable,,
Joseph Metz,"https://npiregistry.cms.hhs.gov/api/ (NPI registry, taxonomy_description=Anesthesiology|Pediatric Anesthesiology, postal_code=283*|284*|290*|294*|295*)",Anesthesiology,"https://npiregistry.cms.hhs.gov/api/ (NPI registry, taxonomy_description=Anesthesiology|Pediatric Anesthesiology, postal_code=283*|284*|290*|294*|295*)",,,,,,,843-497-8340,"https://npiregistry.cms.hhs.gov/api/ (NPI registry, taxonomy_description=Anesthesiology|Pediatric Anesthesiology, postal_code=283*|284*|290*|294*|295*)",,,https://npiregistry.cms.hhs.gov/provider-view/1295485035,"https://npiregistry.cms.hhs.gov/api/ (NPI registry, taxonomy_description=Anesthesiology|Pediatric Anesthesiology, postal_code=283*|284*|290*|294*|295*)",corroborated,2,"https://npiregistry.cms.hhs.gov/api/ (NPI registry, taxonomy_description=Anesthesiology|Pediatric Anesthesiology, postal_code=283*|284*|290*|294*|295*) | OpenAlex + ORCID public APIs",1295485035,DO,MYRTLE BEACH,SC,295724607,Myrtle Beach,1.4,214.8,closer to Myrtle Beach (1.4 mi) than Greenville (214.8 mi); geo=city_centroid,Student in an Organized Health Care Education/Training Program; Anesthesiology,false,NONE_FOUND,"COLLISION REJECTED: the only pediatric+anesthesia-adjacent hit is 'Pneumothorax and Pneumomediastinum in the Newborn' (1971), affiliation 'Pediatric Service, Department of Medicine, United States Army Tripler General Hospital, Honolulu' — a 1971 paper, far too early to be the Myrtle Beach DO on this roster — https://openalex.org/W2108217174 || No anesthesiology work under 'Joseph Metz' carries a Carolinas affiliation",,,,,yes,practice,,,,https://www.linkedin.com/search/results/people/?keywords=Joseph%20Metz%20anesthesiology,,,,,,,,,,NOT_IN_CMS_DAC (no Medicare enrollment record matched this NPI),,,,,,"EMAIL WITHHELD: no employer of record, so no domain to unlock.",,NO_EMPLOYER_ON_RECORD,,
Joshua Gore,"https://npiregistry.cms.hhs.gov/api/ (NPI registry, taxonomy_description=Anesthesiology|Pediatric Anesthesiology, postal_code=283*|284*|290*|294*|295*)",Anesthesiology,"https://npiregistry.cms.hhs.gov/api/ (NPI registry, taxonomy_description=Anesthesiology|Pediatric Anesthesiology, postal_code=283*|284*|290*|294*|295*)",McLeod Health — McLeod Anesthesiology – Seacoast,"https://www.mcleodhealth.org/ (public Algolia index live_physicians, app JUNR3SUCF2 — rung 3, no browser)",mcleodhealth.org,"https://www.mcleodhealth.org/ (public Algolia index live_physicians, app JUNR3SUCF2 — rung 3, no browser)",,,843-353-3460,"https://npiregistry.cms.hhs.gov/api/ (NPI registry, taxonomy_description=Anesthesiology|Pediatric Anesthesiology, postal_code=283*|284*|290*|294*|295*)",,,https://npiregistry.cms.hhs.gov/provider-view/1891015061,"https://npiregistry.cms.hhs.gov/api/ (NPI registry, taxonomy_description=Anesthesiology|Pediatric Anesthesiology, postal_code=283*|284*|290*|294*|295*)",corroborated,2,"https://npiregistry.cms.hhs.gov/api/ (NPI registry, taxonomy_description=Anesthesiology|Pediatric Anesthesiology, postal_code=283*|284*|290*|294*|295*) | OpenAlex + ORCID public APIs",1891015061,MD,NORTH MYRTLE BEACH,SC,295822229,Myrtle Beach,14.1,222.2,closer to Myrtle Beach (14.1 mi) than Greenville (222.2 mi); geo=city_centroid,Anesthesiology; Anesthesiology,false,NONE_FOUND,"OpenAlex returned 0 works, 3 surname-matching author profiles and 1 ORCID name hits for 'Joshua Gore', but none combined an anesthesiology/pain affiliation with pediatric content, and none could be tied to the Carolinas — https://api.openalex.org/works?filter=raw_author_name.search:Joshua%20Gore || All apparent pediatric hits for this name were rejected as same-name collisions in unrelated fields || NONE_FOUND means nothing was found in open scholarly sources — it is NOT evidence that this provider lacks pediatric experience",,,,,yes,practice,(843) 390-8128,department,"https://www.mcleodhealth.org/ (public Algolia index live_physicians, app JUNR3SUCF2 — rung 3, no browser)",https://www.linkedin.com/search/results/people/?keywords=Joshua%20Gore%20anesthesiology,org+department_phone,UNIVERSITY OF OKLAHOMA COLLEGE OF MEDICINE,"https://data.cms.gov/provider-data/api/1/datastore/query/mj5m-pzi6/0 (CMS Doctors and Clinicians National Downloadable File, PECOS Medicare enrollment; official_filing; released 2026-07-09)",2010,"https://data.cms.gov/provider-data/api/1/datastore/query/mj5m-pzi6/0 (CMS Doctors and Clinicians National Downloadable File, PECOS Medicare enrollment; official_filing; released 2026-07-09)",ANESTHESIOLOGY,,ORTHOSC LLC,"https://data.cms.gov/provider-data/api/1/datastore/query/mj5m-pzi6/0 (CMS Doctors and Clinicians National Downloadable File, PECOS Medicare enrollment; official_filing; released 2026-07-09)",FILLED_medical_school+grad_year (CMS official filing),training_block_filled_from_CMS_DAC,,,,,EMAIL WITHHELD: CMS PECOS employer_group=ORTHOSC LLC but McLeod directory sets mcLeod_physician_associates=true. Two first-party-grade sources name different employers -> employment unknown -> withhold.,orthosc.org / mcleodhealth.org (conflict),WITHHELD_employment_conflict,,
Kamran Khattak,"https://data.cms.gov/provider-data/api/1/datastore/query/mj5m-pzi6/0 (CMS Doctors and Clinicians National Downloadable File, PECOS Medicare enrollment; official_filing; released 2026-07-09)",ANESTHESIOLOGY,"https://data.cms.gov/provider-data/api/1/datastore/query/mj5m-pzi6/0 (CMS Doctors and Clinicians National Downloadable File, PECOS Medicare enrollment; official_filing; released 2026-07-09)",TIDELANDS ANESTHESIA GROUP LLC,"https://data.cms.gov/provider-data/api/1/datastore/query/mj5m-pzi6/0 (CMS Doctors and Clinicians National Downloadable File, PECOS Medicare enrollment; official_filing; released 2026-07-09)",,,,,(843) 527-7100,"https://data.cms.gov/provider-data/api/1/datastore/query/mj5m-pzi6/0 (CMS Doctors and Clinicians National Downloadable File, PECOS Medicare enrollment; official_filing; released 2026-07-09)",,,https://npiregistry.cms.hhs.gov/provider-view/1710946850,"https://data.cms.gov/provider-data/api/1/datastore/query/mj5m-pzi6/0 (CMS Doctors and Clinicians National Downloadable File, PECOS Medicare enrollment; official_filing; released 2026-07-09)",single_source,1,"https://data.cms.gov/provider-data/api/1/datastore/query/mj5m-pzi6/0 (CMS Doctors and Clinicians National Downloadable File, PECOS Medicare enrollment; official_filing; released 2026-07-09)",1710946850,MD,GEORGETOWN,SC,294403304,Myrtle Beach,31.5,204.5,"practice address GEORGETOWN, SC — postal 294 in ring; 31.5 mi from Myrtle Beach centroid vs 204.5 mi Greenville; geo=city_centroid",ANESTHESIOLOGY,false,NONE_FOUND,"NONE_FOUND = UNPUBLISHABLE in this source. The CMS DAC specialty vocabulary contains no ""Pediatric Anesthesiology"" value at all (measured: pri_spec values containing ""PEDIATRIC"" are only ""PEDIATRIC MEDICINE""; sec_spec values containing ""ANESTH"" are only ANESTHESIOLOGY / ANESTHESIOLOGY,HOSPICE-PALLIATIVE CARE / ANESTHESIOLOGY,INTERVENTIONAL PAIN MANAGEMENT). So this official filing cannot express the subspecialty; absence here is not evidence the person lacks it. || NONE_FOUND = UNPUBLISHABLE. tidelandshealth.org publishes no training block for any of its 12 anesthesiologists and 403s to curl; ABA has no public diplomate lookup; ABMS certificationmatters 403s to curl and WebFetch (blocked, not absent); ASA and SPA publish no public roster; Healthgrades has no page for this person at all.",,,,official_filing (CMS PECOS Medicare enrollment),yes,department,,,,https://www.linkedin.com/search/results/people/?keywords=Kamran%20Khattak%20anesthesiology,,OTHER,"https://data.cms.gov/provider-data/api/1/datastore/query/mj5m-pzi6/0 (CMS Doctors and Clinicians National Downloadable File, PECOS Medicare enrollment; official_filing; released 2026-07-09)",1996,"https://data.cms.gov/provider-data/api/1/datastore/query/mj5m-pzi6/0 (CMS Doctors and Clinicians National Downloadable File, PECOS Medicare enrollment; official_filing; released 2026-07-09)",ANESTHESIOLOGY,,TIDELANDS ANESTHESIA GROUP LLC,"https://data.cms.gov/provider-data/api/1/datastore/query/mj5m-pzi6/0 (CMS Doctors and Clinicians National Downloadable File, PECOS Medicare enrollment; official_filing; released 2026-07-09)","PARTIAL_grad_year_only (CMS reports med_sch=""OTHER"")",NEW_PERSON_round3 (CMS DAC anesthesiology enumeration; absent from round-2 roster),,,,"NONE_FOUND = UNPUBLISHABLE. tidelandshealth.org publishes no training block for any of its 12 anesthesiologists and 403s to curl; ABA has no public diplomate lookup; ABMS certificationmatters 403s to curl and WebFetch (blocked, not absent); ASA and SPA publish no public roster; Healthgrades has no page for this person at all.",EMAIL WITHHELD: no address observed on TIDELANDS ANESTHESIA GROUP LLC's mail domain; domain itself not discoverable under clamp A (no search engine available; DNS-probed candidate hostnames all NXDOMAIN or parked).,,NOT_UNLOCKED_domain_undiscoverable,,
Kathleen Wild,"https://data.cms.gov/provider-data/api/1/datastore/query/mj5m-pzi6/0 (CMS Doctors and Clinicians National Downloadable File, PECOS Medicare enrollment; official_filing; released 2026-07-09)",ANESTHESIOLOGY,"https://data.cms.gov/provider-data/api/1/datastore/query/mj5m-pzi6/0 (CMS Doctors and Clinicians National Downloadable File, PECOS Medicare enrollment; official_filing; released 2026-07-09)",SOUTHEAST ANESTHESIOLOGY CONSULTANTS PLLC,"https://data.cms.gov/provider-data/api/1/datastore/query/mj5m-pzi6/0 (CMS Doctors and Clinicians National Downloadable File, PECOS Medicare enrollment; official_filing; released 2026-07-09)",,,,,(910) 457-3800,"https://data.cms.gov/provider-data/api/1/datastore/query/mj5m-pzi6/0 (CMS Doctors and Clinicians National Downloadable File, PECOS Medicare enrollment; official_filing; released 2026-07-09)",,,https://npiregistry.cms.hhs.gov/provider-view/1184897670,"https://data.cms.gov/provider-data/api/1/datastore/query/mj5m-pzi6/0 (CMS Doctors and Clinicians National Downloadable File, PECOS Medicare enrollment; official_filing; released 2026-07-09)",single_source,1,"https://data.cms.gov/provider-data/api/1/datastore/query/mj5m-pzi6/0 (CMS Doctors and Clinicians National Downloadable File, PECOS Medicare enrollment; official_filing; released 2026-07-09)",1184897670,MD,SOUTHPORT,NC,284613038,Myrtle Beach,52.3,257.5,"practice address SOUTHPORT, NC — postal 284 in ring; 52.3 mi from Myrtle Beach centroid vs 257.5 mi Greenville; geo=city_centroid",ANESTHESIOLOGY,false,NONE_FOUND,"NONE_FOUND = UNPUBLISHABLE in this source. The CMS DAC specialty vocabulary contains no ""Pediatric Anesthesiology"" value at all (measured: pri_spec values containing ""PEDIATRIC"" are only ""PEDIATRIC MEDICINE""; sec_spec values containing ""ANESTH"" are only ANESTHESIOLOGY / ANESTHESIOLOGY,HOSPICE-PALLIATIVE CARE / ANESTHESIOLOGY,INTERVENTIONAL PAIN MANAGEMENT). So this official filing cannot express the subspecialty; absence here is not evidence the person lacks it.",,,,official_filing (CMS PECOS Medicare enrollment),yes,practice,,,,https://www.linkedin.com/search/results/people/?keywords=Kathleen%20Wild%20anesthesiology,,OTHER,"https://data.cms.gov/provider-data/api/1/datastore/query/mj5m-pzi6/0 (CMS Doctors and Clinicians National Downloadable File, PECOS Medicare enrollment; official_filing; released 2026-07-09)",2012,"https://data.cms.gov/provider-data/api/1/datastore/query/mj5m-pzi6/0 (CMS Doctors and Clinicians National Downloadable File, PECOS Medicare enrollment; official_filing; released 2026-07-09)",ANESTHESIOLOGY,,SOUTHEAST ANESTHESIOLOGY CONSULTANTS PLLC,"https://data.cms.gov/provider-data/api/1/datastore/query/mj5m-pzi6/0 (CMS Doctors and Clinicians National Downloadable File, PECOS Medicare enrollment; official_filing; released 2026-07-09)","PARTIAL_grad_year_only (CMS reports med_sch=""OTHER"")",NEW_PERSON_round3 (CMS DAC anesthesiology enumeration; absent from round-2 roster),,,,,EMAIL WITHHELD: no address observed on SOUTHEAST ANESTHESIOLOGY CONSULTANTS PLLC's mail domain; domain itself not discoverable under clamp A (no search engine available; DNS-probed candidate hostnames all NXDOMAIN or parked).,,NOT_UNLOCKED_domain_undiscoverable,,
Keeland Williams,"https://npiregistry.cms.hhs.gov/api/ (NPI registry, taxonomy_description=Anesthesiology|Pediatric Anesthesiology, postal_code=283*|284*|290*|294*|295*)",Anesthesiology,"https://npiregistry.cms.hhs.gov/api/ (NPI registry, taxonomy_description=Anesthesiology|Pediatric Anesthesiology, postal_code=283*|284*|290*|294*|295*)",NEW YORK UNIVERSITY,"https://data.cms.gov/provider-data/api/1/datastore/query/mj5m-pzi6/0 (CMS Doctors and Clinicians National Downloadable File, PECOS Medicare enrollment; official_filing; released 2026-07-09)",,,,,843-848-4670,"https://npiregistry.cms.hhs.gov/api/ (NPI registry, taxonomy_description=Anesthesiology|Pediatric Anesthesiology, postal_code=283*|284*|290*|294*|295*)",,,https://npiregistry.cms.hhs.gov/provider-view/1487115937,"https://npiregistry.cms.hhs.gov/api/ (NPI registry, taxonomy_description=Anesthesiology|Pediatric Anesthesiology, postal_code=283*|284*|290*|294*|295*)",corroborated,2,"https://npiregistry.cms.hhs.gov/api/ (NPI registry, taxonomy_description=Anesthesiology|Pediatric Anesthesiology, postal_code=283*|284*|290*|294*|295*) | OpenAlex + ORCID public APIs",1487115937,MD,MYRTLE BEACH,SC,295724607,Myrtle Beach,1.4,214.8,closer to Myrtle Beach (1.4 mi) than Greenville (214.8 mi); geo=city_centroid,Student in an Organized Health Care Education/Training Program; Anesthesiology,false,NONE_FOUND,OpenAlex works query filter=raw_author_name.search:Keeland Williams returned 0 results — https://api.openalex.org/works?filter=raw_author_name.search:Keeland%20Williams || OpenAlex authors search and ORCID expanded-search for this name returned no surname-matching profile — https://pub.orcid.org/v3.0/expanded-search/?q=given-names:Keeland+AND+family-name:Williams || NONE_FOUND means no scholarly record was located at all — it is NOT evidence that this provider lacks pediatric experience,,,,,yes,practice,,,,https://www.linkedin.com/search/results/people/?keywords=Keeland%20Williams%20anesthesiology,,MEDICAL UNIVERSITY OF SOUTH CAROLINA COLLEGE OF MEDICINE,"https://data.cms.gov/provider-data/api/1/datastore/query/mj5m-pzi6/0 (CMS Doctors and Clinicians National Downloadable File, PECOS Medicare enrollment; official_filing; released 2026-07-09)",2023,"https://data.cms.gov/provider-data/api/1/datastore/query/mj5m-pzi6/0 (CMS Doctors and Clinicians National Downloadable File, PECOS Medicare enrollment; official_filing; released 2026-07-09)",INTERVENTIONAL PAIN MANAGEMENT,ANESTHESIOLOGY,NEW YORK UNIVERSITY,"https://data.cms.gov/provider-data/api/1/datastore/query/mj5m-pzi6/0 (CMS Doctors and Clinicians National Downloadable File, PECOS Medicare enrollment; official_filing; released 2026-07-09)",FILLED_medical_school+grad_year (CMS official filing),training_block_filled_from_CMS_DAC,,,,,EMAIL WITHHELD: no address observed on NEW YORK UNIVERSITY's mail domain; domain itself not discoverable under clamp A (no search engine available; DNS-probed candidate hostnames all NXDOMAIN or parked).,,NOT_UNLOCKED_domain_undiscoverable,,
Kenneth Sinclair Houghton,"https://data.cms.gov/provider-data/api/1/datastore/query/mj5m-pzi6/0 (CMS Doctors and Clinicians National Downloadable File, PECOS Medicare enrollment; official_filing; released 2026-07-09)",ANESTHESIOLOGY,"https://data.cms.gov/provider-data/api/1/datastore/query/mj5m-pzi6/0 (CMS Doctors and Clinicians National Downloadable File, PECOS Medicare enrollment; official_filing; released 2026-07-09)",MCLEOD PHYSICIAN ASSOCIATES II,"https://data.cms.gov/provider-data/api/1/datastore/query/mj5m-pzi6/0 (CMS Doctors and Clinicians National Downloadable File, PECOS Medicare enrollment; official_filing; released 2026-07-09)",,,,,(843) 646-8001,"https://data.cms.gov/provider-data/api/1/datastore/query/mj5m-pzi6/0 (CMS Doctors and Clinicians National Downloadable File, PECOS Medicare enrollment; official_filing; released 2026-07-09)",,,https://npiregistry.cms.hhs.gov/provider-view/1679669162,"https://data.cms.gov/provider-data/api/1/datastore/query/mj5m-pzi6/0 (CMS Doctors and Clinicians National Downloadable File, PECOS Medicare enrollment; official_filing; released 2026-07-09)",single_source,1,"https://data.cms.gov/provider-data/api/1/datastore/query/mj5m-pzi6/0 (CMS Doctors and Clinicians National Downloadable File, PECOS Medicare enrollment; official_filing; released 2026-07-09)",1679669162,MD,MYRTLE BEACH,SC,295794477,Myrtle Beach,1.4,215.8,"practice address MYRTLE BEACH, SC — postal 295 in ring; 1.4 mi from Myrtle Beach centroid vs 215.8 mi Greenville; geo=city_centroid",ANESTHESIOLOGY,false,NONE_FOUND,"NONE_FOUND = UNPUBLISHABLE in this source. The CMS DAC specialty vocabulary contains no ""Pediatric Anesthesiology"" value at all (measured: pri_spec values containing ""PEDIATRIC"" are only ""PEDIATRIC MEDICINE""; sec_spec values containing ""ANESTH"" are only ANESTHESIOLOGY / ANESTHESIOLOGY,HOSPICE-PALLIATIVE CARE / ANESTHESIOLOGY,INTERVENTIONAL PAIN MANAGEMENT). So this official filing cannot express the subspecialty; absence here is not evidence the person lacks it.",,,,official_filing (CMS PECOS Medicare enrollment),yes,practice,,,,https://www.linkedin.com/search/results/people/?keywords=Kenneth%20Sinclair%20Houghton%20anesthesiology,,"VIRGINIA COMMONWEALTH UNIVERSITY, SCHOOL OF MEDICINE","https://data.cms.gov/provider-data/api/1/datastore/query/mj5m-pzi6/0 (CMS Doctors and Clinicians National Downloadable File, PECOS Medicare enrollment; official_filing; released 2026-07-09)",1992,"https://data.cms.gov/provider-data/api/1/datastore/query/mj5m-pzi6/0 (CMS Doctors and Clinicians National Downloadable File, PECOS Medicare enrollment; official_filing; released 2026-07-09)",ANESTHESIOLOGY,,MCLEOD PHYSICIAN ASSOCIATES II,"https://data.cms.gov/provider-data/api/1/datastore/query/mj5m-pzi6/0 (CMS Doctors and Clinicians National Downloadable File, PECOS Medicare enrollment; official_filing; released 2026-07-09)",FILLED_medical_school+grad_year (CMS official filing),NEW_PERSON_round3 (CMS DAC anesthesiology enumeration; absent from round-2 roster),,,,,"EMAIL WITHHELD: mcleodhealth.org runs TWO live formats concurrently — 3 name-confirmed first.last (Maureen.finger@, maggie.jackson@, logan.doriety@) vs 2 name-confirmed flast (rserrano@ Raquel Serrano, dsawyer@ Davis Sawyer) + 4 further flast-shaped (aploeg@, cpernell@, hburgin@, jcauble@); 9 personal addresses observed, ~67% flast. No propagable pattern. Employment also contested: mcLeod_physician_associates=false (contracted group) vs CMS PECOS employer_group. Checked 9 of 9 observed personal addresses.",mcleodhealth.org,WITHHELD_mixed_format+employment_contested,,
Kenneth Wenz,"https://npiregistry.cms.hhs.gov/api/ (NPI registry, taxonomy_description=Anesthesiology|Pediatric Anesthesiology, postal_code=283*|284*|290*|294*|295*)","Pain Medicine, Interventional Pain Medicine","https://npiregistry.cms.hhs.gov/api/ (NPI registry, taxonomy_description=Anesthesiology|Pediatric Anesthesiology, postal_code=283*|284*|290*|294*|295*)",ORTHOSC LLC,"https://data.cms.gov/provider-data/api/1/datastore/query/mj5m-pzi6/0 (CMS Doctors and Clinicians National Downloadable File, PECOS Medicare enrollment; official_filing; released 2026-07-09)",,,kenneth.wenz@orthosc.org,"orthosc.org observed first-party: ann.vennell@orthosc.org + miranda.amos@orthosc.org (first.last) via https://www.orthosc.com/contact/ and https://www.orthosc.com/careers/; COMPETING format mmccorkle@orthosc.org (flast, Melissa McCorkle) observed on same domain -> downgraded from pattern_confirmed to pattern_likely",843-353-3460,"https://npiregistry.cms.hhs.gov/api/ (NPI registry, taxonomy_description=Anesthesiology|Pediatric Anesthesiology, postal_code=283*|284*|290*|294*|295*)",,,https://npiregistry.cms.hhs.gov/provider-view/1003924093,"https://npiregistry.cms.hhs.gov/api/ (NPI registry, taxonomy_description=Anesthesiology|Pediatric Anesthesiology, postal_code=283*|284*|290*|294*|295*)",corroborated,2,"https://npiregistry.cms.hhs.gov/api/ (NPI registry, taxonomy_description=Anesthesiology|Pediatric Anesthesiology, postal_code=283*|284*|290*|294*|295*) | OpenAlex + ORCID public APIs",1003924093,MD,MYRTLE BEACH,SC,295796707,Myrtle Beach,1.4,214.8,closer to Myrtle Beach (1.4 mi) than Greenville (214.8 mi); geo=city_centroid,"Pain Medicine, Interventional Pain Medicine; Anesthesiology, Pain Medicine",false,NONE_FOUND,"OpenAlex returned 23 works, 1 surname-matching author profiles and 0 ORCID name hits for 'Kenneth Wenz', but none combined an anesthesiology/pain affiliation with pediatric content, and none could be tied to the Carolinas — https://api.openalex.org/works?filter=raw_author_name.search:Kenneth%20Wenz || All apparent pediatric hits for this name were rejected as same-name collisions in unrelated fields || NONE_FOUND means nothing was found in open scholarly sources — it is NOT evidence that this provider lacks pediatric experience",pattern_likely,pattern_inferred,"orthosc.org observed first-party: ann.vennell@orthosc.org + miranda.amos@orthosc.org (first.last) via https://www.orthosc.com/contact/ and https://www.orthosc.com/careers/; COMPETING format mmccorkle@orthosc.org (flast, Melissa McCorkle) observed on same domain -> downgraded from pattern_confirmed to pattern_likely",,yes,practice,(843) 353-3460,practice,"https://data.cms.gov/provider-data/api/1/datastore/query/mj5m-pzi6/0 (CMS Doctors and Clinicians National Downloadable File, PECOS Medicare enrollment; official_filing; released 2026-07-09)",https://www.linkedin.com/search/results/people/?keywords=Kenneth%20Wenz%20anesthesiology,,STATE UNIVERSITY OF NEW YORK AT BUFFALO SCHOOL OF MEDICINE,"https://data.cms.gov/provider-data/api/1/datastore/query/mj5m-pzi6/0 (CMS Doctors and Clinicians National Downloadable File, PECOS Medicare enrollment; official_filing; released 2026-07-09)",1990,"https://data.cms.gov/provider-data/api/1/datastore/query/mj5m-pzi6/0 (CMS Doctors and Clinicians National Downloadable File, PECOS Medicare enrollment; official_filing; released 2026-07-09)",ANESTHESIOLOGY,PAIN MANAGEMENT,ORTHOSC LLC,"https://data.cms.gov/provider-data/api/1/datastore/query/mj5m-pzi6/0 (CMS Doctors and Clinicians National Downloadable File, PECOS Medicare enrollment; official_filing; released 2026-07-09)",FILLED_medical_school+grad_year (CMS official filing),training_block_filled_from_CMS_DAC,,,,,NEW EMAIL via domain-unlock hunt on orthosc.org,orthosc.org,UNLOCKED_mixed_format (2 first.last : 1 flast observed),kwenz@orthosc.org,true
Kent Homnick,"https://npiregistry.cms.hhs.gov/api/ (NPI registry, taxonomy_description=Anesthesiology|Pediatric Anesthesiology, postal_code=283*|284*|290*|294*|295*)",Anesthesiology,"https://npiregistry.cms.hhs.gov/api/ (NPI registry, taxonomy_description=Anesthesiology|Pediatric Anesthesiology, postal_code=283*|284*|290*|294*|295*)",,,,,,,843-446-0937,"https://npiregistry.cms.hhs.gov/api/ (NPI registry, taxonomy_description=Anesthesiology|Pediatric Anesthesiology, postal_code=283*|284*|290*|294*|295*)",,,https://npiregistry.cms.hhs.gov/provider-view/1427155241,"https://npiregistry.cms.hhs.gov/api/ (NPI registry, taxonomy_description=Anesthesiology|Pediatric Anesthesiology, postal_code=283*|284*|290*|294*|295*)",corroborated,2,"https://npiregistry.cms.hhs.gov/api/ (NPI registry, taxonomy_description=Anesthesiology|Pediatric Anesthesiology, postal_code=283*|284*|290*|294*|295*) | OpenAlex + ORCID public APIs",1427155241,MD,PAWLEYS ISLAND,SC,295856188,Myrtle Beach,22.3,211.2,closer to Myrtle Beach (22.3 mi) than Greenville (211.2 mi); geo=city_centroid,Anesthesiology,false,NONE_FOUND,OpenAlex works query filter=raw_author_name.search:Kent Homnick returned 0 results — https://api.openalex.org/works?filter=raw_author_name.search:Kent%20Homnick || OpenAlex authors search and ORCID expanded-search for this name returned no surname-matching profile — https://pub.orcid.org/v3.0/expanded-search/?q=given-names:Kent+AND+family-name:Homnick || NONE_FOUND means no scholarly record was located at all — it is NOT evidence that this provider lacks pediatric experience,,,,,yes,practice,,,,https://www.linkedin.com/search/results/people/?keywords=Kent%20Homnick%20anesthesiology,,,,,,,,,,NOT_IN_CMS_DAC (no Medicare enrollment record matched this NPI),,,,,,"EMAIL WITHHELD: no employer of record, so no domain to unlock.",,NO_EMPLOYER_ON_RECORD,,
Kevin Armstrong,"https://npiregistry.cms.hhs.gov/api/ (NPI registry, taxonomy_description=Anesthesiology|Pediatric Anesthesiology, postal_code=283*|284*|290*|294*|295*)",Anesthesiology,"https://npiregistry.cms.hhs.gov/api/ (NPI registry, taxonomy_description=Anesthesiology|Pediatric Anesthesiology, postal_code=283*|284*|290*|294*|295*)",,,,,,,276-698-8151,"https://npiregistry.cms.hhs.gov/api/ (NPI registry, taxonomy_description=Anesthesiology|Pediatric Anesthesiology, postal_code=283*|284*|290*|294*|295*)",,,https://npiregistry.cms.hhs.gov/provider-view/1063489870,"https://npiregistry.cms.hhs.gov/api/ (NPI registry, taxonomy_description=Anesthesiology|Pediatric Anesthesiology, postal_code=283*|284*|290*|294*|295*)",corroborated,2,"https://npiregistry.cms.hhs.gov/api/ (NPI registry, taxonomy_description=Anesthesiology|Pediatric Anesthesiology, postal_code=283*|284*|290*|294*|295*) | OpenAlex + ORCID public APIs",1063489870,m.d.,SUNSET BEACH,NC,284684730,Myrtle Beach,25.8,231.0,closer to Myrtle Beach (25.8 mi) than Greenville (231.0 mi); geo=city_centroid,Anesthesiology,false,NONE_FOUND,"UNCERTAIN IDENTITY: OpenAlex author A5021086646 ('Kevin Armstrong', ORCID 0000-0003-3929-028X, 55 works) has top topics 'Anesthesia and Pain Management', 'Airway Management and Intubation Techniques', 'Anesthesia and Sedative Agents', but all affiliations are Canadian (Western University, London Health Sciences Centre) — no Carolinas tie to the Sunset Beach NC roster entry — https://openalex.org/A5021086646 || 0 of 55 works on that profile match a pediatric/neonatal keyword — https://openalex.org/A5021086646 || The pediatric-looking hits under the name 'Kevin Armstrong' (childhood-cancer survivorship papers, MUSC adolescent-health papers) belong to different authors: 'Kevin J. Armstrong' (child/adolescent psychosocial development, 33 works) and 'Kevin A. Armstrong' (adolescent sexual and reproductive health, 6 works) — name collisions, not anesthesiologists",,,,,yes,practice,,,,https://www.linkedin.com/search/results/people/?keywords=Kevin%20Armstrong%20anesthesiology,,,,,,,,,,NOT_IN_CMS_DAC (no Medicare enrollment record matched this NPI),,,,,,"EMAIL WITHHELD: no employer of record, so no domain to unlock.",,NO_EMPLOYER_ON_RECORD,,
Lawrence Montalto,"https://npiregistry.cms.hhs.gov/api/ (NPI registry, taxonomy_description=Anesthesiology|Pediatric Anesthesiology, postal_code=283*|284*|290*|294*|295*)",,,EMERGEORTHO PA,"https://data.cms.gov/provider-data/api/1/datastore/query/mj5m-pzi6/0 (CMS Doctors and Clinicians National Downloadable File, PECOS Medicare enrollment; official_filing; released 2026-07-09)",,,,,910-332-3800,"https://npiregistry.cms.hhs.gov/api/ (NPI registry, taxonomy_description=Anesthesiology|Pediatric Anesthesiology, postal_code=283*|284*|290*|294*|295*)",,,https://npiregistry.cms.hhs.gov/provider-view/1669891206,"https://npiregistry.cms.hhs.gov/api/ (NPI registry, taxonomy_description=Anesthesiology|Pediatric Anesthesiology, postal_code=283*|284*|290*|294*|295*)",corroborated,2,"https://npiregistry.cms.hhs.gov/api/ (NPI registry, taxonomy_description=Anesthesiology|Pediatric Anesthesiology, postal_code=283*|284*|290*|294*|295*) | OpenAlex + ORCID public APIs",1669891206,D.O.,SHALLOTTE,NC,284704012,Myrtle Beach,35.5,236.3,closer to Myrtle Beach (35.5 mi) than Greenville (236.3 mi); geo=city_centroid,Anesthesiology,false,NONE_FOUND,"Matched OpenAlex author A5119697048 has 1 work, a 2025 neuromodulation abstract ('Neural Panel Prospective Study: Setting and Controlling the Physiologic ECAP Dose'), with topics 'Anesthesia and Pain Management', 'Anesthesia and Sedative Agents', 'Pain Management and Placebo Effect' — adult pain/neuromodulation — https://openalex.org/W4414411878 || 0 of 1 works match a pediatric/neonatal keyword — https://openalex.org/A5119697048",,,,,yes,practice,(910) 332-3800,practice,"https://data.cms.gov/provider-data/api/1/datastore/query/mj5m-pzi6/0 (CMS Doctors and Clinicians National Downloadable File, PECOS Medicare enrollment; official_filing; released 2026-07-09)",https://www.linkedin.com/search/results/people/?keywords=Lawrence%20Montalto%20anesthesiology,,OTHER,"https://data.cms.gov/provider-data/api/1/datastore/query/mj5m-pzi6/0 (CMS Doctors and Clinicians National Downloadable File, PECOS Medicare enrollment; official_filing; released 2026-07-09)",2014,"https://data.cms.gov/provider-data/api/1/datastore/query/mj5m-pzi6/0 (CMS Doctors and Clinicians National Downloadable File, PECOS Medicare enrollment; official_filing; released 2026-07-09)",PAIN MANAGEMENT,,EMERGEORTHO PA,"https://data.cms.gov/provider-data/api/1/datastore/query/mj5m-pzi6/0 (CMS Doctors and Clinicians National Downloadable File, PECOS Medicare enrollment; official_filing; released 2026-07-09)","PARTIAL_grad_year_only (CMS reports med_sch=""OTHER"" — school not on the CMS pick-list, typically international)",training_block_filled_from_CMS_DAC,,,,,EMAIL WITHHELD: no address observed on EMERGEORTHO PA's mail domain; domain itself not discoverable under clamp A (no search engine available; DNS-probed candidate hostnames all NXDOMAIN or parked).,,NOT_UNLOCKED_domain_undiscoverable,,
Laymon Charles Farmer,"https://data.cms.gov/provider-data/api/1/datastore/query/mj5m-pzi6/0 (CMS Doctors and Clinicians National Downloadable File, PECOS Medicare enrollment; official_filing; released 2026-07-09)",ANESTHESIOLOGY,"https://data.cms.gov/provider-data/api/1/datastore/query/mj5m-pzi6/0 (CMS Doctors and Clinicians National Downloadable File, PECOS Medicare enrollment; official_filing; released 2026-07-09)",ATLANTIC COAST ANESTHESIA SERVICES PC,"https://data.cms.gov/provider-data/api/1/datastore/query/mj5m-pzi6/0 (CMS Doctors and Clinicians National Downloadable File, PECOS Medicare enrollment; official_filing; released 2026-07-09)",,,,,(843) 692-1000,"https://data.cms.gov/provider-data/api/1/datastore/query/mj5m-pzi6/0 (CMS Doctors and Clinicians National Downloadable File, PECOS Medicare enrollment; official_filing; released 2026-07-09)",,,https://npiregistry.cms.hhs.gov/provider-view/1235150368,"https://data.cms.gov/provider-data/api/1/datastore/query/mj5m-pzi6/0 (CMS Doctors and Clinicians National Downloadable File, PECOS Medicare enrollment; official_filing; released 2026-07-09)",single_source,1,"https://data.cms.gov/provider-data/api/1/datastore/query/mj5m-pzi6/0 (CMS Doctors and Clinicians National Downloadable File, PECOS Medicare enrollment; official_filing; released 2026-07-09)",1235150368,DO,MYRTLE BEACH,SC,295724607,Myrtle Beach,1.4,215.8,"practice address MYRTLE BEACH, SC — postal 295 in ring; 1.4 mi from Myrtle Beach centroid vs 215.8 mi Greenville; geo=city_centroid",ANESTHESIOLOGY,false,NONE_FOUND,"NONE_FOUND = UNPUBLISHABLE in this source. The CMS DAC specialty vocabulary contains no ""Pediatric Anesthesiology"" value at all (measured: pri_spec values containing ""PEDIATRIC"" are only ""PEDIATRIC MEDICINE""; sec_spec values containing ""ANESTH"" are only ANESTHESIOLOGY / ANESTHESIOLOGY,HOSPICE-PALLIATIVE CARE / ANESTHESIOLOGY,INTERVENTIONAL PAIN MANAGEMENT). So this official filing cannot express the subspecialty; absence here is not evidence the person lacks it.",,,,official_filing (CMS PECOS Medicare enrollment),yes,practice,,,,https://www.linkedin.com/search/results/people/?keywords=Laymon%20Charles%20Farmer%20anesthesiology,,OTHER,"https://data.cms.gov/provider-data/api/1/datastore/query/mj5m-pzi6/0 (CMS Doctors and Clinicians National Downloadable File, PECOS Medicare enrollment; official_filing; released 2026-07-09)",1996,"https://data.cms.gov/provider-data/api/1/datastore/query/mj5m-pzi6/0 (CMS Doctors and Clinicians National Downloadable File, PECOS Medicare enrollment; official_filing; released 2026-07-09)",ANESTHESIOLOGY,,ATLANTIC COAST ANESTHESIA SERVICES PC,"https://data.cms.gov/provider-data/api/1/datastore/query/mj5m-pzi6/0 (CMS Doctors and Clinicians National Downloadable File, PECOS Medicare enrollment; official_filing; released 2026-07-09)","PARTIAL_grad_year_only (CMS reports med_sch=""OTHER"")",NEW_PERSON_round3 (CMS DAC anesthesiology enumeration; absent from round-2 roster),,,,,EMAIL WITHHELD: no address observed on ATLANTIC COAST ANESTHESIA SERVICES PC's mail domain; domain itself not discoverable under clamp A (no search engine available; DNS-probed candidate hostnames all NXDOMAIN or parked).,,NOT_UNLOCKED_domain_undiscoverable,,
Ligia E. Cisneros-Gonzalez,"https://www.mcleodhealth.org/ (public Algolia index live_physicians, app JUNR3SUCF2 — rung 3, no browser)",Anesthesiology,"https://www.mcleodhealth.org/ (public Algolia index live_physicians, app JUNR3SUCF2 — rung 3, no browser)",McLeod Health — McLeod Anesthesia – Loris,"https://www.mcleodhealth.org/ (public Algolia index live_physicians, app JUNR3SUCF2 — rung 3, no browser)",mcleodhealth.org,"https://www.mcleodhealth.org/ (public Algolia index live_physicians, app JUNR3SUCF2 — rung 3, no browser)",,,(843) 716-7370,"https://www.mcleodhealth.org/ (public Algolia index live_physicians, app JUNR3SUCF2 — rung 3, no browser)",,,https://www.mcleodhealth.org/physician/ligia-e-cisneros-gonzalez/,"https://www.mcleodhealth.org/ (public Algolia index live_physicians, app JUNR3SUCF2 — rung 3, no browser)",single_source,1,"https://www.mcleodhealth.org/ (public Algolia index live_physicians, app JUNR3SUCF2 — rung 3, no browser)",1417350026,MD,LORIS,SC,29569,Myrtle Beach,25.5,,"practice address Loris, SC — within 50 mi of Myrtle Beach; geo=city_centroid",,unknown (not matched to an NPI record in this run),NONE_FOUND,McLeod directory lists specialty Anesthesiology only; no pediatric board certification or pediatric fellowship on the profile — https://www.mcleodhealth.org/physician/ligia-e-cisneros-gonzalez/,,,,McLeod Health public physician index,yes,department,,,,https://www.linkedin.com/search/results/people/?keywords=Ligia%20E.%20Cisneros-Gonzalez%20anesthesiology,NEW PERSON (not in round-1 NPI roster; found via McLeod rung-3 index),,,,,,,,,NOT_IN_CMS_DAC (no Medicare enrollment record matched this NPI),npi_resolved_via_CMS_DAC_full_forename+specialty+employer_lock,,,,,"EMAIL WITHHELD: mcleodhealth.org runs TWO live formats concurrently — 3 name-confirmed first.last (Maureen.finger@, maggie.jackson@, logan.doriety@) vs 2 name-confirmed flast (rserrano@ Raquel Serrano, dsawyer@ Davis Sawyer) + 4 further flast-shaped (aploeg@, cpernell@, hburgin@, jcauble@); 9 personal addresses observed, ~67% flast. No propagable pattern. Employment also contested: mcLeod_physician_associates=false (contracted group) vs CMS PECOS employer_group. Checked 9 of 9 observed personal addresses.",mcleodhealth.org,WITHHELD_mixed_format+employment_contested,,
Lloyd Meeks,"https://npiregistry.cms.hhs.gov/api/ (NPI registry, taxonomy_description=Anesthesiology|Pediatric Anesthesiology, postal_code=283*|284*|290*|294*|295*)",Anesthesiology,"https://npiregistry.cms.hhs.gov/api/ (NPI registry, taxonomy_description=Anesthesiology|Pediatric Anesthesiology, postal_code=283*|284*|290*|294*|295*)",SOUTHEAST ANESTHESIOLOGY CONSULTANTS PLLC,"https://data.cms.gov/provider-data/api/1/datastore/query/mj5m-pzi6/0 (CMS Doctors and Clinicians National Downloadable File, PECOS Medicare enrollment; official_filing; released 2026-07-09)",,,,,704-749-5800,"https://npiregistry.cms.hhs.gov/api/ (NPI registry, taxonomy_description=Anesthesiology|Pediatric Anesthesiology, postal_code=283*|284*|290*|294*|295*)",,,https://npiregistry.cms.hhs.gov/provider-view/1801094156,"https://npiregistry.cms.hhs.gov/api/ (NPI registry, taxonomy_description=Anesthesiology|Pediatric Anesthesiology, postal_code=283*|284*|290*|294*|295*)",corroborated,2,"https://npiregistry.cms.hhs.gov/api/ (NPI registry, taxonomy_description=Anesthesiology|Pediatric Anesthesiology, postal_code=283*|284*|290*|294*|295*) | OpenAlex + ORCID public APIs",1801094156,M.D.,BOLIVIA,NC,284228346,Myrtle Beach,49.9,247.5,closer to Myrtle Beach (49.9 mi) than Greenville (247.5 mi); geo=city_centroid,"Anesthesiology, Critical Care Medicine; Anesthesiology, Critical Care Medicine; Anesthesiology, Critical Care Medicine; Anesthesiology",false,NONE_FOUND,OpenAlex works query filter=raw_author_name.search:Lloyd Meeks returned 0 results — https://api.openalex.org/works?filter=raw_author_name.search:Lloyd%20Meeks || OpenAlex authors search and ORCID expanded-search for this name returned no surname-matching profile — https://pub.orcid.org/v3.0/expanded-search/?q=given-names:Lloyd+AND+family-name:Meeks || NONE_FOUND means no scholarly record was located at all — it is NOT evidence that this provider lacks pediatric experience,,,,,yes,practice,(910) 343-7000,department,"https://data.cms.gov/provider-data/api/1/datastore/query/mj5m-pzi6/0 (CMS Doctors and Clinicians National Downloadable File, PECOS Medicare enrollment; official_filing; released 2026-07-09)",https://www.linkedin.com/search/results/people/?keywords=Lloyd%20Meeks%20anesthesiology,,UNIVERSITY OF ARKANSAS COLLEGE OF MEDICINE,"https://data.cms.gov/provider-data/api/1/datastore/query/mj5m-pzi6/0 (CMS Doctors and Clinicians National Downloadable File, PECOS Medicare enrollment; official_filing; released 2026-07-09)",2006,"https://data.cms.gov/provider-data/api/1/datastore/query/mj5m-pzi6/0 (CMS Doctors and Clinicians National Downloadable File, PECOS Medicare enrollment; official_filing; released 2026-07-09)",ANESTHESIOLOGY,,SOUTHEAST ANESTHESIOLOGY CONSULTANTS PLLC,"https://data.cms.gov/provider-data/api/1/datastore/query/mj5m-pzi6/0 (CMS Doctors and Clinicians National Downloadable File, PECOS Medicare enrollment; official_filing; released 2026-07-09)",FILLED_medical_school+grad_year (CMS official filing),training_block_filled_from_CMS_DAC,,,,,EMAIL WITHHELD: no address observed on SOUTHEAST ANESTHESIOLOGY CONSULTANTS PLLC's mail domain; domain itself not discoverable under clamp A (no search engine available; DNS-probed candidate hostnames all NXDOMAIN or parked).,,NOT_UNLOCKED_domain_undiscoverable,,
Lorna Macpherson Miller,"https://data.cms.gov/provider-data/api/1/datastore/query/mj5m-pzi6/0 (CMS Doctors and Clinicians National Downloadable File, PECOS Medicare enrollment; official_filing; released 2026-07-09)",ANESTHESIOLOGY,"https://data.cms.gov/provider-data/api/1/datastore/query/mj5m-pzi6/0 (CMS Doctors and Clinicians National Downloadable File, PECOS Medicare enrollment; official_filing; released 2026-07-09)",MEDSTREAM ANESTHESIA PLLC,"https://data.cms.gov/provider-data/api/1/datastore/query/mj5m-pzi6/0 (CMS Doctors and Clinicians National Downloadable File, PECOS Medicare enrollment; official_filing; released 2026-07-09)",,,,,(843) 347-7111,"https://data.cms.gov/provider-data/api/1/datastore/query/mj5m-pzi6/0 (CMS Doctors and Clinicians National Downloadable File, PECOS Medicare enrollment; official_filing; released 2026-07-09)",,,https://npiregistry.cms.hhs.gov/provider-view/1922088897,"https://data.cms.gov/provider-data/api/1/datastore/query/mj5m-pzi6/0 (CMS Doctors and Clinicians National Downloadable File, PECOS Medicare enrollment; official_filing; released 2026-07-09)",single_source,1,"https://data.cms.gov/provider-data/api/1/datastore/query/mj5m-pzi6/0 (CMS Doctors and Clinicians National Downloadable File, PECOS Medicare enrollment; official_filing; released 2026-07-09)",1922088897,MD,CONWAY,SC,295269142,Myrtle Beach,13.3,203.4,"practice address CONWAY, SC — postal 295 in ring; 13.3 mi from Myrtle Beach centroid vs 203.4 mi Greenville; geo=city_centroid",ANESTHESIOLOGY,false,NONE_FOUND,"NONE_FOUND = UNPUBLISHABLE in this source. The CMS DAC specialty vocabulary contains no ""Pediatric Anesthesiology"" value at all (measured: pri_spec values containing ""PEDIATRIC"" are only ""PEDIATRIC MEDICINE""; sec_spec values containing ""ANESTH"" are only ANESTHESIOLOGY / ANESTHESIOLOGY,HOSPICE-PALLIATIVE CARE / ANESTHESIOLOGY,INTERVENTIONAL PAIN MANAGEMENT). So this official filing cannot express the subspecialty; absence here is not evidence the person lacks it.",,,,official_filing (CMS PECOS Medicare enrollment),yes,practice,,,,https://www.linkedin.com/search/results/people/?keywords=Lorna%20Macpherson%20Miller%20anesthesiology,,GEORGE WASHINGTON UNIVERSITY SCHOOL OF MEDICINE,"https://data.cms.gov/provider-data/api/1/datastore/query/mj5m-pzi6/0 (CMS Doctors and Clinicians National Downloadable File, PECOS Medicare enrollment; official_filing; released 2026-07-09)",1990,"https://data.cms.gov/provider-data/api/1/datastore/query/mj5m-pzi6/0 (CMS Doctors and Clinicians National Downloadable File, PECOS Medicare enrollment; official_filing; released 2026-07-09)",ANESTHESIOLOGY,,MEDSTREAM ANESTHESIA PLLC,"https://data.cms.gov/provider-data/api/1/datastore/query/mj5m-pzi6/0 (CMS Doctors and Clinicians National Downloadable File, PECOS Medicare enrollment; official_filing; released 2026-07-09)",FILLED_medical_school+grad_year (CMS official filing),NEW_PERSON_round3 (CMS DAC anesthesiology enumeration; absent from round-2 roster),,,,,EMAIL WITHHELD: no address observed on MEDSTREAM ANESTHESIA PLLC's mail domain; domain itself not discoverable under clamp A (no search engine available; DNS-probed candidate hostnames all NXDOMAIN or parked).,,NOT_UNLOCKED_domain_undiscoverable,,
Maria Gorneva,"https://data.cms.gov/provider-data/api/1/datastore/query/mj5m-pzi6/0 (CMS Doctors and Clinicians National Downloadable File, PECOS Medicare enrollment; official_filing; released 2026-07-09)",ANESTHESIOLOGY,"https://data.cms.gov/provider-data/api/1/datastore/query/mj5m-pzi6/0 (CMS Doctors and Clinicians National Downloadable File, PECOS Medicare enrollment; official_filing; released 2026-07-09)",ATLANTIC COAST ANESTHESIA SERVICES PC,"https://data.cms.gov/provider-data/api/1/datastore/query/mj5m-pzi6/0 (CMS Doctors and Clinicians National Downloadable File, PECOS Medicare enrollment; official_filing; released 2026-07-09)",,,,,(843) 692-1000,"https://data.cms.gov/provider-data/api/1/datastore/query/mj5m-pzi6/0 (CMS Doctors and Clinicians National Downloadable File, PECOS Medicare enrollment; official_filing; released 2026-07-09)",,,https://npiregistry.cms.hhs.gov/provider-view/1043730419,"https://data.cms.gov/provider-data/api/1/datastore/query/mj5m-pzi6/0 (CMS Doctors and Clinicians National Downloadable File, PECOS Medicare enrollment; official_filing; released 2026-07-09)",single_source,1,"https://data.cms.gov/provider-data/api/1/datastore/query/mj5m-pzi6/0 (CMS Doctors and Clinicians National Downloadable File, PECOS Medicare enrollment; official_filing; released 2026-07-09)",1043730419,MD,MYRTLE BEACH,SC,295724607,Myrtle Beach,1.4,215.8,"practice address MYRTLE BEACH, SC — postal 295 in ring; 1.4 mi from Myrtle Beach centroid vs 215.8 mi Greenville; geo=city_centroid",ANESTHESIOLOGY,false,NONE_FOUND,"NONE_FOUND = UNPUBLISHABLE in this source. The CMS DAC specialty vocabulary contains no ""Pediatric Anesthesiology"" value at all (measured: pri_spec values containing ""PEDIATRIC"" are only ""PEDIATRIC MEDICINE""; sec_spec values containing ""ANESTH"" are only ANESTHESIOLOGY / ANESTHESIOLOGY,HOSPICE-PALLIATIVE CARE / ANESTHESIOLOGY,INTERVENTIONAL PAIN MANAGEMENT). So this official filing cannot express the subspecialty; absence here is not evidence the person lacks it.",,,,official_filing (CMS PECOS Medicare enrollment),yes,practice,,,,https://www.linkedin.com/search/results/people/?keywords=Maria%20Gorneva%20anesthesiology,,OTHER,"https://data.cms.gov/provider-data/api/1/datastore/query/mj5m-pzi6/0 (CMS Doctors and Clinicians National Downloadable File, PECOS Medicare enrollment; official_filing; released 2026-07-09)",2011,"https://data.cms.gov/provider-data/api/1/datastore/query/mj5m-pzi6/0 (CMS Doctors and Clinicians National Downloadable File, PECOS Medicare enrollment; official_filing; released 2026-07-09)",ANESTHESIOLOGY,,ATLANTIC COAST ANESTHESIA SERVICES PC,"https://data.cms.gov/provider-data/api/1/datastore/query/mj5m-pzi6/0 (CMS Doctors and Clinicians National Downloadable File, PECOS Medicare enrollment; official_filing; released 2026-07-09)","PARTIAL_grad_year_only (CMS reports med_sch=""OTHER"")",NEW_PERSON_round3 (CMS DAC anesthesiology enumeration; absent from round-2 roster),,,,,EMAIL WITHHELD: no address observed on ATLANTIC COAST ANESTHESIA SERVICES PC's mail domain; domain itself not discoverable under clamp A (no search engine available; DNS-probed candidate hostnames all NXDOMAIN or parked).,,NOT_UNLOCKED_domain_undiscoverable,,
Matthew Holt,"https://data.cms.gov/provider-data/api/1/datastore/query/mj5m-pzi6/0 (CMS Doctors and Clinicians National Downloadable File, PECOS Medicare enrollment; official_filing; released 2026-07-09)",ANESTHESIOLOGY,"https://data.cms.gov/provider-data/api/1/datastore/query/mj5m-pzi6/0 (CMS Doctors and Clinicians National Downloadable File, PECOS Medicare enrollment; official_filing; released 2026-07-09)",TIDELANDS ANESTHESIA GROUP LLC,"https://data.cms.gov/provider-data/api/1/datastore/query/mj5m-pzi6/0 (CMS Doctors and Clinicians National Downloadable File, PECOS Medicare enrollment; official_filing; released 2026-07-09)",,,,,(843) 527-7100,"https://data.cms.gov/provider-data/api/1/datastore/query/mj5m-pzi6/0 (CMS Doctors and Clinicians National Downloadable File, PECOS Medicare enrollment; official_filing; released 2026-07-09)",,,https://npiregistry.cms.hhs.gov/provider-view/1598331746,"https://data.cms.gov/provider-data/api/1/datastore/query/mj5m-pzi6/0 (CMS Doctors and Clinicians National Downloadable File, PECOS Medicare enrollment; official_filing; released 2026-07-09)",single_source,1,"https://data.cms.gov/provider-data/api/1/datastore/query/mj5m-pzi6/0 (CMS Doctors and Clinicians National Downloadable File, PECOS Medicare enrollment; official_filing; released 2026-07-09)",1598331746,MD,GEORGETOWN,SC,294403304,Myrtle Beach,31.5,204.5,"practice address GEORGETOWN, SC — postal 294 in ring; 31.5 mi from Myrtle Beach centroid vs 204.5 mi Greenville; geo=city_centroid",ANESTHESIOLOGY,false,NONE_FOUND,"NONE_FOUND = UNPUBLISHABLE in this source. The CMS DAC specialty vocabulary contains no ""Pediatric Anesthesiology"" value at all (measured: pri_spec values containing ""PEDIATRIC"" are only ""PEDIATRIC MEDICINE""; sec_spec values containing ""ANESTH"" are only ANESTHESIOLOGY / ANESTHESIOLOGY,HOSPICE-PALLIATIVE CARE / ANESTHESIOLOGY,INTERVENTIONAL PAIN MANAGEMENT). So this official filing cannot express the subspecialty; absence here is not evidence the person lacks it. || NONE_FOUND = CHECKED-AND-ABSENT on Healthgrades. Control test: the Healthgrades education schema does carry typeCode RESIDE/FELLOW (proved on dr-edward-gologorsky-2fywb, same Georgetown result set, which returns a 1994 UPMC Fellowship). Healthgrades simply holds no residency/fellowship row for this person. Independently, an NPI-taxonomy sweep for Pediatric Anesthesiology 207LP2900X across Georgetown/Myrtle Beach/Conway/Murrells Inlet/Pawleys Island SC returned result_count 0 in all five.",,,,official_filing (CMS PECOS Medicare enrollment),yes,department,,,,https://www.linkedin.com/search/results/people/?keywords=Matthew%20Holt%20anesthesiology,,MEDICAL UNIVERSITY OF SOUTH CAROLINA COLLEGE OF MEDICINE,"https://data.cms.gov/provider-data/api/1/datastore/query/mj5m-pzi6/0 (CMS Doctors and Clinicians National Downloadable File, PECOS Medicare enrollment; official_filing; released 2026-07-09)",2021,"https://data.cms.gov/provider-data/api/1/datastore/query/mj5m-pzi6/0 (CMS Doctors and Clinicians National Downloadable File, PECOS Medicare enrollment; official_filing; released 2026-07-09)",ANESTHESIOLOGY,,TIDELANDS ANESTHESIA GROUP LLC,"https://data.cms.gov/provider-data/api/1/datastore/query/mj5m-pzi6/0 (CMS Doctors and Clinicians National Downloadable File, PECOS Medicare enrollment; official_filing; released 2026-07-09)",FILLED_medical_school+grad_year (CMS official filing),NEW_PERSON_round3 (CMS DAC anesthesiology enumeration; absent from round-2 roster),Anesthesiology (American Board of Anesthesiology),https://www.healthgrades.com/physician/dr-matthew-holt-4mvwbpm471,https://www.healthgrades.com/physician/dr-matthew-holt-4mvwbpm471,"NONE_FOUND = CHECKED-AND-ABSENT on Healthgrades. Control test: the Healthgrades education schema does carry typeCode RESIDE/FELLOW (proved on dr-edward-gologorsky-2fywb, same Georgetown result set, which returns a 1994 UPMC Fellowship). Healthgrades simply holds no residency/fellowship row for this person. Independently, an NPI-taxonomy sweep for Pediatric Anesthesiology 207LP2900X across Georgetown/Myrtle Beach/Conway/Murrells Inlet/Pawleys Island SC returned result_count 0 in all five.",EMAIL WITHHELD: no address observed on TIDELANDS ANESTHESIA GROUP LLC's mail domain; domain itself not discoverable under clamp A (no search engine available; DNS-probed candidate hostnames all NXDOMAIN or parked).,,NOT_UNLOCKED_domain_undiscoverable,,
Michael Alvarado,"https://npiregistry.cms.hhs.gov/api/ (NPI registry, taxonomy_description=Anesthesiology|Pediatric Anesthesiology, postal_code=283*|284*|290*|294*|295*)",Anesthesiology,"https://npiregistry.cms.hhs.gov/api/ (NPI registry, taxonomy_description=Anesthesiology|Pediatric Anesthesiology, postal_code=283*|284*|290*|294*|295*)","GEORGETOWN PHYSICIAN ASSOCIATES, LLC","https://data.cms.gov/provider-data/api/1/datastore/query/mj5m-pzi6/0 (CMS Doctors and Clinicians National Downloadable File, PECOS Medicare enrollment; official_filing; released 2026-07-09)",,,,,843-545-5927,"https://npiregistry.cms.hhs.gov/api/ (NPI registry, taxonomy_description=Anesthesiology|Pediatric Anesthesiology, postal_code=283*|284*|290*|294*|295*)",,,https://npiregistry.cms.hhs.gov/provider-view/1750801841,"https://npiregistry.cms.hhs.gov/api/ (NPI registry, taxonomy_description=Anesthesiology|Pediatric Anesthesiology, postal_code=283*|284*|290*|294*|295*)",corroborated,2,"https://npiregistry.cms.hhs.gov/api/ (NPI registry, taxonomy_description=Anesthesiology|Pediatric Anesthesiology, postal_code=283*|284*|290*|294*|295*) | OpenAlex + ORCID public APIs",1750801841,MD,MYRTLE BEACH,SC,295771663,Myrtle Beach,1.4,214.8,closer to Myrtle Beach (1.4 mi) than Greenville (214.8 mi); geo=city_centroid,Anesthesiology,false,NONE_FOUND,"OpenAlex returned 50 works, 6 surname-matching author profiles and 15 ORCID name hits for 'Michael Alvarado', but none combined an anesthesiology/pain affiliation with pediatric content, and none could be tied to the Carolinas — https://api.openalex.org/works?filter=raw_author_name.search:Michael%20Alvarado || All apparent pediatric hits for this name were rejected as same-name collisions in unrelated fields || NONE_FOUND means nothing was found in open scholarly sources — it is NOT evidence that this provider lacks pediatric experience",,,,,yes,practice,(843) 848-5000,practice,"https://data.cms.gov/provider-data/api/1/datastore/query/mj5m-pzi6/0 (CMS Doctors and Clinicians National Downloadable File, PECOS Medicare enrollment; official_filing; released 2026-07-09)",https://www.linkedin.com/search/results/people/?keywords=Michael%20Alvarado%20anesthesiology,,OTHER,"https://data.cms.gov/provider-data/api/1/datastore/query/mj5m-pzi6/0 (CMS Doctors and Clinicians National Downloadable File, PECOS Medicare enrollment; official_filing; released 2026-07-09)",2017,"https://data.cms.gov/provider-data/api/1/datastore/query/mj5m-pzi6/0 (CMS Doctors and Clinicians National Downloadable File, PECOS Medicare enrollment; official_filing; released 2026-07-09)",ANESTHESIOLOGY,,"GEORGETOWN PHYSICIAN ASSOCIATES, LLC | WESTERN OKLAHOMA PAIN SPECIALISTS LLC","https://data.cms.gov/provider-data/api/1/datastore/query/mj5m-pzi6/0 (CMS Doctors and Clinicians National Downloadable File, PECOS Medicare enrollment; official_filing; released 2026-07-09)","PARTIAL_grad_year_only (CMS reports med_sch=""OTHER"" — school not on the CMS pick-list, typically international)",training_block_filled_from_CMS_DAC,,,,,"EMAIL WITHHELD: no address observed on GEORGETOWN PHYSICIAN ASSOCIATES, LLC's mail domain; domain itself not discoverable under clamp A (no search engine available; DNS-probed candidate hostnames all NXDOMAIN or parked).",,NOT_UNLOCKED_domain_undiscoverable,,
Michael Andrew Lee,"https://data.cms.gov/provider-data/api/1/datastore/query/mj5m-pzi6/0 (CMS Doctors and Clinicians National Downloadable File, PECOS Medicare enrollment; official_filing; released 2026-07-09)",ANESTHESIOLOGY,"https://data.cms.gov/provider-data/api/1/datastore/query/mj5m-pzi6/0 (CMS Doctors and Clinicians National Downloadable File, PECOS Medicare enrollment; official_filing; released 2026-07-09)",PROVIDENCE ANESTHESIOLOGY ASSOCIATES PA,"https://data.cms.gov/provider-data/api/1/datastore/query/mj5m-pzi6/0 (CMS Doctors and Clinicians National Downloadable File, PECOS Medicare enrollment; official_filing; released 2026-07-09)",,,,,(910) 721-1000,"https://data.cms.gov/provider-data/api/1/datastore/query/mj5m-pzi6/0 (CMS Doctors and Clinicians National Downloadable File, PECOS Medicare enrollment; official_filing; released 2026-07-09)",,,https://npiregistry.cms.hhs.gov/provider-view/1215260997,"https://data.cms.gov/provider-data/api/1/datastore/query/mj5m-pzi6/0 (CMS Doctors and Clinicians National Downloadable File, PECOS Medicare enrollment; official_filing; released 2026-07-09)",single_source,1,"https://data.cms.gov/provider-data/api/1/datastore/query/mj5m-pzi6/0 (CMS Doctors and Clinicians National Downloadable File, PECOS Medicare enrollment; official_filing; released 2026-07-09)",1215260997,MD,BOLIVIA,NC,284228346,Myrtle Beach,49.9,247.9,"practice address BOLIVIA, NC — postal 284 in ring; 49.9 mi from Myrtle Beach centroid vs 247.9 mi Greenville; geo=city_centroid",ANESTHESIOLOGY,false,NONE_FOUND,"NONE_FOUND = UNPUBLISHABLE in this source. The CMS DAC specialty vocabulary contains no ""Pediatric Anesthesiology"" value at all (measured: pri_spec values containing ""PEDIATRIC"" are only ""PEDIATRIC MEDICINE""; sec_spec values containing ""ANESTH"" are only ANESTHESIOLOGY / ANESTHESIOLOGY,HOSPICE-PALLIATIVE CARE / ANESTHESIOLOGY,INTERVENTIONAL PAIN MANAGEMENT). So this official filing cannot express the subspecialty; absence here is not evidence the person lacks it.",,,,official_filing (CMS PECOS Medicare enrollment),yes,practice,,,,https://www.linkedin.com/search/results/people/?keywords=Michael%20Andrew%20Lee%20anesthesiology,,OTHER,"https://data.cms.gov/provider-data/api/1/datastore/query/mj5m-pzi6/0 (CMS Doctors and Clinicians National Downloadable File, PECOS Medicare enrollment; official_filing; released 2026-07-09)",2009,"https://data.cms.gov/provider-data/api/1/datastore/query/mj5m-pzi6/0 (CMS Doctors and Clinicians National Downloadable File, PECOS Medicare enrollment; official_filing; released 2026-07-09)",ANESTHESIOLOGY,,PROVIDENCE ANESTHESIOLOGY ASSOCIATES PA,"https://data.cms.gov/provider-data/api/1/datastore/query/mj5m-pzi6/0 (CMS Doctors and Clinicians National Downloadable File, PECOS Medicare enrollment; official_filing; released 2026-07-09)","PARTIAL_grad_year_only (CMS reports med_sch=""OTHER"")",NEW_PERSON_round3 (CMS DAC anesthesiology enumeration; absent from round-2 roster),,,,,EMAIL WITHHELD: no address observed on PROVIDENCE ANESTHESIOLOGY ASSOCIATES PA's mail domain; domain itself not discoverable under clamp A (no search engine available; DNS-probed candidate hostnames all NXDOMAIN or parked).,,NOT_UNLOCKED_domain_undiscoverable,,
Michael Bart Pesce,"https://data.cms.gov/provider-data/api/1/datastore/query/mj5m-pzi6/0 (CMS Doctors and Clinicians National Downloadable File, PECOS Medicare enrollment; official_filing; released 2026-07-09)",ANESTHESIOLOGY,"https://data.cms.gov/provider-data/api/1/datastore/query/mj5m-pzi6/0 (CMS Doctors and Clinicians National Downloadable File, PECOS Medicare enrollment; official_filing; released 2026-07-09)",TIDELANDS ANESTHESIA GROUP LLC,"https://data.cms.gov/provider-data/api/1/datastore/query/mj5m-pzi6/0 (CMS Doctors and Clinicians National Downloadable File, PECOS Medicare enrollment; official_filing; released 2026-07-09)",,,,,(843) 527-7100,"https://data.cms.gov/provider-data/api/1/datastore/query/mj5m-pzi6/0 (CMS Doctors and Clinicians National Downloadable File, PECOS Medicare enrollment; official_filing; released 2026-07-09)",,,https://npiregistry.cms.hhs.gov/provider-view/1124016589,"https://data.cms.gov/provider-data/api/1/datastore/query/mj5m-pzi6/0 (CMS Doctors and Clinicians National Downloadable File, PECOS Medicare enrollment; official_filing; released 2026-07-09)",single_source,1,"https://data.cms.gov/provider-data/api/1/datastore/query/mj5m-pzi6/0 (CMS Doctors and Clinicians National Downloadable File, PECOS Medicare enrollment; official_filing; released 2026-07-09)",1124016589,MD,GEORGETOWN,SC,294403304,Myrtle Beach,31.5,204.5,"practice address GEORGETOWN, SC — postal 294 in ring; 31.5 mi from Myrtle Beach centroid vs 204.5 mi Greenville; geo=city_centroid",ANESTHESIOLOGY,false,NONE_FOUND,"NONE_FOUND = UNPUBLISHABLE in this source. The CMS DAC specialty vocabulary contains no ""Pediatric Anesthesiology"" value at all (measured: pri_spec values containing ""PEDIATRIC"" are only ""PEDIATRIC MEDICINE""; sec_spec values containing ""ANESTH"" are only ANESTHESIOLOGY / ANESTHESIOLOGY,HOSPICE-PALLIATIVE CARE / ANESTHESIOLOGY,INTERVENTIONAL PAIN MANAGEMENT). So this official filing cannot express the subspecialty; absence here is not evidence the person lacks it. || NONE_FOUND = UNPUBLISHABLE. tidelandshealth.org publishes no training block for any of its 12 anesthesiologists and 403s to curl; ABA has no public diplomate lookup; ABMS certificationmatters 403s to curl and WebFetch (blocked, not absent); ASA and SPA publish no public roster; Healthgrades has no page for this person at all.",,,,official_filing (CMS PECOS Medicare enrollment),yes,department,,,,https://www.linkedin.com/search/results/people/?keywords=Michael%20Bart%20Pesce%20anesthesiology,,OTHER,"https://data.cms.gov/provider-data/api/1/datastore/query/mj5m-pzi6/0 (CMS Doctors and Clinicians National Downloadable File, PECOS Medicare enrollment; official_filing; released 2026-07-09)",1977,"https://data.cms.gov/provider-data/api/1/datastore/query/mj5m-pzi6/0 (CMS Doctors and Clinicians National Downloadable File, PECOS Medicare enrollment; official_filing; released 2026-07-09)",ANESTHESIOLOGY,,TIDELANDS ANESTHESIA GROUP LLC,"https://data.cms.gov/provider-data/api/1/datastore/query/mj5m-pzi6/0 (CMS Doctors and Clinicians National Downloadable File, PECOS Medicare enrollment; official_filing; released 2026-07-09)","PARTIAL_grad_year_only (CMS reports med_sch=""OTHER"")",NEW_PERSON_round3 (CMS DAC anesthesiology enumeration; absent from round-2 roster),,,,"NONE_FOUND = UNPUBLISHABLE. tidelandshealth.org publishes no training block for any of its 12 anesthesiologists and 403s to curl; ABA has no public diplomate lookup; ABMS certificationmatters 403s to curl and WebFetch (blocked, not absent); ASA and SPA publish no public roster; Healthgrades has no page for this person at all.",EMAIL WITHHELD: no address observed on TIDELANDS ANESTHESIA GROUP LLC's mail domain; domain itself not discoverable under clamp A (no search engine available; DNS-probed candidate hostnames all NXDOMAIN or parked).,,NOT_UNLOCKED_domain_undiscoverable,,
Michael D. Wingfield,"https://www.mcleodhealth.org/ (public Algolia index live_physicians, app JUNR3SUCF2 — rung 3, no browser)",Anesthesiology,"https://www.mcleodhealth.org/ (public Algolia index live_physicians, app JUNR3SUCF2 — rung 3, no browser)",McLeod Health — McLeod Anesthesia – Loris,"https://www.mcleodhealth.org/ (public Algolia index live_physicians, app JUNR3SUCF2 — rung 3, no browser)",mcleodhealth.org,"https://www.mcleodhealth.org/ (public Algolia index live_physicians, app JUNR3SUCF2 — rung 3, no browser)",,,(843) 716-7370,"https://www.mcleodhealth.org/ (public Algolia index live_physicians, app JUNR3SUCF2 — rung 3, no browser)",,,https://www.mcleodhealth.org/physician/michael-d-wingfield/,"https://www.mcleodhealth.org/ (public Algolia index live_physicians, app JUNR3SUCF2 — rung 3, no browser)",single_source,1,"https://www.mcleodhealth.org/ (public Algolia index live_physicians, app JUNR3SUCF2 — rung 3, no browser)",1447287578,DO,LORIS,SC,29569,Myrtle Beach,25.5,,"practice address Loris, SC — within 50 mi of Myrtle Beach; geo=city_centroid",,unknown (not matched to an NPI record in this run),NONE_FOUND,McLeod directory lists specialty Anesthesiology only; no pediatric board certification or pediatric fellowship on the profile — https://www.mcleodhealth.org/physician/michael-d-wingfield/,,,,McLeod Health public physician index,yes,department,(910) 642-8011,practice,"https://data.cms.gov/provider-data/api/1/datastore/query/mj5m-pzi6/0 (CMS Doctors and Clinicians National Downloadable File, PECOS Medicare enrollment; official_filing; released 2026-07-09)",https://www.linkedin.com/search/results/people/?keywords=Michael%20D.%20Wingfield%20anesthesiology,NEW PERSON (not in round-1 NPI roster; found via McLeod rung-3 index),PHILADELPHIA COLLEGE OF OSTEOPATHIC MEDICINE,"https://data.cms.gov/provider-data/api/1/datastore/query/mj5m-pzi6/0 (CMS Doctors and Clinicians National Downloadable File, PECOS Medicare enrollment; official_filing; released 2026-07-09)",2000,"https://data.cms.gov/provider-data/api/1/datastore/query/mj5m-pzi6/0 (CMS Doctors and Clinicians National Downloadable File, PECOS Medicare enrollment; official_filing; released 2026-07-09)",ANESTHESIOLOGY,INTERVENTIONAL PAIN MANAGEMENT,MCLEOD PHYSICIAN ASSOCIATES II | SOUTHEAST ANESTHESIOLOGY CONSULTANTS PLLC,"https://data.cms.gov/provider-data/api/1/datastore/query/mj5m-pzi6/0 (CMS Doctors and Clinicians National Downloadable File, PECOS Medicare enrollment; official_filing; released 2026-07-09)",FILLED_medical_school+grad_year (CMS official filing),npi_resolved_via_CMS_DAC_full_forename+specialty+employer_lock,,,,,"EMAIL WITHHELD: mcleodhealth.org runs TWO live formats concurrently — 3 name-confirmed first.last (Maureen.finger@, maggie.jackson@, logan.doriety@) vs 2 name-confirmed flast (rserrano@ Raquel Serrano, dsawyer@ Davis Sawyer) + 4 further flast-shaped (aploeg@, cpernell@, hburgin@, jcauble@); 9 personal addresses observed, ~67% flast. No propagable pattern. Employment also contested: mcLeod_physician_associates=false (contracted group) vs CMS PECOS employer_group. Checked 9 of 9 observed personal addresses.",mcleodhealth.org,WITHHELD_mixed_format+employment_contested,,
Michael Ford,"https://npiregistry.cms.hhs.gov/api/ (NPI registry, taxonomy_description=Anesthesiology|Pediatric Anesthesiology, postal_code=283*|284*|290*|294*|295*)",Anesthesiology,"https://npiregistry.cms.hhs.gov/api/ (NPI registry, taxonomy_description=Anesthesiology|Pediatric Anesthesiology, postal_code=283*|284*|290*|294*|295*)",ATLANTIC COAST ANESTHESIA SERVICES PC,"https://data.cms.gov/provider-data/api/1/datastore/query/mj5m-pzi6/0 (CMS Doctors and Clinicians National Downloadable File, PECOS Medicare enrollment; official_filing; released 2026-07-09)",,,,,720-762-0699,"https://npiregistry.cms.hhs.gov/api/ (NPI registry, taxonomy_description=Anesthesiology|Pediatric Anesthesiology, postal_code=283*|284*|290*|294*|295*)",,,https://npiregistry.cms.hhs.gov/provider-view/1457402513,"https://npiregistry.cms.hhs.gov/api/ (NPI registry, taxonomy_description=Anesthesiology|Pediatric Anesthesiology, postal_code=283*|284*|290*|294*|295*)",corroborated,2,"https://npiregistry.cms.hhs.gov/api/ (NPI registry, taxonomy_description=Anesthesiology|Pediatric Anesthesiology, postal_code=283*|284*|290*|294*|295*) | OpenAlex + ORCID public APIs",1457402513,M.D.,MYRTLE BEACH,SC,295724607,Myrtle Beach,1.4,214.8,closer to Myrtle Beach (1.4 mi) than Greenville (214.8 mi); geo=city_centroid,Anesthesiology; Anesthesiology,false,NONE_FOUND,"OpenAlex returned 0 works, 7 surname-matching author profiles and 15 ORCID name hits for 'Michael Ford', but none combined an anesthesiology/pain affiliation with pediatric content, and none could be tied to the Carolinas — https://api.openalex.org/works?filter=raw_author_name.search:Michael%20Ford || All apparent pediatric hits for this name were rejected as same-name collisions in unrelated fields || NONE_FOUND means nothing was found in open scholarly sources — it is NOT evidence that this provider lacks pediatric experience",,,,,yes,practice,(843) 692-1000,practice,"https://data.cms.gov/provider-data/api/1/datastore/query/mj5m-pzi6/0 (CMS Doctors and Clinicians National Downloadable File, PECOS Medicare enrollment; official_filing; released 2026-07-09)",https://www.linkedin.com/search/results/people/?keywords=Michael%20Ford%20anesthesiology,,OTHER,"https://data.cms.gov/provider-data/api/1/datastore/query/mj5m-pzi6/0 (CMS Doctors and Clinicians National Downloadable File, PECOS Medicare enrollment; official_filing; released 2026-07-09)",2005,"https://data.cms.gov/provider-data/api/1/datastore/query/mj5m-pzi6/0 (CMS Doctors and Clinicians National Downloadable File, PECOS Medicare enrollment; official_filing; released 2026-07-09)",ANESTHESIOLOGY,,ATLANTIC COAST ANESTHESIA SERVICES PC,"https://data.cms.gov/provider-data/api/1/datastore/query/mj5m-pzi6/0 (CMS Doctors and Clinicians National Downloadable File, PECOS Medicare enrollment; official_filing; released 2026-07-09)","PARTIAL_grad_year_only (CMS reports med_sch=""OTHER"" — school not on the CMS pick-list, typically international)",training_block_filled_from_CMS_DAC,,,,,EMAIL WITHHELD: no address observed on ATLANTIC COAST ANESTHESIA SERVICES PC's mail domain; domain itself not discoverable under clamp A (no search engine available; DNS-probed candidate hostnames all NXDOMAIN or parked).,,NOT_UNLOCKED_domain_undiscoverable,,
Michael James Warden,"https://data.cms.gov/provider-data/api/1/datastore/query/mj5m-pzi6/0 (CMS Doctors and Clinicians National Downloadable File, PECOS Medicare enrollment; official_filing; released 2026-07-09)",ANESTHESIOLOGY,"https://data.cms.gov/provider-data/api/1/datastore/query/mj5m-pzi6/0 (CMS Doctors and Clinicians National Downloadable File, PECOS Medicare enrollment; official_filing; released 2026-07-09)",MCLEOD PHYSICIAN ASSOCIATES II,"https://data.cms.gov/provider-data/api/1/datastore/query/mj5m-pzi6/0 (CMS Doctors and Clinicians National Downloadable File, PECOS Medicare enrollment; official_filing; released 2026-07-09)",,,,,,,,,https://npiregistry.cms.hhs.gov/provider-view/1164943155,"https://data.cms.gov/provider-data/api/1/datastore/query/mj5m-pzi6/0 (CMS Doctors and Clinicians National Downloadable File, PECOS Medicare enrollment; official_filing; released 2026-07-09)",single_source,1,"https://data.cms.gov/provider-data/api/1/datastore/query/mj5m-pzi6/0 (CMS Doctors and Clinicians National Downloadable File, PECOS Medicare enrollment; official_filing; released 2026-07-09)",1164943155,MD,LITTLE RIVER,SC,295668164,Myrtle Beach,19.5,226.2,"practice address LITTLE RIVER, SC — postal 295 in ring; 19.5 mi from Myrtle Beach centroid vs 226.2 mi Greenville; geo=city_centroid",ANESTHESIOLOGY,false,NONE_FOUND,"NONE_FOUND = UNPUBLISHABLE in this source. The CMS DAC specialty vocabulary contains no ""Pediatric Anesthesiology"" value at all (measured: pri_spec values containing ""PEDIATRIC"" are only ""PEDIATRIC MEDICINE""; sec_spec values containing ""ANESTH"" are only ANESTHESIOLOGY / ANESTHESIOLOGY,HOSPICE-PALLIATIVE CARE / ANESTHESIOLOGY,INTERVENTIONAL PAIN MANAGEMENT). So this official filing cannot express the subspecialty; absence here is not evidence the person lacks it.",,,,official_filing (CMS PECOS Medicare enrollment),no,,,,,https://www.linkedin.com/search/results/people/?keywords=Michael%20James%20Warden%20anesthesiology,,UNIVERSITY OF TOLEDO COLLEGE OF MEDICINE,"https://data.cms.gov/provider-data/api/1/datastore/query/mj5m-pzi6/0 (CMS Doctors and Clinicians National Downloadable File, PECOS Medicare enrollment; official_filing; released 2026-07-09)",2022,"https://data.cms.gov/provider-data/api/1/datastore/query/mj5m-pzi6/0 (CMS Doctors and Clinicians National Downloadable File, PECOS Medicare enrollment; official_filing; released 2026-07-09)",ANESTHESIOLOGY,,MCLEOD PHYSICIAN ASSOCIATES II,"https://data.cms.gov/provider-data/api/1/datastore/query/mj5m-pzi6/0 (CMS Doctors and Clinicians National Downloadable File, PECOS Medicare enrollment; official_filing; released 2026-07-09)",FILLED_medical_school+grad_year (CMS official filing),NEW_PERSON_round3 (CMS DAC anesthesiology enumeration; absent from round-2 roster),,,,,"EMAIL WITHHELD: mcleodhealth.org runs TWO live formats concurrently — 3 name-confirmed first.last (Maureen.finger@, maggie.jackson@, logan.doriety@) vs 2 name-confirmed flast (rserrano@ Raquel Serrano, dsawyer@ Davis Sawyer) + 4 further flast-shaped (aploeg@, cpernell@, hburgin@, jcauble@); 9 personal addresses observed, ~67% flast. No propagable pattern. Employment also contested: mcLeod_physician_associates=false (contracted group) vs CMS PECOS employer_group. Checked 9 of 9 observed personal addresses.",mcleodhealth.org,WITHHELD_mixed_format+employment_contested,,
Michael Jones,"https://data.cms.gov/provider-data/api/1/datastore/query/mj5m-pzi6/0 (CMS Doctors and Clinicians National Downloadable File, PECOS Medicare enrollment; official_filing; released 2026-07-09)",ANESTHESIOLOGY,"https://data.cms.gov/provider-data/api/1/datastore/query/mj5m-pzi6/0 (CMS Doctors and Clinicians National Downloadable File, PECOS Medicare enrollment; official_filing; released 2026-07-09)",MEDSTREAM ANESTHESIA PLLC,"https://data.cms.gov/provider-data/api/1/datastore/query/mj5m-pzi6/0 (CMS Doctors and Clinicians National Downloadable File, PECOS Medicare enrollment; official_filing; released 2026-07-09)",,,,,(843) 652-1000,"https://data.cms.gov/provider-data/api/1/datastore/query/mj5m-pzi6/0 (CMS Doctors and Clinicians National Downloadable File, PECOS Medicare enrollment; official_filing; released 2026-07-09)",,,https://npiregistry.cms.hhs.gov/provider-view/1245268861,"https://data.cms.gov/provider-data/api/1/datastore/query/mj5m-pzi6/0 (CMS Doctors and Clinicians National Downloadable File, PECOS Medicare enrollment; official_filing; released 2026-07-09)",single_source,1,"https://data.cms.gov/provider-data/api/1/datastore/query/mj5m-pzi6/0 (CMS Doctors and Clinicians National Downloadable File, PECOS Medicare enrollment; official_filing; released 2026-07-09)",1245268861,MD,MURRELLS INLET,SC,295765033,Myrtle Beach,13.3,211.9,"practice address MURRELLS INLET, SC — postal 295 in ring; 13.3 mi from Myrtle Beach centroid vs 211.9 mi Greenville; geo=city_centroid",ANESTHESIOLOGY,false,NONE_FOUND,"NONE_FOUND = UNPUBLISHABLE in this source. The CMS DAC specialty vocabulary contains no ""Pediatric Anesthesiology"" value at all (measured: pri_spec values containing ""PEDIATRIC"" are only ""PEDIATRIC MEDICINE""; sec_spec values containing ""ANESTH"" are only ANESTHESIOLOGY / ANESTHESIOLOGY,HOSPICE-PALLIATIVE CARE / ANESTHESIOLOGY,INTERVENTIONAL PAIN MANAGEMENT). So this official filing cannot express the subspecialty; absence here is not evidence the person lacks it.",,,,official_filing (CMS PECOS Medicare enrollment),yes,practice,,,,https://www.linkedin.com/search/results/people/?keywords=Michael%20Jones%20anesthesiology,,EASTERN VIRGINIA MEDICAL SCHOOL,"https://data.cms.gov/provider-data/api/1/datastore/query/mj5m-pzi6/0 (CMS Doctors and Clinicians National Downloadable File, PECOS Medicare enrollment; official_filing; released 2026-07-09)",2002,"https://data.cms.gov/provider-data/api/1/datastore/query/mj5m-pzi6/0 (CMS Doctors and Clinicians National Downloadable File, PECOS Medicare enrollment; official_filing; released 2026-07-09)",ANESTHESIOLOGY,,MEDSTREAM ANESTHESIA PLLC,"https://data.cms.gov/provider-data/api/1/datastore/query/mj5m-pzi6/0 (CMS Doctors and Clinicians National Downloadable File, PECOS Medicare enrollment; official_filing; released 2026-07-09)",FILLED_medical_school+grad_year (CMS official filing),NEW_PERSON_round3 (CMS DAC anesthesiology enumeration; absent from round-2 roster),,,,,EMAIL WITHHELD: no address observed on MEDSTREAM ANESTHESIA PLLC's mail domain; domain itself not discoverable under clamp A (no search engine available; DNS-probed candidate hostnames all NXDOMAIN or parked).,,NOT_UNLOCKED_domain_undiscoverable,,
Michelle Lee,"https://npiregistry.cms.hhs.gov/api/ (NPI registry, taxonomy_description=Anesthesiology|Pediatric Anesthesiology, postal_code=283*|284*|290*|294*|295*)",Anesthesiology,"https://npiregistry.cms.hhs.gov/api/ (NPI registry, taxonomy_description=Anesthesiology|Pediatric Anesthesiology, postal_code=283*|284*|290*|294*|295*)",McLeod Health — McLeod Anesthesia – Loris,"https://www.mcleodhealth.org/ (public Algolia index live_physicians, app JUNR3SUCF2 — rung 3, no browser)",mcleodhealth.org,"https://www.mcleodhealth.org/ (public Algolia index live_physicians, app JUNR3SUCF2 — rung 3, no browser)",,,843-390-8100,"https://npiregistry.cms.hhs.gov/api/ (NPI registry, taxonomy_description=Anesthesiology|Pediatric Anesthesiology, postal_code=283*|284*|290*|294*|295*)",,,https://npiregistry.cms.hhs.gov/provider-view/1275689861,"https://npiregistry.cms.hhs.gov/api/ (NPI registry, taxonomy_description=Anesthesiology|Pediatric Anesthesiology, postal_code=283*|284*|290*|294*|295*)",corroborated,2,"https://npiregistry.cms.hhs.gov/api/ (NPI registry, taxonomy_description=Anesthesiology|Pediatric Anesthesiology, postal_code=283*|284*|290*|294*|295*) | OpenAlex + ORCID public APIs",1275689861,MD,LITTLE RIVER,SC,29566,Myrtle Beach,19.5,224.1,closer to Myrtle Beach (19.5 mi) than Greenville (224.1 mi); geo=city_centroid,Anesthesiology; Anesthesiology,false,STRONG,"Board Certification: Anesthesiology; Pediatric Anesthesiology — https://www.mcleodhealth.org/physician/michelle-d-lee/ || Residency 2007 Children's Hospital Colorado, Aurora CO; med school Creighton 2002 / Univ of Colorado HSC 2006 — same page || McLeod live_physicians Algolia record carries specialties [Anesthesiology, Pediatric Anesthesiology]; she is the ONLY pediatric anesthesiologist in the entire 805-physician McLeod index. NOT in NPI: taxonomy 207LP3000X is absent from her NPI record.",,,,,yes,practice,(843) 716-7370,department,"https://www.mcleodhealth.org/ (public Algolia index live_physicians, app JUNR3SUCF2 — rung 3, no browser)",https://www.linkedin.com/search/results/people/?keywords=Michelle%20Lee%20anesthesiology,org+department_phone+peds_signal=STRONG,CREIGHTON UNIVERSITY SCHOOL OF MEDICINE,"https://data.cms.gov/provider-data/api/1/datastore/query/mj5m-pzi6/0 (CMS Doctors and Clinicians National Downloadable File, PECOS Medicare enrollment; official_filing; released 2026-07-09)",2002,"https://data.cms.gov/provider-data/api/1/datastore/query/mj5m-pzi6/0 (CMS Doctors and Clinicians National Downloadable File, PECOS Medicare enrollment; official_filing; released 2026-07-09)",ANESTHESIOLOGY,,MCLEOD PHYSICIAN ASSOCIATES II,"https://data.cms.gov/provider-data/api/1/datastore/query/mj5m-pzi6/0 (CMS Doctors and Clinicians National Downloadable File, PECOS Medicare enrollment; official_filing; released 2026-07-09)",FILLED_medical_school+grad_year (CMS official filing),training_block_filled_from_CMS_DAC,,,,,"EMAIL WITHHELD: mcleodhealth.org runs TWO live formats concurrently — 3 name-confirmed first.last (Maureen.finger@, maggie.jackson@, logan.doriety@) vs 2 name-confirmed flast (rserrano@ Raquel Serrano, dsawyer@ Davis Sawyer) + 4 further flast-shaped (aploeg@, cpernell@, hburgin@, jcauble@); 9 personal addresses observed, ~67% flast. No propagable pattern. Employment also contested: mcLeod_physician_associates=false (contracted group) vs CMS PECOS employer_group. Checked 9 of 9 observed personal addresses.",mcleodhealth.org,WITHHELD_mixed_format+employment_contested,,
Miller Van Vliet,"https://npiregistry.cms.hhs.gov/api/ (NPI registry, taxonomy_description=Anesthesiology|Pediatric Anesthesiology, postal_code=283*|284*|290*|294*|295*)",Anesthesiology,"https://npiregistry.cms.hhs.gov/api/ (NPI registry, taxonomy_description=Anesthesiology|Pediatric Anesthesiology, postal_code=283*|284*|290*|294*|295*)",PROVIDENCE ANESTHESIOLOGY ASSOCIATES PA,"https://data.cms.gov/provider-data/api/1/datastore/query/mj5m-pzi6/0 (CMS Doctors and Clinicians National Downloadable File, PECOS Medicare enrollment; official_filing; released 2026-07-09)",,,,,704-749-5800,"https://npiregistry.cms.hhs.gov/api/ (NPI registry, taxonomy_description=Anesthesiology|Pediatric Anesthesiology, postal_code=283*|284*|290*|294*|295*)",,,https://npiregistry.cms.hhs.gov/provider-view/1891790622,"https://npiregistry.cms.hhs.gov/api/ (NPI registry, taxonomy_description=Anesthesiology|Pediatric Anesthesiology, postal_code=283*|284*|290*|294*|295*)",corroborated,2,"https://npiregistry.cms.hhs.gov/api/ (NPI registry, taxonomy_description=Anesthesiology|Pediatric Anesthesiology, postal_code=283*|284*|290*|294*|295*) | OpenAlex + ORCID public APIs",1891790622,DO,BOLIVIA,NC,284228346,Myrtle Beach,49.9,247.5,closer to Myrtle Beach (49.9 mi) than Greenville (247.5 mi); geo=city_centroid,Anesthesiology,false,NONE_FOUND,"Sole OpenAlex work (1 of 1) is 'Ephedrine-Induced Coronary Artery Vasospasm in a Patient with Prior Cocaine Use' (1997); raw affiliation string reads '(Lustik, Chhibber, van Vliet) Department of Anesthesiology ... University of Rochester Medical Center' — anesthesiology, not pediatric — https://openalex.org/W2025327612 || OpenAlex author topics are 'Atrial Fibrillation Management and Outcomes', 'Cardiac pacing and defibrillation studies', 'Forensic Toxicology and Drug Analysis'; 0 of 1 works match any pediatric/neonatal keyword — https://openalex.org/A5111685721",,,,,yes,practice,(910) 721-1000,practice,"https://data.cms.gov/provider-data/api/1/datastore/query/mj5m-pzi6/0 (CMS Doctors and Clinicians National Downloadable File, PECOS Medicare enrollment; official_filing; released 2026-07-09)",https://www.linkedin.com/search/results/people/?keywords=Miller%20Van%20Vliet%20anesthesiology,,PHILADELPHIA COLLEGE OF OSTEOPATHIC MEDICINE,"https://data.cms.gov/provider-data/api/1/datastore/query/mj5m-pzi6/0 (CMS Doctors and Clinicians National Downloadable File, PECOS Medicare enrollment; official_filing; released 2026-07-09)",1994,"https://data.cms.gov/provider-data/api/1/datastore/query/mj5m-pzi6/0 (CMS Doctors and Clinicians National Downloadable File, PECOS Medicare enrollment; official_filing; released 2026-07-09)",ANESTHESIOLOGY,,PROVIDENCE ANESTHESIOLOGY ASSOCIATES PA | SARMC ANESTHESIA SPECIALIST LLC | WILMINGTON HEALTH PLLC,"https://data.cms.gov/provider-data/api/1/datastore/query/mj5m-pzi6/0 (CMS Doctors and Clinicians National Downloadable File, PECOS Medicare enrollment; official_filing; released 2026-07-09)",FILLED_medical_school+grad_year (CMS official filing),training_block_filled_from_CMS_DAC,,,,,EMAIL WITHHELD: no address observed on PROVIDENCE ANESTHESIOLOGY ASSOCIATES PA's mail domain; domain itself not discoverable under clamp A (no search engine available; DNS-probed candidate hostnames all NXDOMAIN or parked).,,NOT_UNLOCKED_domain_undiscoverable,,
Morganne B Beard,"https://data.cms.gov/provider-data/api/1/datastore/query/mj5m-pzi6/0 (CMS Doctors and Clinicians National Downloadable File, PECOS Medicare enrollment; official_filing; released 2026-07-09)",ANESTHESIOLOGY,"https://data.cms.gov/provider-data/api/1/datastore/query/mj5m-pzi6/0 (CMS Doctors and Clinicians National Downloadable File, PECOS Medicare enrollment; official_filing; released 2026-07-09)",MCLEOD PHYSICIAN ASSOCIATES II,"https://data.cms.gov/provider-data/api/1/datastore/query/mj5m-pzi6/0 (CMS Doctors and Clinicians National Downloadable File, PECOS Medicare enrollment; official_filing; released 2026-07-09)",,,,,(843) 646-8001,"https://data.cms.gov/provider-data/api/1/datastore/query/mj5m-pzi6/0 (CMS Doctors and Clinicians National Downloadable File, PECOS Medicare enrollment; official_filing; released 2026-07-09)",,,https://npiregistry.cms.hhs.gov/provider-view/1982066031,"https://data.cms.gov/provider-data/api/1/datastore/query/mj5m-pzi6/0 (CMS Doctors and Clinicians National Downloadable File, PECOS Medicare enrollment; official_filing; released 2026-07-09)",single_source,1,"https://data.cms.gov/provider-data/api/1/datastore/query/mj5m-pzi6/0 (CMS Doctors and Clinicians National Downloadable File, PECOS Medicare enrollment; official_filing; released 2026-07-09)",1982066031,MD,MYRTLE BEACH,SC,295794477,Myrtle Beach,1.4,215.8,"practice address MYRTLE BEACH, SC — postal 295 in ring; 1.4 mi from Myrtle Beach centroid vs 215.8 mi Greenville; geo=city_centroid",ANESTHESIOLOGY,false,NONE_FOUND,"NONE_FOUND = UNPUBLISHABLE in this source. The CMS DAC specialty vocabulary contains no ""Pediatric Anesthesiology"" value at all (measured: pri_spec values containing ""PEDIATRIC"" are only ""PEDIATRIC MEDICINE""; sec_spec values containing ""ANESTH"" are only ANESTHESIOLOGY / ANESTHESIOLOGY,HOSPICE-PALLIATIVE CARE / ANESTHESIOLOGY,INTERVENTIONAL PAIN MANAGEMENT). So this official filing cannot express the subspecialty; absence here is not evidence the person lacks it.",,,,official_filing (CMS PECOS Medicare enrollment),yes,practice,,,,https://www.linkedin.com/search/results/people/?keywords=Morganne%20B%20Beard%20anesthesiology,,OTHER,"https://data.cms.gov/provider-data/api/1/datastore/query/mj5m-pzi6/0 (CMS Doctors and Clinicians National Downloadable File, PECOS Medicare enrollment; official_filing; released 2026-07-09)",2015,"https://data.cms.gov/provider-data/api/1/datastore/query/mj5m-pzi6/0 (CMS Doctors and Clinicians National Downloadable File, PECOS Medicare enrollment; official_filing; released 2026-07-09)",ANESTHESIOLOGY,,MCLEOD PHYSICIAN ASSOCIATES II,"https://data.cms.gov/provider-data/api/1/datastore/query/mj5m-pzi6/0 (CMS Doctors and Clinicians National Downloadable File, PECOS Medicare enrollment; official_filing; released 2026-07-09)","PARTIAL_grad_year_only (CMS reports med_sch=""OTHER"")",NEW_PERSON_round3 (CMS DAC anesthesiology enumeration; absent from round-2 roster),,,,,"EMAIL WITHHELD: mcleodhealth.org runs TWO live formats concurrently — 3 name-confirmed first.last (Maureen.finger@, maggie.jackson@, logan.doriety@) vs 2 name-confirmed flast (rserrano@ Raquel Serrano, dsawyer@ Davis Sawyer) + 4 further flast-shaped (aploeg@, cpernell@, hburgin@, jcauble@); 9 personal addresses observed, ~67% flast. No propagable pattern. Employment also contested: mcLeod_physician_associates=false (contracted group) vs CMS PECOS employer_group. Checked 9 of 9 observed personal addresses.",mcleodhealth.org,WITHHELD_mixed_format+employment_contested,,
Natalya Riek,"https://data.cms.gov/provider-data/api/1/datastore/query/mj5m-pzi6/0 (CMS Doctors and Clinicians National Downloadable File, PECOS Medicare enrollment; official_filing; released 2026-07-09)",ANESTHESIOLOGY,"https://data.cms.gov/provider-data/api/1/datastore/query/mj5m-pzi6/0 (CMS Doctors and Clinicians National Downloadable File, PECOS Medicare enrollment; official_filing; released 2026-07-09)",PROVIDENCE ANESTHESIOLOGY ASSOCIATES PA,"https://data.cms.gov/provider-data/api/1/datastore/query/mj5m-pzi6/0 (CMS Doctors and Clinicians National Downloadable File, PECOS Medicare enrollment; official_filing; released 2026-07-09)",,,,,(910) 721-1000,"https://data.cms.gov/provider-data/api/1/datastore/query/mj5m-pzi6/0 (CMS Doctors and Clinicians National Downloadable File, PECOS Medicare enrollment; official_filing; released 2026-07-09)",,,https://npiregistry.cms.hhs.gov/provider-view/1437442886,"https://data.cms.gov/provider-data/api/1/datastore/query/mj5m-pzi6/0 (CMS Doctors and Clinicians National Downloadable File, PECOS Medicare enrollment; official_filing; released 2026-07-09)",single_source,1,"https://data.cms.gov/provider-data/api/1/datastore/query/mj5m-pzi6/0 (CMS Doctors and Clinicians National Downloadable File, PECOS Medicare enrollment; official_filing; released 2026-07-09)",1437442886,DO,BOLIVIA,NC,284228346,Myrtle Beach,49.9,247.9,"practice address BOLIVIA, NC — postal 284 in ring; 49.9 mi from Myrtle Beach centroid vs 247.9 mi Greenville; geo=city_centroid",ANESTHESIOLOGY,false,NONE_FOUND,"NONE_FOUND = UNPUBLISHABLE in this source. The CMS DAC specialty vocabulary contains no ""Pediatric Anesthesiology"" value at all (measured: pri_spec values containing ""PEDIATRIC"" are only ""PEDIATRIC MEDICINE""; sec_spec values containing ""ANESTH"" are only ANESTHESIOLOGY / ANESTHESIOLOGY,HOSPICE-PALLIATIVE CARE / ANESTHESIOLOGY,INTERVENTIONAL PAIN MANAGEMENT). So this official filing cannot express the subspecialty; absence here is not evidence the person lacks it.",,,,official_filing (CMS PECOS Medicare enrollment),yes,practice,,,,https://www.linkedin.com/search/results/people/?keywords=Natalya%20Riek%20anesthesiology,,EDWARD VIA COL OF OSTEO MEDICINE-VIRGINIA CAMPUS,"https://data.cms.gov/provider-data/api/1/datastore/query/mj5m-pzi6/0 (CMS Doctors and Clinicians National Downloadable File, PECOS Medicare enrollment; official_filing; released 2026-07-09)",2011,"https://data.cms.gov/provider-data/api/1/datastore/query/mj5m-pzi6/0 (CMS Doctors and Clinicians National Downloadable File, PECOS Medicare enrollment; official_filing; released 2026-07-09)",ANESTHESIOLOGY,,PROVIDENCE ANESTHESIOLOGY ASSOCIATES PA,"https://data.cms.gov/provider-data/api/1/datastore/query/mj5m-pzi6/0 (CMS Doctors and Clinicians National Downloadable File, PECOS Medicare enrollment; official_filing; released 2026-07-09)",FILLED_medical_school+grad_year (CMS official filing),NEW_PERSON_round3 (CMS DAC anesthesiology enumeration; absent from round-2 roster),,,,,EMAIL WITHHELD: no address observed on PROVIDENCE ANESTHESIOLOGY ASSOCIATES PA's mail domain; domain itself not discoverable under clamp A (no search engine available; DNS-probed candidate hostnames all NXDOMAIN or parked).,,NOT_UNLOCKED_domain_undiscoverable,,
Nicholas Buskill,"https://npiregistry.cms.hhs.gov/api/ (NPI registry, taxonomy_description=Anesthesiology|Pediatric Anesthesiology, postal_code=283*|284*|290*|294*|295*)",Anesthesiology,"https://npiregistry.cms.hhs.gov/api/ (NPI registry, taxonomy_description=Anesthesiology|Pediatric Anesthesiology, postal_code=283*|284*|290*|294*|295*)",,,,,,,843-497-8340,"https://npiregistry.cms.hhs.gov/api/ (NPI registry, taxonomy_description=Anesthesiology|Pediatric Anesthesiology, postal_code=283*|284*|290*|294*|295*)",,,https://npiregistry.cms.hhs.gov/provider-view/1184373565,"https://npiregistry.cms.hhs.gov/api/ (NPI registry, taxonomy_description=Anesthesiology|Pediatric Anesthesiology, postal_code=283*|284*|290*|294*|295*)",corroborated,2,"https://npiregistry.cms.hhs.gov/api/ (NPI registry, taxonomy_description=Anesthesiology|Pediatric Anesthesiology, postal_code=283*|284*|290*|294*|295*) | OpenAlex + ORCID public APIs",1184373565,DO,MYRTLE BEACH,SC,295724607,Myrtle Beach,1.4,214.8,closer to Myrtle Beach (1.4 mi) than Greenville (214.8 mi); geo=city_centroid,Anesthesiology,false,NONE_FOUND,OpenAlex works query filter=raw_author_name.search:Nicholas Buskill returned 0 results — https://api.openalex.org/works?filter=raw_author_name.search:Nicholas%20Buskill || OpenAlex authors search and ORCID expanded-search for this name returned no surname-matching profile — https://pub.orcid.org/v3.0/expanded-search/?q=given-names:Nicholas+AND+family-name:Buskill || NONE_FOUND means no scholarly record was located at all — it is NOT evidence that this provider lacks pediatric experience,,,,,yes,practice,,,,https://www.linkedin.com/search/results/people/?keywords=Nicholas%20Buskill%20anesthesiology,,,,,,,,,,NOT_IN_CMS_DAC (no Medicare enrollment record matched this NPI),,,,,,"EMAIL WITHHELD: no employer of record, so no domain to unlock.",,NO_EMPLOYER_ON_RECORD,,
Nicholas Gentry,"https://npiregistry.cms.hhs.gov/api/ (NPI registry, taxonomy_description=Anesthesiology|Pediatric Anesthesiology, postal_code=283*|284*|290*|294*|295*)","Anesthesiology, Pain Medicine","https://npiregistry.cms.hhs.gov/api/ (NPI registry, taxonomy_description=Anesthesiology|Pediatric Anesthesiology, postal_code=283*|284*|290*|294*|295*)","SC PAIN AND SPINE SPECIALISTS, LLC","https://data.cms.gov/provider-data/api/1/datastore/query/mj5m-pzi6/0 (CMS Doctors and Clinicians National Downloadable File, PECOS Medicare enrollment; official_filing; released 2026-07-09)",,,,,843-839-7246,"https://npiregistry.cms.hhs.gov/api/ (NPI registry, taxonomy_description=Anesthesiology|Pediatric Anesthesiology, postal_code=283*|284*|290*|294*|295*)",,,https://npiregistry.cms.hhs.gov/provider-view/1629538954,"https://npiregistry.cms.hhs.gov/api/ (NPI registry, taxonomy_description=Anesthesiology|Pediatric Anesthesiology, postal_code=283*|284*|290*|294*|295*)",corroborated,2,"https://npiregistry.cms.hhs.gov/api/ (NPI registry, taxonomy_description=Anesthesiology|Pediatric Anesthesiology, postal_code=283*|284*|290*|294*|295*) | OpenAlex + ORCID public APIs",1629538954,DO,MURRELLS INLET,SC,29576,Myrtle Beach,13.3,210.1,closer to Myrtle Beach (13.3 mi) than Greenville (210.1 mi); geo=city_centroid,"Student in an Organized Health Care Education/Training Program; Anesthesiology, Pain Medicine",false,NONE_FOUND,"OpenAlex returned 0 works, 0 surname-matching author profiles and 3 ORCID name hits for 'Nicholas Gentry', but none combined an anesthesiology/pain affiliation with pediatric content, and none could be tied to the Carolinas — https://api.openalex.org/works?filter=raw_author_name.search:Nicholas%20Gentry || All apparent pediatric hits for this name were rejected as same-name collisions in unrelated fields || NONE_FOUND means nothing was found in open scholarly sources — it is NOT evidence that this provider lacks pediatric experience",,,,,yes,practice,(843) 839-7246,practice,"https://data.cms.gov/provider-data/api/1/datastore/query/mj5m-pzi6/0 (CMS Doctors and Clinicians National Downloadable File, PECOS Medicare enrollment; official_filing; released 2026-07-09)",https://www.linkedin.com/search/results/people/?keywords=Nicholas%20Gentry%20anesthesiology,,EDWARD VIA COL OF OSTEO MEDICINE-VIRGINIA CAMPUS,"https://data.cms.gov/provider-data/api/1/datastore/query/mj5m-pzi6/0 (CMS Doctors and Clinicians National Downloadable File, PECOS Medicare enrollment; official_filing; released 2026-07-09)",2019,"https://data.cms.gov/provider-data/api/1/datastore/query/mj5m-pzi6/0 (CMS Doctors and Clinicians National Downloadable File, PECOS Medicare enrollment; official_filing; released 2026-07-09)",ANESTHESIOLOGY,,"SC PAIN AND SPINE SPECIALISTS, LLC","https://data.cms.gov/provider-data/api/1/datastore/query/mj5m-pzi6/0 (CMS Doctors and Clinicians National Downloadable File, PECOS Medicare enrollment; official_filing; released 2026-07-09)",FILLED_medical_school+grad_year (CMS official filing),training_block_filled_from_CMS_DAC,,,,,"EMAIL WITHHELD: no address observed on SC PAIN AND SPINE SPECIALISTS, LLC's mail domain; domain itself not discoverable under clamp A (no search engine available; DNS-probed candidate hostnames all NXDOMAIN or parked).",,NOT_UNLOCKED_domain_undiscoverable,,
Nishankkumar Patel Nooli,"https://data.cms.gov/provider-data/api/1/datastore/query/mj5m-pzi6/0 (CMS Doctors and Clinicians National Downloadable File, PECOS Medicare enrollment; official_filing; released 2026-07-09)",ANESTHESIOLOGY,"https://data.cms.gov/provider-data/api/1/datastore/query/mj5m-pzi6/0 (CMS Doctors and Clinicians National Downloadable File, PECOS Medicare enrollment; official_filing; released 2026-07-09)",ATLANTIC COAST ANESTHESIA SERVICES PC,"https://data.cms.gov/provider-data/api/1/datastore/query/mj5m-pzi6/0 (CMS Doctors and Clinicians National Downloadable File, PECOS Medicare enrollment; official_filing; released 2026-07-09)",,,,,(843) 692-1000,"https://data.cms.gov/provider-data/api/1/datastore/query/mj5m-pzi6/0 (CMS Doctors and Clinicians National Downloadable File, PECOS Medicare enrollment; official_filing; released 2026-07-09)",,,https://npiregistry.cms.hhs.gov/provider-view/1043565856,"https://data.cms.gov/provider-data/api/1/datastore/query/mj5m-pzi6/0 (CMS Doctors and Clinicians National Downloadable File, PECOS Medicare enrollment; official_filing; released 2026-07-09)",single_source,1,"https://data.cms.gov/provider-data/api/1/datastore/query/mj5m-pzi6/0 (CMS Doctors and Clinicians National Downloadable File, PECOS Medicare enrollment; official_filing; released 2026-07-09)",1043565856,MD,MYRTLE BEACH,SC,295724607,Myrtle Beach,1.4,215.8,"practice address MYRTLE BEACH, SC — postal 295 in ring; 1.4 mi from Myrtle Beach centroid vs 215.8 mi Greenville; geo=city_centroid",ANESTHESIOLOGY,false,NONE_FOUND,"NONE_FOUND = UNPUBLISHABLE in this source. The CMS DAC specialty vocabulary contains no ""Pediatric Anesthesiology"" value at all (measured: pri_spec values containing ""PEDIATRIC"" are only ""PEDIATRIC MEDICINE""; sec_spec values containing ""ANESTH"" are only ANESTHESIOLOGY / ANESTHESIOLOGY,HOSPICE-PALLIATIVE CARE / ANESTHESIOLOGY,INTERVENTIONAL PAIN MANAGEMENT). So this official filing cannot express the subspecialty; absence here is not evidence the person lacks it.",,,,official_filing (CMS PECOS Medicare enrollment),yes,practice,,,,https://www.linkedin.com/search/results/people/?keywords=Nishankkumar%20Patel%20Nooli%20anesthesiology,,OTHER,"https://data.cms.gov/provider-data/api/1/datastore/query/mj5m-pzi6/0 (CMS Doctors and Clinicians National Downloadable File, PECOS Medicare enrollment; official_filing; released 2026-07-09)",2008,"https://data.cms.gov/provider-data/api/1/datastore/query/mj5m-pzi6/0 (CMS Doctors and Clinicians National Downloadable File, PECOS Medicare enrollment; official_filing; released 2026-07-09)",ANESTHESIOLOGY,,ATLANTIC COAST ANESTHESIA SERVICES PC,"https://data.cms.gov/provider-data/api/1/datastore/query/mj5m-pzi6/0 (CMS Doctors and Clinicians National Downloadable File, PECOS Medicare enrollment; official_filing; released 2026-07-09)","PARTIAL_grad_year_only (CMS reports med_sch=""OTHER"")",NEW_PERSON_round3 (CMS DAC anesthesiology enumeration; absent from round-2 roster),,,,,EMAIL WITHHELD: no address observed on ATLANTIC COAST ANESTHESIA SERVICES PC's mail domain; domain itself not discoverable under clamp A (no search engine available; DNS-probed candidate hostnames all NXDOMAIN or parked).,,NOT_UNLOCKED_domain_undiscoverable,,
Olga Chrisman,"https://npiregistry.cms.hhs.gov/api/ (NPI registry, taxonomy_description=Anesthesiology|Pediatric Anesthesiology, postal_code=283*|284*|290*|294*|295*)",Anesthesiology,"https://npiregistry.cms.hhs.gov/api/ (NPI registry, taxonomy_description=Anesthesiology|Pediatric Anesthesiology, postal_code=283*|284*|290*|294*|295*)",McLeod Health — McLeod Anesthesiology – Seacoast,"https://www.mcleodhealth.org/ (public Algolia index live_physicians, app JUNR3SUCF2 — rung 3, no browser)",mcleodhealth.org,"https://www.mcleodhealth.org/ (public Algolia index live_physicians, app JUNR3SUCF2 — rung 3, no browser)",,,843-545-5927,"https://npiregistry.cms.hhs.gov/api/ (NPI registry, taxonomy_description=Anesthesiology|Pediatric Anesthesiology, postal_code=283*|284*|290*|294*|295*)",,,https://npiregistry.cms.hhs.gov/provider-view/1881120764,"https://npiregistry.cms.hhs.gov/api/ (NPI registry, taxonomy_description=Anesthesiology|Pediatric Anesthesiology, postal_code=283*|284*|290*|294*|295*)",corroborated,2,"https://npiregistry.cms.hhs.gov/api/ (NPI registry, taxonomy_description=Anesthesiology|Pediatric Anesthesiology, postal_code=283*|284*|290*|294*|295*) | OpenAlex + ORCID public APIs",1881120764,D.O.,GEORGETOWN,SC,294403304,Myrtle Beach,31.5,205.2,closer to Myrtle Beach (31.5 mi) than Greenville (205.2 mi); geo=city_centroid,"Anesthesiology, Pain Medicine; Anesthesiology",false,NONE_FOUND,"OpenAlex returned 0 works, 2 surname-matching author profiles and 1 ORCID name hits for 'Olga Chrisman', but none combined an anesthesiology/pain affiliation with pediatric content, and none could be tied to the Carolinas — https://api.openalex.org/works?filter=raw_author_name.search:Olga%20Chrisman || All apparent pediatric hits for this name were rejected as same-name collisions in unrelated fields || NONE_FOUND means nothing was found in open scholarly sources — it is NOT evidence that this provider lacks pediatric experience",,,,,yes,practice,(843) 390-8128,department,"https://www.mcleodhealth.org/ (public Algolia index live_physicians, app JUNR3SUCF2 — rung 3, no browser)",https://www.linkedin.com/search/results/people/?keywords=Olga%20Chrisman%20anesthesiology,org+department_phone,ROCKY VISTA UNIVERSITY COLLEGE OF OSTEOPATHIC MED,"https://data.cms.gov/provider-data/api/1/datastore/query/mj5m-pzi6/0 (CMS Doctors and Clinicians National Downloadable File, PECOS Medicare enrollment; official_filing; released 2026-07-09)",2017,"https://data.cms.gov/provider-data/api/1/datastore/query/mj5m-pzi6/0 (CMS Doctors and Clinicians National Downloadable File, PECOS Medicare enrollment; official_filing; released 2026-07-09)",PAIN MANAGEMENT,ANESTHESIOLOGY,"GEORGETOWN PHYSICIAN ASSOCIATES, LLC | MCLEOD PHYSICIAN ASSOCIATES II","https://data.cms.gov/provider-data/api/1/datastore/query/mj5m-pzi6/0 (CMS Doctors and Clinicians National Downloadable File, PECOS Medicare enrollment; official_filing; released 2026-07-09)",FILLED_medical_school+grad_year (CMS official filing),training_block_filled_from_CMS_DAC,,,,,"EMAIL WITHHELD: mcleodhealth.org runs TWO live formats concurrently — 3 name-confirmed first.last (Maureen.finger@, maggie.jackson@, logan.doriety@) vs 2 name-confirmed flast (rserrano@ Raquel Serrano, dsawyer@ Davis Sawyer) + 4 further flast-shaped (aploeg@, cpernell@, hburgin@, jcauble@); 9 personal addresses observed, ~67% flast. No propagable pattern. Employment also contested: mcLeod_physician_associates=false (contracted group) vs CMS PECOS employer_group. Checked 9 of 9 observed personal addresses.",mcleodhealth.org,WITHHELD_mixed_format+employment_contested,,
Olutoyin Okanlawon,"https://data.cms.gov/provider-data/api/1/datastore/query/mj5m-pzi6/0 (CMS Doctors and Clinicians National Downloadable File, PECOS Medicare enrollment; official_filing; released 2026-07-09)",ANESTHESIOLOGY,"https://data.cms.gov/provider-data/api/1/datastore/query/mj5m-pzi6/0 (CMS Doctors and Clinicians National Downloadable File, PECOS Medicare enrollment; official_filing; released 2026-07-09)",MEDSTREAM ANESTHESIA PLLC,"https://data.cms.gov/provider-data/api/1/datastore/query/mj5m-pzi6/0 (CMS Doctors and Clinicians National Downloadable File, PECOS Medicare enrollment; official_filing; released 2026-07-09)",,,,,(843) 347-7111,"https://data.cms.gov/provider-data/api/1/datastore/query/mj5m-pzi6/0 (CMS Doctors and Clinicians National Downloadable File, PECOS Medicare enrollment; official_filing; released 2026-07-09)",,,https://npiregistry.cms.hhs.gov/provider-view/1780970525,"https://data.cms.gov/provider-data/api/1/datastore/query/mj5m-pzi6/0 (CMS Doctors and Clinicians National Downloadable File, PECOS Medicare enrollment; official_filing; released 2026-07-09)",single_source,1,"https://data.cms.gov/provider-data/api/1/datastore/query/mj5m-pzi6/0 (CMS Doctors and Clinicians National Downloadable File, PECOS Medicare enrollment; official_filing; released 2026-07-09)",1780970525,MD,CONWAY,SC,295269142,Myrtle Beach,13.3,203.4,"practice address CONWAY, SC — postal 295 in ring; 13.3 mi from Myrtle Beach centroid vs 203.4 mi Greenville; geo=city_centroid",ANESTHESIOLOGY,false,NONE_FOUND,"NONE_FOUND = UNPUBLISHABLE in this source. The CMS DAC specialty vocabulary contains no ""Pediatric Anesthesiology"" value at all (measured: pri_spec values containing ""PEDIATRIC"" are only ""PEDIATRIC MEDICINE""; sec_spec values containing ""ANESTH"" are only ANESTHESIOLOGY / ANESTHESIOLOGY,HOSPICE-PALLIATIVE CARE / ANESTHESIOLOGY,INTERVENTIONAL PAIN MANAGEMENT). So this official filing cannot express the subspecialty; absence here is not evidence the person lacks it.",,,,official_filing (CMS PECOS Medicare enrollment),yes,practice,,,,https://www.linkedin.com/search/results/people/?keywords=Olutoyin%20Okanlawon%20anesthesiology,,VANDERBILT UNIVERSITY SCHOOL OF MEDICINE,"https://data.cms.gov/provider-data/api/1/datastore/query/mj5m-pzi6/0 (CMS Doctors and Clinicians National Downloadable File, PECOS Medicare enrollment; official_filing; released 2026-07-09)",2011,"https://data.cms.gov/provider-data/api/1/datastore/query/mj5m-pzi6/0 (CMS Doctors and Clinicians National Downloadable File, PECOS Medicare enrollment; official_filing; released 2026-07-09)",ANESTHESIOLOGY,,MEDSTREAM ANESTHESIA PLLC,"https://data.cms.gov/provider-data/api/1/datastore/query/mj5m-pzi6/0 (CMS Doctors and Clinicians National Downloadable File, PECOS Medicare enrollment; official_filing; released 2026-07-09)",FILLED_medical_school+grad_year (CMS official filing),NEW_PERSON_round3 (CMS DAC anesthesiology enumeration; absent from round-2 roster),,,,,EMAIL WITHHELD: no address observed on MEDSTREAM ANESTHESIA PLLC's mail domain; domain itself not discoverable under clamp A (no search engine available; DNS-probed candidate hostnames all NXDOMAIN or parked).,,NOT_UNLOCKED_domain_undiscoverable,,
Otto Czechner,"https://npiregistry.cms.hhs.gov/api/ (NPI registry, taxonomy_description=Anesthesiology|Pediatric Anesthesiology, postal_code=283*|284*|290*|294*|295*)",Anesthesiology,"https://npiregistry.cms.hhs.gov/api/ (NPI registry, taxonomy_description=Anesthesiology|Pediatric Anesthesiology, postal_code=283*|284*|290*|294*|295*)",,,,,,,843-527-7000,"https://npiregistry.cms.hhs.gov/api/ (NPI registry, taxonomy_description=Anesthesiology|Pediatric Anesthesiology, postal_code=283*|284*|290*|294*|295*)",,,https://npiregistry.cms.hhs.gov/provider-view/1316927056,"https://npiregistry.cms.hhs.gov/api/ (NPI registry, taxonomy_description=Anesthesiology|Pediatric Anesthesiology, postal_code=283*|284*|290*|294*|295*)",corroborated,2,"https://npiregistry.cms.hhs.gov/api/ (NPI registry, taxonomy_description=Anesthesiology|Pediatric Anesthesiology, postal_code=283*|284*|290*|294*|295*) | OpenAlex + ORCID public APIs",1316927056,DO,GEORGETOWN,SC,294403304,Myrtle Beach,31.5,205.2,closer to Myrtle Beach (31.5 mi) than Greenville (205.2 mi); geo=city_centroid,"Anesthesiology; Anesthesiology, Pain Medicine",false,NONE_FOUND,OpenAlex works query filter=raw_author_name.search:Otto Czechner returned 0 results — https://api.openalex.org/works?filter=raw_author_name.search:Otto%20Czechner || OpenAlex authors search and ORCID expanded-search for this name returned no surname-matching profile — https://pub.orcid.org/v3.0/expanded-search/?q=given-names:Otto+AND+family-name:Czechner || NONE_FOUND means no scholarly record was located at all — it is NOT evidence that this provider lacks pediatric experience,,,,,yes,practice,,,,https://www.linkedin.com/search/results/people/?keywords=Otto%20Czechner%20anesthesiology,,,,,,,,,,NOT_IN_CMS_DAC (no Medicare enrollment record matched this NPI),,,,,,"EMAIL WITHHELD: no employer of record, so no domain to unlock.",,NO_EMPLOYER_ON_RECORD,,
Patricia Grant,"https://npiregistry.cms.hhs.gov/api/ (NPI registry, taxonomy_description=Anesthesiology|Pediatric Anesthesiology, postal_code=283*|284*|290*|294*|295*)","Anesthesiology, Pain Medicine","https://npiregistry.cms.hhs.gov/api/ (NPI registry, taxonomy_description=Anesthesiology|Pediatric Anesthesiology, postal_code=283*|284*|290*|294*|295*)",,,,,,,843-894-0978,"https://npiregistry.cms.hhs.gov/api/ (NPI registry, taxonomy_description=Anesthesiology|Pediatric Anesthesiology, postal_code=283*|284*|290*|294*|295*)",,,https://npiregistry.cms.hhs.gov/provider-view/1508841156,"https://npiregistry.cms.hhs.gov/api/ (NPI registry, taxonomy_description=Anesthesiology|Pediatric Anesthesiology, postal_code=283*|284*|290*|294*|295*)",corroborated,2,"https://npiregistry.cms.hhs.gov/api/ (NPI registry, taxonomy_description=Anesthesiology|Pediatric Anesthesiology, postal_code=283*|284*|290*|294*|295*) | OpenAlex + ORCID public APIs",1508841156,M.D.,PAWLEYS ISLAND,SC,295856052,Myrtle Beach,22.3,211.2,closer to Myrtle Beach (22.3 mi) than Greenville (211.2 mi); geo=city_centroid,"Anesthesiology, Pain Medicine; Anesthesiology, Pain Medicine; Anesthesiology, Pain Medicine; Anesthesiology, Pain Medicine; Anesthesiology, Pain Medicine; Anesthesiology, Pain Medicine",false,NONE_FOUND,"COLLISION REJECTED: the Boston Children's Hospital pediatric hit under this name is OpenAlex author A5069652684, display name 'P. Ellen Grant' (565 works, topics 'Neonatal and fetal brain pathology', 'Fetal and Pediatric Neurological Disorders', ORCID 0000-0003-1005-4013) — a pediatric neuroradiologist, not the Pawleys Island SC anesthesiologist — https://openalex.org/A5069652684 || No anesthesiology-affiliated work was found for a 'Patricia Grant' in the Carolinas",,,,,yes,practice,(843) 894-0978,practice,"https://data.cms.gov/provider-data/api/1/datastore/query/mj5m-pzi6/0 (CMS Doctors and Clinicians National Downloadable File, PECOS Medicare enrollment; official_filing; released 2026-07-09)",https://www.linkedin.com/search/results/people/?keywords=Patricia%20Grant%20anesthesiology,,MEDICAL COLLEGE OF GEORGIA SCHOOL OF MEDICINE,"https://data.cms.gov/provider-data/api/1/datastore/query/mj5m-pzi6/0 (CMS Doctors and Clinicians National Downloadable File, PECOS Medicare enrollment; official_filing; released 2026-07-09)",2001,"https://data.cms.gov/provider-data/api/1/datastore/query/mj5m-pzi6/0 (CMS Doctors and Clinicians National Downloadable File, PECOS Medicare enrollment; official_filing; released 2026-07-09)",INTERVENTIONAL PAIN MANAGEMENT,GENERAL PRACTICE,,,FILLED_medical_school+grad_year (CMS official filing),training_block_filled_from_CMS_DAC,,,,,"EMAIL WITHHELD: no employer of record, so no domain to unlock.",,NO_EMPLOYER_ON_RECORD,,
Peter Fischer,"https://npiregistry.cms.hhs.gov/api/ (NPI registry, taxonomy_description=Anesthesiology|Pediatric Anesthesiology, postal_code=283*|284*|290*|294*|295*)",Anesthesiology,"https://npiregistry.cms.hhs.gov/api/ (NPI registry, taxonomy_description=Anesthesiology|Pediatric Anesthesiology, postal_code=283*|284*|290*|294*|295*)",,,,,,,910-386-9106,"https://npiregistry.cms.hhs.gov/api/ (NPI registry, taxonomy_description=Anesthesiology|Pediatric Anesthesiology, postal_code=283*|284*|290*|294*|295*)",,,https://npiregistry.cms.hhs.gov/provider-view/1164462396,"https://npiregistry.cms.hhs.gov/api/ (NPI registry, taxonomy_description=Anesthesiology|Pediatric Anesthesiology, postal_code=283*|284*|290*|294*|295*)",corroborated,2,"https://npiregistry.cms.hhs.gov/api/ (NPI registry, taxonomy_description=Anesthesiology|Pediatric Anesthesiology, postal_code=283*|284*|290*|294*|295*) | OpenAlex + ORCID public APIs",1164462396,MD,SHALLOTTE,NC,284706091,Myrtle Beach,35.5,236.3,closer to Myrtle Beach (35.5 mi) than Greenville (236.3 mi); geo=city_centroid,Anesthesiology; Anesthesiology; Anesthesiology,false,NONE_FOUND,"COLLISION REJECTED: children's-hospital hits under 'Peter Fischer' are A5071936615 (St Anna Children's Hospital, 2009) and A5066103796 (Boston Children's Hospital 2000; German Center for Pediatric and Adolescent Rheumatology 2021) — European/rheumatology profiles with no anesthesiology or Carolinas link to the Shallotte NC roster entry — https://openalex.org/A5071936615 || No anesthesiology work was found under this name tied to North or South Carolina",,,,,yes,practice,,,,https://www.linkedin.com/search/results/people/?keywords=Peter%20Fischer%20anesthesiology,,,,,,,,,,NOT_IN_CMS_DAC (no Medicare enrollment record matched this NPI),,,,,,"EMAIL WITHHELD: no employer of record, so no domain to unlock.",,NO_EMPLOYER_ON_RECORD,,
Peter Willett,"https://data.cms.gov/provider-data/api/1/datastore/query/mj5m-pzi6/0 (CMS Doctors and Clinicians National Downloadable File, PECOS Medicare enrollment; official_filing; released 2026-07-09)",ANESTHESIOLOGY,"https://data.cms.gov/provider-data/api/1/datastore/query/mj5m-pzi6/0 (CMS Doctors and Clinicians National Downloadable File, PECOS Medicare enrollment; official_filing; released 2026-07-09)",PROVIDENCE ANESTHESIOLOGY ASSOCIATES PA,"https://data.cms.gov/provider-data/api/1/datastore/query/mj5m-pzi6/0 (CMS Doctors and Clinicians National Downloadable File, PECOS Medicare enrollment; official_filing; released 2026-07-09)",,,,,(910) 721-1000,"https://data.cms.gov/provider-data/api/1/datastore/query/mj5m-pzi6/0 (CMS Doctors and Clinicians National Downloadable File, PECOS Medicare enrollment; official_filing; released 2026-07-09)",,,https://npiregistry.cms.hhs.gov/provider-view/1730528639,"https://data.cms.gov/provider-data/api/1/datastore/query/mj5m-pzi6/0 (CMS Doctors and Clinicians National Downloadable File, PECOS Medicare enrollment; official_filing; released 2026-07-09)",single_source,1,"https://data.cms.gov/provider-data/api/1/datastore/query/mj5m-pzi6/0 (CMS Doctors and Clinicians National Downloadable File, PECOS Medicare enrollment; official_filing; released 2026-07-09)",1730528639,,BOLIVIA,NC,284228346,Myrtle Beach,49.9,247.9,"practice address BOLIVIA, NC — postal 284 in ring; 49.9 mi from Myrtle Beach centroid vs 247.9 mi Greenville; geo=city_centroid",ANESTHESIOLOGY,false,NONE_FOUND,"NONE_FOUND = UNPUBLISHABLE in this source. The CMS DAC specialty vocabulary contains no ""Pediatric Anesthesiology"" value at all (measured: pri_spec values containing ""PEDIATRIC"" are only ""PEDIATRIC MEDICINE""; sec_spec values containing ""ANESTH"" are only ANESTHESIOLOGY / ANESTHESIOLOGY,HOSPICE-PALLIATIVE CARE / ANESTHESIOLOGY,INTERVENTIONAL PAIN MANAGEMENT). So this official filing cannot express the subspecialty; absence here is not evidence the person lacks it.",,,,official_filing (CMS PECOS Medicare enrollment),yes,practice,,,,https://www.linkedin.com/search/results/people/?keywords=Peter%20Willett%20anesthesiology,,UNIFORMED SERVICES UHS FE HEBERT SCHOOL OF MED,"https://data.cms.gov/provider-data/api/1/datastore/query/mj5m-pzi6/0 (CMS Doctors and Clinicians National Downloadable File, PECOS Medicare enrollment; official_filing; released 2026-07-09)",2013,"https://data.cms.gov/provider-data/api/1/datastore/query/mj5m-pzi6/0 (CMS Doctors and Clinicians National Downloadable File, PECOS Medicare enrollment; official_filing; released 2026-07-09)",ANESTHESIOLOGY,,PROVIDENCE ANESTHESIOLOGY ASSOCIATES PA,"https://data.cms.gov/provider-data/api/1/datastore/query/mj5m-pzi6/0 (CMS Doctors and Clinicians National Downloadable File, PECOS Medicare enrollment; official_filing; released 2026-07-09)",FILLED_medical_school+grad_year (CMS official filing),NEW_PERSON_round3 (CMS DAC anesthesiology enumeration; absent from round-2 roster),,,,,EMAIL WITHHELD: no address observed on PROVIDENCE ANESTHESIOLOGY ASSOCIATES PA's mail domain; domain itself not discoverable under clamp A (no search engine available; DNS-probed candidate hostnames all NXDOMAIN or parked).,,NOT_UNLOCKED_domain_undiscoverable,,
Philip C Moore,"https://data.cms.gov/provider-data/api/1/datastore/query/mj5m-pzi6/0 (CMS Doctors and Clinicians National Downloadable File, PECOS Medicare enrollment; official_filing; released 2026-07-09)",ANESTHESIOLOGY,"https://data.cms.gov/provider-data/api/1/datastore/query/mj5m-pzi6/0 (CMS Doctors and Clinicians National Downloadable File, PECOS Medicare enrollment; official_filing; released 2026-07-09)",TIDELANDS ANESTHESIA GROUP LLC,"https://data.cms.gov/provider-data/api/1/datastore/query/mj5m-pzi6/0 (CMS Doctors and Clinicians National Downloadable File, PECOS Medicare enrollment; official_filing; released 2026-07-09)",,,,,(843) 527-7100,"https://data.cms.gov/provider-data/api/1/datastore/query/mj5m-pzi6/0 (CMS Doctors and Clinicians National Downloadable File, PECOS Medicare enrollment; official_filing; released 2026-07-09)",,,https://npiregistry.cms.hhs.gov/provider-view/1699793075,"https://data.cms.gov/provider-data/api/1/datastore/query/mj5m-pzi6/0 (CMS Doctors and Clinicians National Downloadable File, PECOS Medicare enrollment; official_filing; released 2026-07-09)",single_source,1,"https://data.cms.gov/provider-data/api/1/datastore/query/mj5m-pzi6/0 (CMS Doctors and Clinicians National Downloadable File, PECOS Medicare enrollment; official_filing; released 2026-07-09)",1699793075,MD,GEORGETOWN,SC,294403304,Myrtle Beach,31.5,204.5,"practice address GEORGETOWN, SC — postal 294 in ring; 31.5 mi from Myrtle Beach centroid vs 204.5 mi Greenville; geo=city_centroid",ANESTHESIOLOGY,false,NONE_FOUND,"NONE_FOUND = UNPUBLISHABLE in this source. The CMS DAC specialty vocabulary contains no ""Pediatric Anesthesiology"" value at all (measured: pri_spec values containing ""PEDIATRIC"" are only ""PEDIATRIC MEDICINE""; sec_spec values containing ""ANESTH"" are only ANESTHESIOLOGY / ANESTHESIOLOGY,HOSPICE-PALLIATIVE CARE / ANESTHESIOLOGY,INTERVENTIONAL PAIN MANAGEMENT). So this official filing cannot express the subspecialty; absence here is not evidence the person lacks it. || NONE_FOUND = CHECKED-AND-ABSENT on Healthgrades. Control test: the Healthgrades education schema does carry typeCode RESIDE/FELLOW (proved on dr-edward-gologorsky-2fywb, same Georgetown result set, which returns a 1994 UPMC Fellowship). Healthgrades simply holds no residency/fellowship row for this person. Independently, an NPI-taxonomy sweep for Pediatric Anesthesiology 207LP2900X across Georgetown/Myrtle Beach/Conway/Murrells Inlet/Pawleys Island SC returned result_count 0 in all five.",,,,official_filing (CMS PECOS Medicare enrollment),yes,department,,,,https://www.linkedin.com/search/results/people/?keywords=Philip%20C%20Moore%20anesthesiology,,MEDICAL UNIVERSITY OF SOUTH CAROLINA COLLEGE OF MEDICINE,"https://data.cms.gov/provider-data/api/1/datastore/query/mj5m-pzi6/0 (CMS Doctors and Clinicians National Downloadable File, PECOS Medicare enrollment; official_filing; released 2026-07-09) || corroborated: https://www.healthgrades.com/physician/dr-philip-moore-39mxq",1990,"https://data.cms.gov/provider-data/api/1/datastore/query/mj5m-pzi6/0 (CMS Doctors and Clinicians National Downloadable File, PECOS Medicare enrollment; official_filing; released 2026-07-09)",ANESTHESIOLOGY,,TIDELANDS ANESTHESIA GROUP LLC,"https://data.cms.gov/provider-data/api/1/datastore/query/mj5m-pzi6/0 (CMS Doctors and Clinicians National Downloadable File, PECOS Medicare enrollment; official_filing; released 2026-07-09)",FILLED_medical_school+grad_year (CMS official filing),NEW_PERSON_round3 (CMS DAC anesthesiology enumeration; absent from round-2 roster),Anesthesiology (American Board of Anesthesiology),https://www.healthgrades.com/physician/dr-philip-moore-39mxq,https://www.healthgrades.com/physician/dr-philip-moore-39mxq,"NONE_FOUND = CHECKED-AND-ABSENT on Healthgrades. Control test: the Healthgrades education schema does carry typeCode RESIDE/FELLOW (proved on dr-edward-gologorsky-2fywb, same Georgetown result set, which returns a 1994 UPMC Fellowship). Healthgrades simply holds no residency/fellowship row for this person. Independently, an NPI-taxonomy sweep for Pediatric Anesthesiology 207LP2900X across Georgetown/Myrtle Beach/Conway/Murrells Inlet/Pawleys Island SC returned result_count 0 in all five.",EMAIL WITHHELD: no address observed on TIDELANDS ANESTHESIA GROUP LLC's mail domain; domain itself not discoverable under clamp A (no search engine available; DNS-probed candidate hostnames all NXDOMAIN or parked).,,NOT_UNLOCKED_domain_undiscoverable,,
Philip M Dulberger,"https://data.cms.gov/provider-data/api/1/datastore/query/mj5m-pzi6/0 (CMS Doctors and Clinicians National Downloadable File, PECOS Medicare enrollment; official_filing; released 2026-07-09)",ANESTHESIOLOGY,"https://data.cms.gov/provider-data/api/1/datastore/query/mj5m-pzi6/0 (CMS Doctors and Clinicians National Downloadable File, PECOS Medicare enrollment; official_filing; released 2026-07-09)",TIDELANDS ANESTHESIA GROUP LLC,"https://data.cms.gov/provider-data/api/1/datastore/query/mj5m-pzi6/0 (CMS Doctors and Clinicians National Downloadable File, PECOS Medicare enrollment; official_filing; released 2026-07-09)",,,,,(843) 527-7100,"https://data.cms.gov/provider-data/api/1/datastore/query/mj5m-pzi6/0 (CMS Doctors and Clinicians National Downloadable File, PECOS Medicare enrollment; official_filing; released 2026-07-09)",,,https://npiregistry.cms.hhs.gov/provider-view/1154315463,"https://data.cms.gov/provider-data/api/1/datastore/query/mj5m-pzi6/0 (CMS Doctors and Clinicians National Downloadable File, PECOS Medicare enrollment; official_filing; released 2026-07-09)",single_source,1,"https://data.cms.gov/provider-data/api/1/datastore/query/mj5m-pzi6/0 (CMS Doctors and Clinicians National Downloadable File, PECOS Medicare enrollment; official_filing; released 2026-07-09)",1154315463,MD,GEORGETOWN,SC,294403304,Myrtle Beach,31.5,204.5,"practice address GEORGETOWN, SC — postal 294 in ring; 31.5 mi from Myrtle Beach centroid vs 204.5 mi Greenville; geo=city_centroid",ANESTHESIOLOGY,false,NONE_FOUND,"NONE_FOUND = UNPUBLISHABLE in this source. The CMS DAC specialty vocabulary contains no ""Pediatric Anesthesiology"" value at all (measured: pri_spec values containing ""PEDIATRIC"" are only ""PEDIATRIC MEDICINE""; sec_spec values containing ""ANESTH"" are only ANESTHESIOLOGY / ANESTHESIOLOGY,HOSPICE-PALLIATIVE CARE / ANESTHESIOLOGY,INTERVENTIONAL PAIN MANAGEMENT). So this official filing cannot express the subspecialty; absence here is not evidence the person lacks it. || NONE_FOUND = CHECKED-AND-ABSENT on Healthgrades. Control test: the Healthgrades education schema does carry typeCode RESIDE/FELLOW (proved on dr-edward-gologorsky-2fywb, same Georgetown result set, which returns a 1994 UPMC Fellowship). Healthgrades simply holds no residency/fellowship row for this person. Independently, an NPI-taxonomy sweep for Pediatric Anesthesiology 207LP2900X across Georgetown/Myrtle Beach/Conway/Murrells Inlet/Pawleys Island SC returned result_count 0 in all five.",,,,official_filing (CMS PECOS Medicare enrollment),yes,department,,,,https://www.linkedin.com/search/results/people/?keywords=Philip%20M%20Dulberger%20anesthesiology,,INDIANA UNIVERSITY SCHOOL OF MEDICINE,"https://data.cms.gov/provider-data/api/1/datastore/query/mj5m-pzi6/0 (CMS Doctors and Clinicians National Downloadable File, PECOS Medicare enrollment; official_filing; released 2026-07-09) || corroborated: https://www.healthgrades.com/physician/dr-philip-dulberger-y59gh",1990,"https://data.cms.gov/provider-data/api/1/datastore/query/mj5m-pzi6/0 (CMS Doctors and Clinicians National Downloadable File, PECOS Medicare enrollment; official_filing; released 2026-07-09)",ANESTHESIOLOGY,,TIDELANDS ANESTHESIA GROUP LLC,"https://data.cms.gov/provider-data/api/1/datastore/query/mj5m-pzi6/0 (CMS Doctors and Clinicians National Downloadable File, PECOS Medicare enrollment; official_filing; released 2026-07-09)",FILLED_medical_school+grad_year (CMS official filing),NEW_PERSON_round3 (CMS DAC anesthesiology enumeration; absent from round-2 roster),Anesthesiology (American Board of Anesthesiology),https://www.healthgrades.com/physician/dr-philip-dulberger-y59gh,https://www.healthgrades.com/physician/dr-philip-dulberger-y59gh,"NONE_FOUND = CHECKED-AND-ABSENT on Healthgrades. Control test: the Healthgrades education schema does carry typeCode RESIDE/FELLOW (proved on dr-edward-gologorsky-2fywb, same Georgetown result set, which returns a 1994 UPMC Fellowship). Healthgrades simply holds no residency/fellowship row for this person. Independently, an NPI-taxonomy sweep for Pediatric Anesthesiology 207LP2900X across Georgetown/Myrtle Beach/Conway/Murrells Inlet/Pawleys Island SC returned result_count 0 in all five.",EMAIL WITHHELD: no address observed on TIDELANDS ANESTHESIA GROUP LLC's mail domain; domain itself not discoverable under clamp A (no search engine available; DNS-probed candidate hostnames all NXDOMAIN or parked).,,NOT_UNLOCKED_domain_undiscoverable,,
Raju Prasad Krishna,"https://data.cms.gov/provider-data/api/1/datastore/query/mj5m-pzi6/0 (CMS Doctors and Clinicians National Downloadable File, PECOS Medicare enrollment; official_filing; released 2026-07-09)",ANESTHESIOLOGY,"https://data.cms.gov/provider-data/api/1/datastore/query/mj5m-pzi6/0 (CMS Doctors and Clinicians National Downloadable File, PECOS Medicare enrollment; official_filing; released 2026-07-09)",ATLANTIC COAST ANESTHESIA SERVICES PC,"https://data.cms.gov/provider-data/api/1/datastore/query/mj5m-pzi6/0 (CMS Doctors and Clinicians National Downloadable File, PECOS Medicare enrollment; official_filing; released 2026-07-09)",,,,,(843) 692-1000,"https://data.cms.gov/provider-data/api/1/datastore/query/mj5m-pzi6/0 (CMS Doctors and Clinicians National Downloadable File, PECOS Medicare enrollment; official_filing; released 2026-07-09)",,,https://npiregistry.cms.hhs.gov/provider-view/1780636969,"https://data.cms.gov/provider-data/api/1/datastore/query/mj5m-pzi6/0 (CMS Doctors and Clinicians National Downloadable File, PECOS Medicare enrollment; official_filing; released 2026-07-09)",single_source,1,"https://data.cms.gov/provider-data/api/1/datastore/query/mj5m-pzi6/0 (CMS Doctors and Clinicians National Downloadable File, PECOS Medicare enrollment; official_filing; released 2026-07-09)",1780636969,MD,MYRTLE BEACH,SC,295724607,Myrtle Beach,1.4,215.8,"practice address MYRTLE BEACH, SC — postal 295 in ring; 1.4 mi from Myrtle Beach centroid vs 215.8 mi Greenville; geo=city_centroid",ANESTHESIOLOGY,false,NONE_FOUND,"NONE_FOUND = UNPUBLISHABLE in this source. The CMS DAC specialty vocabulary contains no ""Pediatric Anesthesiology"" value at all (measured: pri_spec values containing ""PEDIATRIC"" are only ""PEDIATRIC MEDICINE""; sec_spec values containing ""ANESTH"" are only ANESTHESIOLOGY / ANESTHESIOLOGY,HOSPICE-PALLIATIVE CARE / ANESTHESIOLOGY,INTERVENTIONAL PAIN MANAGEMENT). So this official filing cannot express the subspecialty; absence here is not evidence the person lacks it.",,,,official_filing (CMS PECOS Medicare enrollment),yes,practice,,,,https://www.linkedin.com/search/results/people/?keywords=Raju%20Prasad%20Krishna%20anesthesiology,,EMORY UNIVERSITY SCHOOL OF MEDICINE,"https://data.cms.gov/provider-data/api/1/datastore/query/mj5m-pzi6/0 (CMS Doctors and Clinicians National Downloadable File, PECOS Medicare enrollment; official_filing; released 2026-07-09)",1993,"https://data.cms.gov/provider-data/api/1/datastore/query/mj5m-pzi6/0 (CMS Doctors and Clinicians National Downloadable File, PECOS Medicare enrollment; official_filing; released 2026-07-09)",ANESTHESIOLOGY,PAIN MANAGEMENT,ATLANTIC COAST ANESTHESIA SERVICES PC,"https://data.cms.gov/provider-data/api/1/datastore/query/mj5m-pzi6/0 (CMS Doctors and Clinicians National Downloadable File, PECOS Medicare enrollment; official_filing; released 2026-07-09)",FILLED_medical_school+grad_year (CMS official filing),NEW_PERSON_round3 (CMS DAC anesthesiology enumeration; absent from round-2 roster),,,,,EMAIL WITHHELD: no address observed on ATLANTIC COAST ANESTHESIA SERVICES PC's mail domain; domain itself not discoverable under clamp A (no search engine available; DNS-probed candidate hostnames all NXDOMAIN or parked).,,NOT_UNLOCKED_domain_undiscoverable,,
Ramiro Godines,"https://npiregistry.cms.hhs.gov/api/ (NPI registry, taxonomy_description=Anesthesiology|Pediatric Anesthesiology, postal_code=283*|284*|290*|294*|295*)",Anesthesiology,"https://npiregistry.cms.hhs.gov/api/ (NPI registry, taxonomy_description=Anesthesiology|Pediatric Anesthesiology, postal_code=283*|284*|290*|294*|295*)","BEACH ANESTHESIA, LLC","https://data.cms.gov/provider-data/api/1/datastore/query/mj5m-pzi6/0 (CMS Doctors and Clinicians National Downloadable File, PECOS Medicare enrollment; official_filing; released 2026-07-09)",,,,,843-716-7000,"https://npiregistry.cms.hhs.gov/api/ (NPI registry, taxonomy_description=Anesthesiology|Pediatric Anesthesiology, postal_code=283*|284*|290*|294*|295*)",,,https://npiregistry.cms.hhs.gov/provider-view/1073596631,"https://npiregistry.cms.hhs.gov/api/ (NPI registry, taxonomy_description=Anesthesiology|Pediatric Anesthesiology, postal_code=283*|284*|290*|294*|295*)",corroborated,2,"https://npiregistry.cms.hhs.gov/api/ (NPI registry, taxonomy_description=Anesthesiology|Pediatric Anesthesiology, postal_code=283*|284*|290*|294*|295*) | OpenAlex + ORCID public APIs",1073596631,M.D.,LORIS,SC,295692827,Myrtle Beach,25.6,206.7,closer to Myrtle Beach (25.6 mi) than Greenville (206.7 mi); geo=city_centroid,"Anesthesiology, Pain Medicine; Anesthesiology",false,NONE_FOUND,OpenAlex works query filter=raw_author_name.search:Ramiro Godines returned 0 results — https://api.openalex.org/works?filter=raw_author_name.search:Ramiro%20Godines || OpenAlex authors search and ORCID expanded-search for this name returned no surname-matching profile — https://pub.orcid.org/v3.0/expanded-search/?q=given-names:Ramiro+AND+family-name:Godines || NONE_FOUND means no scholarly record was located at all — it is NOT evidence that this provider lacks pediatric experience,,,,,yes,practice,(803) 865-8200,department,"https://data.cms.gov/provider-data/api/1/datastore/query/mj5m-pzi6/0 (CMS Doctors and Clinicians National Downloadable File, PECOS Medicare enrollment; official_filing; released 2026-07-09)",https://www.linkedin.com/search/results/people/?keywords=Ramiro%20Godines%20anesthesiology,,UNIVERSITY OF ILLINOIS COLLEGE OF MED (CHI/PEOR/ROCK/CHM-URB),"https://data.cms.gov/provider-data/api/1/datastore/query/mj5m-pzi6/0 (CMS Doctors and Clinicians National Downloadable File, PECOS Medicare enrollment; official_filing; released 2026-07-09)",1990,"https://data.cms.gov/provider-data/api/1/datastore/query/mj5m-pzi6/0 (CMS Doctors and Clinicians National Downloadable File, PECOS Medicare enrollment; official_filing; released 2026-07-09)",ANESTHESIOLOGY,,"BEACH ANESTHESIA, LLC","https://data.cms.gov/provider-data/api/1/datastore/query/mj5m-pzi6/0 (CMS Doctors and Clinicians National Downloadable File, PECOS Medicare enrollment; official_filing; released 2026-07-09)",FILLED_medical_school+grad_year (CMS official filing),training_block_filled_from_CMS_DAC,,,,,"EMAIL WITHHELD: no address observed on BEACH ANESTHESIA, LLC's mail domain; domain itself not discoverable under clamp A (no search engine available; DNS-probed candidate hostnames all NXDOMAIN or parked).",,NOT_UNLOCKED_domain_undiscoverable,,
Raymond Collins,"https://npiregistry.cms.hhs.gov/api/ (NPI registry, taxonomy_description=Anesthesiology|Pediatric Anesthesiology, postal_code=283*|284*|290*|294*|295*)",Anesthesiology,"https://npiregistry.cms.hhs.gov/api/ (NPI registry, taxonomy_description=Anesthesiology|Pediatric Anesthesiology, postal_code=283*|284*|290*|294*|295*)",,,,,,,843-716-7000,"https://npiregistry.cms.hhs.gov/api/ (NPI registry, taxonomy_description=Anesthesiology|Pediatric Anesthesiology, postal_code=283*|284*|290*|294*|295*)",,,https://npiregistry.cms.hhs.gov/provider-view/1831172493,"https://npiregistry.cms.hhs.gov/api/ (NPI registry, taxonomy_description=Anesthesiology|Pediatric Anesthesiology, postal_code=283*|284*|290*|294*|295*)",corroborated,2,"https://npiregistry.cms.hhs.gov/api/ (NPI registry, taxonomy_description=Anesthesiology|Pediatric Anesthesiology, postal_code=283*|284*|290*|294*|295*) | OpenAlex + ORCID public APIs",1831172493,M.D.,LORIS,SC,295692827,Myrtle Beach,25.6,206.7,closer to Myrtle Beach (25.6 mi) than Greenville (206.7 mi); geo=city_centroid,"Anesthesiology, Pain Medicine; Anesthesiology",false,NONE_FOUND,OpenAlex works query filter=raw_author_name.search:Raymond Collins returned 0 results — https://api.openalex.org/works?filter=raw_author_name.search:Raymond%20Collins || OpenAlex authors search and ORCID expanded-search for this name returned no surname-matching profile — https://pub.orcid.org/v3.0/expanded-search/?q=given-names:Raymond+AND+family-name:Collins || NONE_FOUND means no scholarly record was located at all — it is NOT evidence that this provider lacks pediatric experience,,,,,yes,practice,,,,https://www.linkedin.com/search/results/people/?keywords=Raymond%20Collins%20anesthesiology,,,,,,,,,,NOT_IN_CMS_DAC (no Medicare enrollment record matched this NPI),,,,,,"EMAIL WITHHELD: no employer of record, so no domain to unlock.",,NO_EMPLOYER_ON_RECORD,,
Richard Kline,"https://npiregistry.cms.hhs.gov/api/ (NPI registry, taxonomy_description=Anesthesiology|Pediatric Anesthesiology, postal_code=283*|284*|290*|294*|295*)","Anesthesiology, Pain Medicine","https://npiregistry.cms.hhs.gov/api/ (NPI registry, taxonomy_description=Anesthesiology|Pediatric Anesthesiology, postal_code=283*|284*|290*|294*|295*)",ATLANTIC COAST PAIN SPECIALISTS INC,"https://data.cms.gov/provider-data/api/1/datastore/query/mj5m-pzi6/0 (CMS Doctors and Clinicians National Downloadable File, PECOS Medicare enrollment; official_filing; released 2026-07-09)",,,,,843-438-8470,"https://npiregistry.cms.hhs.gov/api/ (NPI registry, taxonomy_description=Anesthesiology|Pediatric Anesthesiology, postal_code=283*|284*|290*|294*|295*)",,,https://npiregistry.cms.hhs.gov/provider-view/1902824378,"https://npiregistry.cms.hhs.gov/api/ (NPI registry, taxonomy_description=Anesthesiology|Pediatric Anesthesiology, postal_code=283*|284*|290*|294*|295*)",corroborated,2,"https://npiregistry.cms.hhs.gov/api/ (NPI registry, taxonomy_description=Anesthesiology|Pediatric Anesthesiology, postal_code=283*|284*|290*|294*|295*) | OpenAlex + ORCID public APIs",1902824378,MD,CONWAY,SC,295263716,Myrtle Beach,13.3,203.2,closer to Myrtle Beach (13.3 mi) than Greenville (203.2 mi); geo=city_centroid,"Anesthesiology, Pain Medicine; Anesthesiology; Durable Medical Equipment & Medical Supplies",false,NONE_FOUND,"UNCERTAIN IDENTITY: OpenAlex author A5014515252 ('Richard Kline', 81 works, ORCID 0000-0001-8048-2107) publishes from 'Department of Anesthesiology, Perioperative Care, and Pain Medicine, NYU Langone Medical Center' with contact email richard.kline@nyumc.org — matches the roster taxonomy (Anesthesiology, Pain Medicine) but nothing ties it to Conway SC — https://openalex.org/W2346236462 || Only 1 of 81 works matches a pediatric/neonatal keyword: 'Despite Differences in Cytosolic Calcium Regulation, Lidocaine Toxicity Is Similar in Adult and Neonatal Rat...' (2013) — a rat cardiomyocyte lab study, not clinical pediatric practice — https://openalex.org/W2095360804 || That profile's listed affiliations (NYU Langone 2011-2020, Columbia 1987-2009, Stony Brook, Mount Sinai) contain no children's hospital — https://openalex.org/A5014515252",,,,,yes,practice,(843) 438-8470,practice,"https://data.cms.gov/provider-data/api/1/datastore/query/mj5m-pzi6/0 (CMS Doctors and Clinicians National Downloadable File, PECOS Medicare enrollment; official_filing; released 2026-07-09)",https://www.linkedin.com/search/results/people/?keywords=Richard%20Kline%20anesthesiology,,MEDICAL COLLEGE OF GEORGIA SCHOOL OF MEDICINE,"https://data.cms.gov/provider-data/api/1/datastore/query/mj5m-pzi6/0 (CMS Doctors and Clinicians National Downloadable File, PECOS Medicare enrollment; official_filing; released 2026-07-09)",1998,"https://data.cms.gov/provider-data/api/1/datastore/query/mj5m-pzi6/0 (CMS Doctors and Clinicians National Downloadable File, PECOS Medicare enrollment; official_filing; released 2026-07-09)",ANESTHESIOLOGY,PAIN MANAGEMENT,ATLANTIC COAST PAIN SPECIALISTS INC | CORA SOUTH CAROLINA LLC,"https://data.cms.gov/provider-data/api/1/datastore/query/mj5m-pzi6/0 (CMS Doctors and Clinicians National Downloadable File, PECOS Medicare enrollment; official_filing; released 2026-07-09)",FILLED_medical_school+grad_year (CMS official filing),training_block_filled_from_CMS_DAC,,,,,EMAIL WITHHELD: no address observed on ATLANTIC COAST PAIN SPECIALISTS INC's mail domain; domain itself not discoverable under clamp A (no search engine available; DNS-probed candidate hostnames all NXDOMAIN or parked).,,NOT_UNLOCKED_domain_undiscoverable,,
Robert Michael Shakar,"https://data.cms.gov/provider-data/api/1/datastore/query/mj5m-pzi6/0 (CMS Doctors and Clinicians National Downloadable File, PECOS Medicare enrollment; official_filing; released 2026-07-09)",ANESTHESIOLOGY,"https://data.cms.gov/provider-data/api/1/datastore/query/mj5m-pzi6/0 (CMS Doctors and Clinicians National Downloadable File, PECOS Medicare enrollment; official_filing; released 2026-07-09)",SOUTHEAST ANESTHESIOLOGY CONSULTANTS PLLC,"https://data.cms.gov/provider-data/api/1/datastore/query/mj5m-pzi6/0 (CMS Doctors and Clinicians National Downloadable File, PECOS Medicare enrollment; official_filing; released 2026-07-09)",,,,,(910) 457-3800,"https://data.cms.gov/provider-data/api/1/datastore/query/mj5m-pzi6/0 (CMS Doctors and Clinicians National Downloadable File, PECOS Medicare enrollment; official_filing; released 2026-07-09)",,,https://npiregistry.cms.hhs.gov/provider-view/1861497687,"https://data.cms.gov/provider-data/api/1/datastore/query/mj5m-pzi6/0 (CMS Doctors and Clinicians National Downloadable File, PECOS Medicare enrollment; official_filing; released 2026-07-09)",single_source,1,"https://data.cms.gov/provider-data/api/1/datastore/query/mj5m-pzi6/0 (CMS Doctors and Clinicians National Downloadable File, PECOS Medicare enrollment; official_filing; released 2026-07-09)",1861497687,MD,SOUTHPORT,NC,284613038,Myrtle Beach,52.3,257.5,"practice address SOUTHPORT, NC — postal 284 in ring; 52.3 mi from Myrtle Beach centroid vs 257.5 mi Greenville; geo=city_centroid",ANESTHESIOLOGY,false,NONE_FOUND,"NONE_FOUND = UNPUBLISHABLE in this source. The CMS DAC specialty vocabulary contains no ""Pediatric Anesthesiology"" value at all (measured: pri_spec values containing ""PEDIATRIC"" are only ""PEDIATRIC MEDICINE""; sec_spec values containing ""ANESTH"" are only ANESTHESIOLOGY / ANESTHESIOLOGY,HOSPICE-PALLIATIVE CARE / ANESTHESIOLOGY,INTERVENTIONAL PAIN MANAGEMENT). So this official filing cannot express the subspecialty; absence here is not evidence the person lacks it.",,,,official_filing (CMS PECOS Medicare enrollment),yes,practice,,,,https://www.linkedin.com/search/results/people/?keywords=Robert%20Michael%20Shakar%20anesthesiology,,UNIVERSITY OF FLORIDA COLLEGE OF MEDICINE,"https://data.cms.gov/provider-data/api/1/datastore/query/mj5m-pzi6/0 (CMS Doctors and Clinicians National Downloadable File, PECOS Medicare enrollment; official_filing; released 2026-07-09)",1993,"https://data.cms.gov/provider-data/api/1/datastore/query/mj5m-pzi6/0 (CMS Doctors and Clinicians National Downloadable File, PECOS Medicare enrollment; official_filing; released 2026-07-09)",ANESTHESIOLOGY,INTERVENTIONAL PAIN MANAGEMENT,SOUTHEAST ANESTHESIOLOGY CONSULTANTS PLLC,"https://data.cms.gov/provider-data/api/1/datastore/query/mj5m-pzi6/0 (CMS Doctors and Clinicians National Downloadable File, PECOS Medicare enrollment; official_filing; released 2026-07-09)",FILLED_medical_school+grad_year (CMS official filing),NEW_PERSON_round3 (CMS DAC anesthesiology enumeration; absent from round-2 roster),,,,,EMAIL WITHHELD: no address observed on SOUTHEAST ANESTHESIOLOGY CONSULTANTS PLLC's mail domain; domain itself not discoverable under clamp A (no search engine available; DNS-probed candidate hostnames all NXDOMAIN or parked).,,NOT_UNLOCKED_domain_undiscoverable,,
Robert O'Connor,"https://www.mcleodhealth.org/ (public Algolia index live_physicians, app JUNR3SUCF2 — rung 3, no browser)",Anesthesiology,"https://www.mcleodhealth.org/ (public Algolia index live_physicians, app JUNR3SUCF2 — rung 3, no browser)",McLeod Health — McLeod Anesthesiology – Seacoast,"https://www.mcleodhealth.org/ (public Algolia index live_physicians, app JUNR3SUCF2 — rung 3, no browser)",mcleodhealth.org,"https://www.mcleodhealth.org/ (public Algolia index live_physicians, app JUNR3SUCF2 — rung 3, no browser)",,,(843) 390-8128,"https://www.mcleodhealth.org/ (public Algolia index live_physicians, app JUNR3SUCF2 — rung 3, no browser)",,,https://www.mcleodhealth.org/physician/robert-oconnor/,"https://www.mcleodhealth.org/ (public Algolia index live_physicians, app JUNR3SUCF2 — rung 3, no browser)",single_source,1,"https://www.mcleodhealth.org/ (public Algolia index live_physicians, app JUNR3SUCF2 — rung 3, no browser)",,MD,LITTLE RIVER,SC,29566,Myrtle Beach,17.2,,"practice address Little River, SC — within 50 mi of Myrtle Beach; geo=city_centroid",,unknown (not matched to an NPI record in this run),NONE_FOUND,McLeod directory lists specialty Anesthesiology only; no pediatric board certification or pediatric fellowship on the profile — https://www.mcleodhealth.org/physician/robert-oconnor/,,,,McLeod Health public physician index,yes,department,,,,https://www.linkedin.com/search/results/people/?keywords=Robert%20O%27Connor%20anesthesiology,NEW PERSON (not in round-1 NPI roster; found via McLeod rung-3 index),,,,,,,,,NOT_IN_CMS_DAC (no Medicare enrollment record matched this NPI),,,,,,"EMAIL WITHHELD: mcleodhealth.org runs TWO live formats concurrently — 3 name-confirmed first.last (Maureen.finger@, maggie.jackson@, logan.doriety@) vs 2 name-confirmed flast (rserrano@ Raquel Serrano, dsawyer@ Davis Sawyer) + 4 further flast-shaped (aploeg@, cpernell@, hburgin@, jcauble@); 9 personal addresses observed, ~67% flast. No propagable pattern. Employment also contested: mcLeod_physician_associates=false (contracted group) vs CMS PECOS employer_group. Checked 9 of 9 observed personal addresses.",mcleodhealth.org,WITHHELD_mixed_format+employment_contested,,
Robin Dimitrious,"https://npiregistry.cms.hhs.gov/api/ (NPI registry, taxonomy_description=Anesthesiology|Pediatric Anesthesiology, postal_code=283*|284*|290*|294*|295*)",Anesthesiology,"https://npiregistry.cms.hhs.gov/api/ (NPI registry, taxonomy_description=Anesthesiology|Pediatric Anesthesiology, postal_code=283*|284*|290*|294*|295*)",,,,,,,910-642-6427,"https://npiregistry.cms.hhs.gov/api/ (NPI registry, taxonomy_description=Anesthesiology|Pediatric Anesthesiology, postal_code=283*|284*|290*|294*|295*)",,,https://npiregistry.cms.hhs.gov/provider-view/1518091081,"https://npiregistry.cms.hhs.gov/api/ (NPI registry, taxonomy_description=Anesthesiology|Pediatric Anesthesiology, postal_code=283*|284*|290*|294*|295*)",corroborated,2,"https://npiregistry.cms.hhs.gov/api/ (NPI registry, taxonomy_description=Anesthesiology|Pediatric Anesthesiology, postal_code=283*|284*|290*|294*|295*) | OpenAlex + ORCID public APIs",1518091081,M.D.,WHITEVILLE,NC,284723634,Myrtle Beach,45.5,212.9,closer to Myrtle Beach (45.5 mi) than Greenville (212.9 mi); geo=city_centroid,Anesthesiology,false,NONE_FOUND,OpenAlex works query filter=raw_author_name.search:Robin Dimitrious returned 0 results — https://api.openalex.org/works?filter=raw_author_name.search:Robin%20Dimitrious || OpenAlex authors search and ORCID expanded-search for this name returned no surname-matching profile — https://pub.orcid.org/v3.0/expanded-search/?q=given-names:Robin+AND+family-name:Dimitrious || NONE_FOUND means no scholarly record was located at all — it is NOT evidence that this provider lacks pediatric experience,,,,,yes,practice,,,,https://www.linkedin.com/search/results/people/?keywords=Robin%20Dimitrious%20anesthesiology,,,,,,,,,,NOT_IN_CMS_DAC (no Medicare enrollment record matched this NPI),,,,,,"EMAIL WITHHELD: no employer of record, so no domain to unlock.",,NO_EMPLOYER_ON_RECORD,,
Ruzanna Nalbandyan,"https://data.cms.gov/provider-data/api/1/datastore/query/mj5m-pzi6/0 (CMS Doctors and Clinicians National Downloadable File, PECOS Medicare enrollment; official_filing; released 2026-07-09)",ANESTHESIOLOGY,"https://data.cms.gov/provider-data/api/1/datastore/query/mj5m-pzi6/0 (CMS Doctors and Clinicians National Downloadable File, PECOS Medicare enrollment; official_filing; released 2026-07-09)",ATLANTIC COAST ANESTHESIA SERVICES PC,"https://data.cms.gov/provider-data/api/1/datastore/query/mj5m-pzi6/0 (CMS Doctors and Clinicians National Downloadable File, PECOS Medicare enrollment; official_filing; released 2026-07-09)",,,,,(843) 692-1000,"https://data.cms.gov/provider-data/api/1/datastore/query/mj5m-pzi6/0 (CMS Doctors and Clinicians National Downloadable File, PECOS Medicare enrollment; official_filing; released 2026-07-09)",,,https://npiregistry.cms.hhs.gov/provider-view/1447601604,"https://data.cms.gov/provider-data/api/1/datastore/query/mj5m-pzi6/0 (CMS Doctors and Clinicians National Downloadable File, PECOS Medicare enrollment; official_filing; released 2026-07-09)",single_source,1,"https://data.cms.gov/provider-data/api/1/datastore/query/mj5m-pzi6/0 (CMS Doctors and Clinicians National Downloadable File, PECOS Medicare enrollment; official_filing; released 2026-07-09)",1447601604,MD,MYRTLE BEACH,SC,295724607,Myrtle Beach,1.4,215.8,"practice address MYRTLE BEACH, SC — postal 295 in ring; 1.4 mi from Myrtle Beach centroid vs 215.8 mi Greenville; geo=city_centroid",ANESTHESIOLOGY,false,NONE_FOUND,"NONE_FOUND = UNPUBLISHABLE in this source. The CMS DAC specialty vocabulary contains no ""Pediatric Anesthesiology"" value at all (measured: pri_spec values containing ""PEDIATRIC"" are only ""PEDIATRIC MEDICINE""; sec_spec values containing ""ANESTH"" are only ANESTHESIOLOGY / ANESTHESIOLOGY,HOSPICE-PALLIATIVE CARE / ANESTHESIOLOGY,INTERVENTIONAL PAIN MANAGEMENT). So this official filing cannot express the subspecialty; absence here is not evidence the person lacks it.",,,,official_filing (CMS PECOS Medicare enrollment),yes,practice,,,,https://www.linkedin.com/search/results/people/?keywords=Ruzanna%20Nalbandyan%20anesthesiology,,OTHER,"https://data.cms.gov/provider-data/api/1/datastore/query/mj5m-pzi6/0 (CMS Doctors and Clinicians National Downloadable File, PECOS Medicare enrollment; official_filing; released 2026-07-09)",2003,"https://data.cms.gov/provider-data/api/1/datastore/query/mj5m-pzi6/0 (CMS Doctors and Clinicians National Downloadable File, PECOS Medicare enrollment; official_filing; released 2026-07-09)",ANESTHESIOLOGY,,ATLANTIC COAST ANESTHESIA SERVICES PC,"https://data.cms.gov/provider-data/api/1/datastore/query/mj5m-pzi6/0 (CMS Doctors and Clinicians National Downloadable File, PECOS Medicare enrollment; official_filing; released 2026-07-09)","PARTIAL_grad_year_only (CMS reports med_sch=""OTHER"")",NEW_PERSON_round3 (CMS DAC anesthesiology enumeration; absent from round-2 roster),,,,,EMAIL WITHHELD: no address observed on ATLANTIC COAST ANESTHESIA SERVICES PC's mail domain; domain itself not discoverable under clamp A (no search engine available; DNS-probed candidate hostnames all NXDOMAIN or parked).,,NOT_UNLOCKED_domain_undiscoverable,,
Ryan Smith,"https://npiregistry.cms.hhs.gov/api/ (NPI registry, taxonomy_description=Anesthesiology|Pediatric Anesthesiology, postal_code=283*|284*|290*|294*|295*)",Anesthesiology,"https://npiregistry.cms.hhs.gov/api/ (NPI registry, taxonomy_description=Anesthesiology|Pediatric Anesthesiology, postal_code=283*|284*|290*|294*|295*)",,,,,,,843-504-7194,"https://npiregistry.cms.hhs.gov/api/ (NPI registry, taxonomy_description=Anesthesiology|Pediatric Anesthesiology, postal_code=283*|284*|290*|294*|295*)",,,https://npiregistry.cms.hhs.gov/provider-view/1861479974,"https://npiregistry.cms.hhs.gov/api/ (NPI registry, taxonomy_description=Anesthesiology|Pediatric Anesthesiology, postal_code=283*|284*|290*|294*|295*)",corroborated,2,"https://npiregistry.cms.hhs.gov/api/ (NPI registry, taxonomy_description=Anesthesiology|Pediatric Anesthesiology, postal_code=283*|284*|290*|294*|295*) | OpenAlex + ORCID public APIs",1861479974,M.D.,MYRTLE BEACH,SC,29579,Myrtle Beach,1.4,214.8,closer to Myrtle Beach (1.4 mi) than Greenville (214.8 mi); geo=city_centroid,Anesthesiology; Anesthesiology,false,NONE_FOUND,"OpenAlex returned 0 works, 0 surname-matching author profiles and 15 ORCID name hits for 'Ryan Smith', but none combined an anesthesiology/pain affiliation with pediatric content, and none could be tied to the Carolinas — https://api.openalex.org/works?filter=raw_author_name.search:Ryan%20Smith || All apparent pediatric hits for this name were rejected as same-name collisions in unrelated fields || NONE_FOUND means nothing was found in open scholarly sources — it is NOT evidence that this provider lacks pediatric experience",,,,,yes,practice,,,,https://www.linkedin.com/search/results/people/?keywords=Ryan%20Smith%20anesthesiology,,,,,,,,,,NOT_IN_CMS_DAC (no Medicare enrollment record matched this NPI),,,,,,"EMAIL WITHHELD: no employer of record, so no domain to unlock.",,NO_EMPLOYER_ON_RECORD,,
Sam Xiang-Ming Zheng,"https://data.cms.gov/provider-data/api/1/datastore/query/mj5m-pzi6/0 (CMS Doctors and Clinicians National Downloadable File, PECOS Medicare enrollment; official_filing; released 2026-07-09)",ANESTHESIOLOGY,"https://data.cms.gov/provider-data/api/1/datastore/query/mj5m-pzi6/0 (CMS Doctors and Clinicians National Downloadable File, PECOS Medicare enrollment; official_filing; released 2026-07-09)",MEDSTREAM ANESTHESIA PLLC,"https://data.cms.gov/provider-data/api/1/datastore/query/mj5m-pzi6/0 (CMS Doctors and Clinicians National Downloadable File, PECOS Medicare enrollment; official_filing; released 2026-07-09)",,,,,(843) 347-7111,"https://data.cms.gov/provider-data/api/1/datastore/query/mj5m-pzi6/0 (CMS Doctors and Clinicians National Downloadable File, PECOS Medicare enrollment; official_filing; released 2026-07-09)",,,https://npiregistry.cms.hhs.gov/provider-view/1194707281,"https://data.cms.gov/provider-data/api/1/datastore/query/mj5m-pzi6/0 (CMS Doctors and Clinicians National Downloadable File, PECOS Medicare enrollment; official_filing; released 2026-07-09)",single_source,1,"https://data.cms.gov/provider-data/api/1/datastore/query/mj5m-pzi6/0 (CMS Doctors and Clinicians National Downloadable File, PECOS Medicare enrollment; official_filing; released 2026-07-09)",1194707281,MD,CONWAY,SC,295269142,Myrtle Beach,13.3,203.4,"practice address CONWAY, SC — postal 295 in ring; 13.3 mi from Myrtle Beach centroid vs 203.4 mi Greenville; geo=city_centroid",ANESTHESIOLOGY,false,NONE_FOUND,"NONE_FOUND = UNPUBLISHABLE in this source. The CMS DAC specialty vocabulary contains no ""Pediatric Anesthesiology"" value at all (measured: pri_spec values containing ""PEDIATRIC"" are only ""PEDIATRIC MEDICINE""; sec_spec values containing ""ANESTH"" are only ANESTHESIOLOGY / ANESTHESIOLOGY,HOSPICE-PALLIATIVE CARE / ANESTHESIOLOGY,INTERVENTIONAL PAIN MANAGEMENT). So this official filing cannot express the subspecialty; absence here is not evidence the person lacks it.",,,,official_filing (CMS PECOS Medicare enrollment),yes,practice,,,,https://www.linkedin.com/search/results/people/?keywords=Sam%20Xiang-Ming%20Zheng%20anesthesiology,,OTHER,"https://data.cms.gov/provider-data/api/1/datastore/query/mj5m-pzi6/0 (CMS Doctors and Clinicians National Downloadable File, PECOS Medicare enrollment; official_filing; released 2026-07-09)",1987,"https://data.cms.gov/provider-data/api/1/datastore/query/mj5m-pzi6/0 (CMS Doctors and Clinicians National Downloadable File, PECOS Medicare enrollment; official_filing; released 2026-07-09)",ANESTHESIOLOGY,,MEDSTREAM ANESTHESIA PLLC,"https://data.cms.gov/provider-data/api/1/datastore/query/mj5m-pzi6/0 (CMS Doctors and Clinicians National Downloadable File, PECOS Medicare enrollment; official_filing; released 2026-07-09)","PARTIAL_grad_year_only (CMS reports med_sch=""OTHER"")",NEW_PERSON_round3 (CMS DAC anesthesiology enumeration; absent from round-2 roster),,,,,EMAIL WITHHELD: no address observed on MEDSTREAM ANESTHESIA PLLC's mail domain; domain itself not discoverable under clamp A (no search engine available; DNS-probed candidate hostnames all NXDOMAIN or parked).,,NOT_UNLOCKED_domain_undiscoverable,,
Scott Thomas,"https://npiregistry.cms.hhs.gov/api/ (NPI registry, taxonomy_description=Anesthesiology|Pediatric Anesthesiology, postal_code=283*|284*|290*|294*|295*)",Anesthesiology,"https://npiregistry.cms.hhs.gov/api/ (NPI registry, taxonomy_description=Anesthesiology|Pediatric Anesthesiology, postal_code=283*|284*|290*|294*|295*)",US ANESTHESIA PARTNERS OF FLORIDA INC,"https://data.cms.gov/provider-data/api/1/datastore/query/mj5m-pzi6/0 (CMS Doctors and Clinicians National Downloadable File, PECOS Medicare enrollment; official_filing; released 2026-07-09)",,,,,303-579-8759,"https://npiregistry.cms.hhs.gov/api/ (NPI registry, taxonomy_description=Anesthesiology|Pediatric Anesthesiology, postal_code=283*|284*|290*|294*|295*)",,,https://npiregistry.cms.hhs.gov/provider-view/1063664894,"https://npiregistry.cms.hhs.gov/api/ (NPI registry, taxonomy_description=Anesthesiology|Pediatric Anesthesiology, postal_code=283*|284*|290*|294*|295*)",corroborated,2,"https://npiregistry.cms.hhs.gov/api/ (NPI registry, taxonomy_description=Anesthesiology|Pediatric Anesthesiology, postal_code=283*|284*|290*|294*|295*) | OpenAlex + ORCID public APIs",1063664894,"MD, MBA",PAWLEYS ISLAND,SC,295857630,Myrtle Beach,22.3,211.2,closer to Myrtle Beach (22.3 mi) than Greenville (211.2 mi); geo=city_centroid,Anesthesiology; Anesthesiology; Anesthesiology,false,NONE_FOUND,"OpenAlex returned 0 works, 3 surname-matching author profiles and 15 ORCID name hits for 'Scott Thomas', but none combined an anesthesiology/pain affiliation with pediatric content, and none could be tied to the Carolinas — https://api.openalex.org/works?filter=raw_author_name.search:Scott%20Thomas || All apparent pediatric hits for this name were rejected as same-name collisions in unrelated fields || NONE_FOUND means nothing was found in open scholarly sources — it is NOT evidence that this provider lacks pediatric experience",,,,,yes,practice,(407) 303-5600,department,"https://data.cms.gov/provider-data/api/1/datastore/query/mj5m-pzi6/0 (CMS Doctors and Clinicians National Downloadable File, PECOS Medicare enrollment; official_filing; released 2026-07-09)",https://www.linkedin.com/search/results/people/?keywords=Scott%20Thomas%20anesthesiology,,UNIVERSITY OF CONNECTICUT SCHOOL OF MEDICINE,"https://data.cms.gov/provider-data/api/1/datastore/query/mj5m-pzi6/0 (CMS Doctors and Clinicians National Downloadable File, PECOS Medicare enrollment; official_filing; released 2026-07-09)",2008,"https://data.cms.gov/provider-data/api/1/datastore/query/mj5m-pzi6/0 (CMS Doctors and Clinicians National Downloadable File, PECOS Medicare enrollment; official_filing; released 2026-07-09)",ANESTHESIOLOGY,,US ANESTHESIA PARTNERS OF FLORIDA INC,"https://data.cms.gov/provider-data/api/1/datastore/query/mj5m-pzi6/0 (CMS Doctors and Clinicians National Downloadable File, PECOS Medicare enrollment; official_filing; released 2026-07-09)",FILLED_medical_school+grad_year (CMS official filing),training_block_filled_from_CMS_DAC,,,,,EMAIL WITHHELD: no address observed on US ANESTHESIA PARTNERS OF FLORIDA INC's mail domain; domain itself not discoverable under clamp A (no search engine available; DNS-probed candidate hostnames all NXDOMAIN or parked).,,NOT_UNLOCKED_domain_undiscoverable,,
Soheyla H Pilling,"https://data.cms.gov/provider-data/api/1/datastore/query/mj5m-pzi6/0 (CMS Doctors and Clinicians National Downloadable File, PECOS Medicare enrollment; official_filing; released 2026-07-09)",ANESTHESIOLOGY,"https://data.cms.gov/provider-data/api/1/datastore/query/mj5m-pzi6/0 (CMS Doctors and Clinicians National Downloadable File, PECOS Medicare enrollment; official_filing; released 2026-07-09)",PROVIDENCE ANESTHESIOLOGY ASSOCIATES PA,"https://data.cms.gov/provider-data/api/1/datastore/query/mj5m-pzi6/0 (CMS Doctors and Clinicians National Downloadable File, PECOS Medicare enrollment; official_filing; released 2026-07-09)",,,,,(910) 721-1000,"https://data.cms.gov/provider-data/api/1/datastore/query/mj5m-pzi6/0 (CMS Doctors and Clinicians National Downloadable File, PECOS Medicare enrollment; official_filing; released 2026-07-09)",,,https://npiregistry.cms.hhs.gov/provider-view/1760407555,"https://data.cms.gov/provider-data/api/1/datastore/query/mj5m-pzi6/0 (CMS Doctors and Clinicians National Downloadable File, PECOS Medicare enrollment; official_filing; released 2026-07-09)",single_source,1,"https://data.cms.gov/provider-data/api/1/datastore/query/mj5m-pzi6/0 (CMS Doctors and Clinicians National Downloadable File, PECOS Medicare enrollment; official_filing; released 2026-07-09)",1760407555,MD,BOLIVIA,NC,284228346,Myrtle Beach,49.9,247.9,"practice address BOLIVIA, NC — postal 284 in ring; 49.9 mi from Myrtle Beach centroid vs 247.9 mi Greenville; geo=city_centroid",ANESTHESIOLOGY,false,NONE_FOUND,"NONE_FOUND = UNPUBLISHABLE in this source. The CMS DAC specialty vocabulary contains no ""Pediatric Anesthesiology"" value at all (measured: pri_spec values containing ""PEDIATRIC"" are only ""PEDIATRIC MEDICINE""; sec_spec values containing ""ANESTH"" are only ANESTHESIOLOGY / ANESTHESIOLOGY,HOSPICE-PALLIATIVE CARE / ANESTHESIOLOGY,INTERVENTIONAL PAIN MANAGEMENT). So this official filing cannot express the subspecialty; absence here is not evidence the person lacks it.",,,,official_filing (CMS PECOS Medicare enrollment),yes,practice,,,,https://www.linkedin.com/search/results/people/?keywords=Soheyla%20H%20Pilling%20anesthesiology,,OTHER,"https://data.cms.gov/provider-data/api/1/datastore/query/mj5m-pzi6/0 (CMS Doctors and Clinicians National Downloadable File, PECOS Medicare enrollment; official_filing; released 2026-07-09)",1987,"https://data.cms.gov/provider-data/api/1/datastore/query/mj5m-pzi6/0 (CMS Doctors and Clinicians National Downloadable File, PECOS Medicare enrollment; official_filing; released 2026-07-09)",ANESTHESIOLOGY,,PROVIDENCE ANESTHESIOLOGY ASSOCIATES PA,"https://data.cms.gov/provider-data/api/1/datastore/query/mj5m-pzi6/0 (CMS Doctors and Clinicians National Downloadable File, PECOS Medicare enrollment; official_filing; released 2026-07-09)","PARTIAL_grad_year_only (CMS reports med_sch=""OTHER"")",NEW_PERSON_round3 (CMS DAC anesthesiology enumeration; absent from round-2 roster),,,,,EMAIL WITHHELD: no address observed on PROVIDENCE ANESTHESIOLOGY ASSOCIATES PA's mail domain; domain itself not discoverable under clamp A (no search engine available; DNS-probed candidate hostnames all NXDOMAIN or parked).,,NOT_UNLOCKED_domain_undiscoverable,,
Songoli C Umeh,"https://www.mygrandstrandhealth.com/ (all 299 profiles from physicians.xml fetched; physicianData JSON parsed from each — rung 3, no browser)",Anesthesiology,"https://www.mygrandstrandhealth.com/ (all 299 profiles from physicians.xml fetched; physicianData JSON parsed from each — rung 3, no browser)",Grand Strand Medical Center (HCA) staff — Weatherby Locums Inc,"https://www.mygrandstrandhealth.com/ (all 299 profiles from physicians.xml fetched; physicianData JSON parsed from each — rung 3, no browser)",mygrandstrandhealth.com,"https://www.mygrandstrandhealth.com/ (all 299 profiles from physicians.xml fetched; physicianData JSON parsed from each — rung 3, no browser)",,,(800) 586-5022,"https://www.mygrandstrandhealth.com/ (all 299 profiles from physicians.xml fetched; physicianData JSON parsed from each — rung 3, no browser) providerLocations",,,https://www.mygrandstrandhealth.com/physicians/profile/Dr-Songoli-C-Umeh-MD,"https://www.mygrandstrandhealth.com/ (all 299 profiles from physicians.xml fetched; physicianData JSON parsed from each — rung 3, no browser)",single_source,1,"https://www.mygrandstrandhealth.com/ (all 299 profiles from physicians.xml fetched; physicianData JSON parsed from each — rung 3, no browser)",1356635163,MD,FORT LAUDERDALE,FL,,OUT OF RADIUS (locums),,,"listed on the Grand Strand (Myrtle Beach) medical-staff directory, but her registered practice address is the Weatherby Locums agency in Fort Lauderdale FL — counted as FOUND, NOT counted as in_radius",,unknown (NPI record not re-fetched this run),NONE_FOUND,Grand Strand physicianData lists providerSpecialties=[Anesthesiology] only; credentialsAndAccreditations empty/no pediatric fellowship — https://www.mygrandstrandhealth.com/physicians/profile/Dr-Songoli-C-Umeh-MD,,,,Grand Strand Medical Center public physician directory,yes,answering_service,(570) 524-2722,practice,"https://data.cms.gov/provider-data/api/1/datastore/query/mj5m-pzi6/0 (CMS Doctors and Clinicians National Downloadable File, PECOS Medicare enrollment; official_filing; released 2026-07-09)",https://www.linkedin.com/search/results/people/?keywords=Songoli%20C%20Umeh%20anesthesiology,NEW PERSON (Grand Strand 299-profile physicianData sweep),HOWARD UNIVERSITY COLLEGE OF MEDICINE,"https://data.cms.gov/provider-data/api/1/datastore/query/mj5m-pzi6/0 (CMS Doctors and Clinicians National Downloadable File, PECOS Medicare enrollment; official_filing; released 2026-07-09)",2011,"https://data.cms.gov/provider-data/api/1/datastore/query/mj5m-pzi6/0 (CMS Doctors and Clinicians National Downloadable File, PECOS Medicare enrollment; official_filing; released 2026-07-09)",ANESTHESIOLOGY,,EVANGELICAL MEDICAL SERVICES ORGANIZATION,"https://data.cms.gov/provider-data/api/1/datastore/query/mj5m-pzi6/0 (CMS Doctors and Clinicians National Downloadable File, PECOS Medicare enrollment; official_filing; released 2026-07-09)",FILLED_medical_school+grad_year (CMS official filing),training_block_filled_from_CMS_DAC,,,,,"EMAIL WITHHELD: Jon.Halling@hcahealthcare.com is first-party published (first.last) but Grand Strand anesthesia is contracted (TeamHealth; hcaEmployee=false, round 2). Directory payload re-checked this round: no email field, no employment flag exposed. Contractor -> different mail domain.",hcahealthcare.com,"WITHHELD_contractor (hcaEmployee=false, round 2)",,
Stephen Boatwright,"https://npiregistry.cms.hhs.gov/api/ (NPI registry, taxonomy_description=Anesthesiology|Pediatric Anesthesiology, postal_code=283*|284*|290*|294*|295*)","Anesthesiology, Pain Medicine","https://npiregistry.cms.hhs.gov/api/ (NPI registry, taxonomy_description=Anesthesiology|Pediatric Anesthesiology, postal_code=283*|284*|290*|294*|295*)","PALMETTO SPINE AND PAIN CARE CONSULTANTS, LLC","https://data.cms.gov/provider-data/api/1/datastore/query/mj5m-pzi6/0 (CMS Doctors and Clinicians National Downloadable File, PECOS Medicare enrollment; official_filing; released 2026-07-09)",,,,,843-231-2039,"https://npiregistry.cms.hhs.gov/api/ (NPI registry, taxonomy_description=Anesthesiology|Pediatric Anesthesiology, postal_code=283*|284*|290*|294*|295*)",,,https://npiregistry.cms.hhs.gov/provider-view/1538157334,"https://npiregistry.cms.hhs.gov/api/ (NPI registry, taxonomy_description=Anesthesiology|Pediatric Anesthesiology, postal_code=283*|284*|290*|294*|295*)",corroborated,2,"https://npiregistry.cms.hhs.gov/api/ (NPI registry, taxonomy_description=Anesthesiology|Pediatric Anesthesiology, postal_code=283*|284*|290*|294*|295*) | OpenAlex + ORCID public APIs",1538157334,MD,MYRTLE BEACH,SC,295885616,Myrtle Beach,1.4,214.8,closer to Myrtle Beach (1.4 mi) than Greenville (214.8 mi); geo=city_centroid,"Anesthesiology, Pain Medicine",false,NONE_FOUND,"OpenAlex returned 50 works, 0 surname-matching author profiles and 1 ORCID name hits for 'Stephen Boatwright', but none combined an anesthesiology/pain affiliation with pediatric content, and none could be tied to the Carolinas — https://api.openalex.org/works?filter=raw_author_name.search:Stephen%20Boatwright || All apparent pediatric hits for this name were rejected as same-name collisions in unrelated fields || NONE_FOUND means nothing was found in open scholarly sources — it is NOT evidence that this provider lacks pediatric experience",,,,,yes,practice,(843) 213-2039,practice,"https://data.cms.gov/provider-data/api/1/datastore/query/mj5m-pzi6/0 (CMS Doctors and Clinicians National Downloadable File, PECOS Medicare enrollment; official_filing; released 2026-07-09)",https://www.linkedin.com/search/results/people/?keywords=Stephen%20Boatwright%20anesthesiology,,MEDICAL UNIVERSITY OF SOUTH CAROLINA COLLEGE OF MEDICINE,"https://data.cms.gov/provider-data/api/1/datastore/query/mj5m-pzi6/0 (CMS Doctors and Clinicians National Downloadable File, PECOS Medicare enrollment; official_filing; released 2026-07-09)",1984,"https://data.cms.gov/provider-data/api/1/datastore/query/mj5m-pzi6/0 (CMS Doctors and Clinicians National Downloadable File, PECOS Medicare enrollment; official_filing; released 2026-07-09)",ANESTHESIOLOGY,,"PALMETTO SPINE AND PAIN CARE CONSULTANTS, LLC","https://data.cms.gov/provider-data/api/1/datastore/query/mj5m-pzi6/0 (CMS Doctors and Clinicians National Downloadable File, PECOS Medicare enrollment; official_filing; released 2026-07-09)",FILLED_medical_school+grad_year (CMS official filing),training_block_filled_from_CMS_DAC,,,,,"EMAIL WITHHELD: no address observed on PALMETTO SPINE AND PAIN CARE CONSULTANTS, LLC's mail domain; domain itself not discoverable under clamp A (no search engine available; DNS-probed candidate hostnames all NXDOMAIN or parked).",,NOT_UNLOCKED_domain_undiscoverable,,
Stephen Goerz,"https://npiregistry.cms.hhs.gov/api/ (NPI registry, taxonomy_description=Anesthesiology|Pediatric Anesthesiology, postal_code=283*|284*|290*|294*|295*)",Anesthesiology,"https://npiregistry.cms.hhs.gov/api/ (NPI registry, taxonomy_description=Anesthesiology|Pediatric Anesthesiology, postal_code=283*|284*|290*|294*|295*)",,,,,,,843-527-7000,"https://npiregistry.cms.hhs.gov/api/ (NPI registry, taxonomy_description=Anesthesiology|Pediatric Anesthesiology, postal_code=283*|284*|290*|294*|295*)",,,https://npiregistry.cms.hhs.gov/provider-view/1215917448,"https://npiregistry.cms.hhs.gov/api/ (NPI registry, taxonomy_description=Anesthesiology|Pediatric Anesthesiology, postal_code=283*|284*|290*|294*|295*)",corroborated,2,"https://npiregistry.cms.hhs.gov/api/ (NPI registry, taxonomy_description=Anesthesiology|Pediatric Anesthesiology, postal_code=283*|284*|290*|294*|295*) | OpenAlex + ORCID public APIs",1215917448,MD,GEORGETOWN,SC,294403304,Myrtle Beach,31.5,205.2,closer to Myrtle Beach (31.5 mi) than Greenville (205.2 mi); geo=city_centroid,"Anesthesiology; Anesthesiology, Pain Medicine",false,NONE_FOUND,"OpenAlex returned 4 works, 0 surname-matching author profiles and 0 ORCID name hits for 'Stephen Goerz', but none combined an anesthesiology/pain affiliation with pediatric content, and none could be tied to the Carolinas — https://api.openalex.org/works?filter=raw_author_name.search:Stephen%20Goerz || All apparent pediatric hits for this name were rejected as same-name collisions in unrelated fields || NONE_FOUND means nothing was found in open scholarly sources — it is NOT evidence that this provider lacks pediatric experience",,,,,yes,practice,,,,https://www.linkedin.com/search/results/people/?keywords=Stephen%20Goerz%20anesthesiology,,,,,,,,,,NOT_IN_CMS_DAC (no Medicare enrollment record matched this NPI),,,,,,"EMAIL WITHHELD: no employer of record, so no domain to unlock.",,NO_EMPLOYER_ON_RECORD,,
Stephen P Ellison,"https://data.cms.gov/provider-data/api/1/datastore/query/mj5m-pzi6/0 (CMS Doctors and Clinicians National Downloadable File, PECOS Medicare enrollment; official_filing; released 2026-07-09)",ANESTHESIOLOGY,"https://data.cms.gov/provider-data/api/1/datastore/query/mj5m-pzi6/0 (CMS Doctors and Clinicians National Downloadable File, PECOS Medicare enrollment; official_filing; released 2026-07-09)",SOUTHEAST ANESTHESIOLOGY CONSULTANTS PLLC,"https://data.cms.gov/provider-data/api/1/datastore/query/mj5m-pzi6/0 (CMS Doctors and Clinicians National Downloadable File, PECOS Medicare enrollment; official_filing; released 2026-07-09)",,,,,(910) 457-3800,"https://data.cms.gov/provider-data/api/1/datastore/query/mj5m-pzi6/0 (CMS Doctors and Clinicians National Downloadable File, PECOS Medicare enrollment; official_filing; released 2026-07-09)",,,https://npiregistry.cms.hhs.gov/provider-view/1811383458,"https://data.cms.gov/provider-data/api/1/datastore/query/mj5m-pzi6/0 (CMS Doctors and Clinicians National Downloadable File, PECOS Medicare enrollment; official_filing; released 2026-07-09)",single_source,1,"https://data.cms.gov/provider-data/api/1/datastore/query/mj5m-pzi6/0 (CMS Doctors and Clinicians National Downloadable File, PECOS Medicare enrollment; official_filing; released 2026-07-09)",1811383458,MD,SOUTHPORT,NC,284613038,Myrtle Beach,52.3,257.5,"practice address SOUTHPORT, NC — postal 284 in ring; 52.3 mi from Myrtle Beach centroid vs 257.5 mi Greenville; geo=city_centroid",ANESTHESIOLOGY,false,NONE_FOUND,"NONE_FOUND = UNPUBLISHABLE in this source. The CMS DAC specialty vocabulary contains no ""Pediatric Anesthesiology"" value at all (measured: pri_spec values containing ""PEDIATRIC"" are only ""PEDIATRIC MEDICINE""; sec_spec values containing ""ANESTH"" are only ANESTHESIOLOGY / ANESTHESIOLOGY,HOSPICE-PALLIATIVE CARE / ANESTHESIOLOGY,INTERVENTIONAL PAIN MANAGEMENT). So this official filing cannot express the subspecialty; absence here is not evidence the person lacks it.",,,,official_filing (CMS PECOS Medicare enrollment),yes,practice,,,,https://www.linkedin.com/search/results/people/?keywords=Stephen%20P%20Ellison%20anesthesiology,,TEMPLE UNIVERSITY SCHOOL OF MEDICINE,"https://data.cms.gov/provider-data/api/1/datastore/query/mj5m-pzi6/0 (CMS Doctors and Clinicians National Downloadable File, PECOS Medicare enrollment; official_filing; released 2026-07-09)",2015,"https://data.cms.gov/provider-data/api/1/datastore/query/mj5m-pzi6/0 (CMS Doctors and Clinicians National Downloadable File, PECOS Medicare enrollment; official_filing; released 2026-07-09)",ANESTHESIOLOGY,,SOUTHEAST ANESTHESIOLOGY CONSULTANTS PLLC,"https://data.cms.gov/provider-data/api/1/datastore/query/mj5m-pzi6/0 (CMS Doctors and Clinicians National Downloadable File, PECOS Medicare enrollment; official_filing; released 2026-07-09)",FILLED_medical_school+grad_year (CMS official filing),NEW_PERSON_round3 (CMS DAC anesthesiology enumeration; absent from round-2 roster),,,,,EMAIL WITHHELD: no address observed on SOUTHEAST ANESTHESIOLOGY CONSULTANTS PLLC's mail domain; domain itself not discoverable under clamp A (no search engine available; DNS-probed candidate hostnames all NXDOMAIN or parked).,,NOT_UNLOCKED_domain_undiscoverable,,
Stephen Rolfe Wells,"https://data.cms.gov/provider-data/api/1/datastore/query/mj5m-pzi6/0 (CMS Doctors and Clinicians National Downloadable File, PECOS Medicare enrollment; official_filing; released 2026-07-09)",ANESTHESIOLOGY,"https://data.cms.gov/provider-data/api/1/datastore/query/mj5m-pzi6/0 (CMS Doctors and Clinicians National Downloadable File, PECOS Medicare enrollment; official_filing; released 2026-07-09)",SOUTHEAST ANESTHESIOLOGY CONSULTANTS PLLC,"https://data.cms.gov/provider-data/api/1/datastore/query/mj5m-pzi6/0 (CMS Doctors and Clinicians National Downloadable File, PECOS Medicare enrollment; official_filing; released 2026-07-09)",,,,,(910) 457-3800,"https://data.cms.gov/provider-data/api/1/datastore/query/mj5m-pzi6/0 (CMS Doctors and Clinicians National Downloadable File, PECOS Medicare enrollment; official_filing; released 2026-07-09)",,,https://npiregistry.cms.hhs.gov/provider-view/1952563686,"https://data.cms.gov/provider-data/api/1/datastore/query/mj5m-pzi6/0 (CMS Doctors and Clinicians National Downloadable File, PECOS Medicare enrollment; official_filing; released 2026-07-09)",single_source,1,"https://data.cms.gov/provider-data/api/1/datastore/query/mj5m-pzi6/0 (CMS Doctors and Clinicians National Downloadable File, PECOS Medicare enrollment; official_filing; released 2026-07-09)",1952563686,MD,SOUTHPORT,NC,284613038,Myrtle Beach,52.3,257.5,"practice address SOUTHPORT, NC — postal 284 in ring; 52.3 mi from Myrtle Beach centroid vs 257.5 mi Greenville; geo=city_centroid",ANESTHESIOLOGY,false,NONE_FOUND,"NONE_FOUND = UNPUBLISHABLE in this source. The CMS DAC specialty vocabulary contains no ""Pediatric Anesthesiology"" value at all (measured: pri_spec values containing ""PEDIATRIC"" are only ""PEDIATRIC MEDICINE""; sec_spec values containing ""ANESTH"" are only ANESTHESIOLOGY / ANESTHESIOLOGY,HOSPICE-PALLIATIVE CARE / ANESTHESIOLOGY,INTERVENTIONAL PAIN MANAGEMENT). So this official filing cannot express the subspecialty; absence here is not evidence the person lacks it.",,,,official_filing (CMS PECOS Medicare enrollment),yes,practice,,,,https://www.linkedin.com/search/results/people/?keywords=Stephen%20Rolfe%20Wells%20anesthesiology,,MEDICAL COLLEGE OF GEORGIA SCHOOL OF MEDICINE,"https://data.cms.gov/provider-data/api/1/datastore/query/mj5m-pzi6/0 (CMS Doctors and Clinicians National Downloadable File, PECOS Medicare enrollment; official_filing; released 2026-07-09)",2008,"https://data.cms.gov/provider-data/api/1/datastore/query/mj5m-pzi6/0 (CMS Doctors and Clinicians National Downloadable File, PECOS Medicare enrollment; official_filing; released 2026-07-09)",ANESTHESIOLOGY,,SOUTHEAST ANESTHESIOLOGY CONSULTANTS PLLC,"https://data.cms.gov/provider-data/api/1/datastore/query/mj5m-pzi6/0 (CMS Doctors and Clinicians National Downloadable File, PECOS Medicare enrollment; official_filing; released 2026-07-09)",FILLED_medical_school+grad_year (CMS official filing),NEW_PERSON_round3 (CMS DAC anesthesiology enumeration; absent from round-2 roster),,,,,EMAIL WITHHELD: no address observed on SOUTHEAST ANESTHESIOLOGY CONSULTANTS PLLC's mail domain; domain itself not discoverable under clamp A (no search engine available; DNS-probed candidate hostnames all NXDOMAIN or parked).,,NOT_UNLOCKED_domain_undiscoverable,,
Steven Petersen,"https://npiregistry.cms.hhs.gov/api/ (NPI registry, taxonomy_description=Anesthesiology|Pediatric Anesthesiology, postal_code=283*|284*|290*|294*|295*)",Anesthesiology,"https://npiregistry.cms.hhs.gov/api/ (NPI registry, taxonomy_description=Anesthesiology|Pediatric Anesthesiology, postal_code=283*|284*|290*|294*|295*)",ATLANTIC COAST ANESTHESIA SERVICES PC,"https://data.cms.gov/provider-data/api/1/datastore/query/mj5m-pzi6/0 (CMS Doctors and Clinicians National Downloadable File, PECOS Medicare enrollment; official_filing; released 2026-07-09)",,,,,920-217-9708,"https://npiregistry.cms.hhs.gov/api/ (NPI registry, taxonomy_description=Anesthesiology|Pediatric Anesthesiology, postal_code=283*|284*|290*|294*|295*)",,,https://npiregistry.cms.hhs.gov/provider-view/1619997798,"https://npiregistry.cms.hhs.gov/api/ (NPI registry, taxonomy_description=Anesthesiology|Pediatric Anesthesiology, postal_code=283*|284*|290*|294*|295*)",corroborated,2,"https://npiregistry.cms.hhs.gov/api/ (NPI registry, taxonomy_description=Anesthesiology|Pediatric Anesthesiology, postal_code=283*|284*|290*|294*|295*) | OpenAlex + ORCID public APIs",1619997798,MD,PAWLEYS ISLAND,SC,295858340,Myrtle Beach,22.3,211.2,closer to Myrtle Beach (22.3 mi) than Greenville (211.2 mi); geo=city_centroid,Anesthesiology; Anesthesiology; Anesthesiology,false,NONE_FOUND,"OpenAlex returned 0 works, 0 surname-matching author profiles and 3 ORCID name hits for 'Steven Petersen', but none combined an anesthesiology/pain affiliation with pediatric content, and none could be tied to the Carolinas — https://api.openalex.org/works?filter=raw_author_name.search:Steven%20Petersen || All apparent pediatric hits for this name were rejected as same-name collisions in unrelated fields || NONE_FOUND means nothing was found in open scholarly sources — it is NOT evidence that this provider lacks pediatric experience",,,,,yes,practice,(843) 449-7885,department,"https://data.cms.gov/provider-data/api/1/datastore/query/mj5m-pzi6/0 (CMS Doctors and Clinicians National Downloadable File, PECOS Medicare enrollment; official_filing; released 2026-07-09)",https://www.linkedin.com/search/results/people/?keywords=Steven%20Petersen%20anesthesiology,,"UNIVERSITY OF TENNESSEE, HSC, COLLEGE OF MEDICINE","https://data.cms.gov/provider-data/api/1/datastore/query/mj5m-pzi6/0 (CMS Doctors and Clinicians National Downloadable File, PECOS Medicare enrollment; official_filing; released 2026-07-09)",1999,"https://data.cms.gov/provider-data/api/1/datastore/query/mj5m-pzi6/0 (CMS Doctors and Clinicians National Downloadable File, PECOS Medicare enrollment; official_filing; released 2026-07-09)",ANESTHESIOLOGY,,ATLANTIC COAST ANESTHESIA SERVICES PC | MEDSTREAM ANESTHESIA PLLC | NASHVILLE ANESTHESIA PLLC,"https://data.cms.gov/provider-data/api/1/datastore/query/mj5m-pzi6/0 (CMS Doctors and Clinicians National Downloadable File, PECOS Medicare enrollment; official_filing; released 2026-07-09)",FILLED_medical_school+grad_year (CMS official filing),training_block_filled_from_CMS_DAC,,,,,EMAIL WITHHELD: no address observed on ATLANTIC COAST ANESTHESIA SERVICES PC's mail domain; domain itself not discoverable under clamp A (no search engine available; DNS-probed candidate hostnames all NXDOMAIN or parked).,,NOT_UNLOCKED_domain_undiscoverable,,
Susan Barbieri,"https://npiregistry.cms.hhs.gov/api/ (NPI registry, taxonomy_description=Anesthesiology|Pediatric Anesthesiology, postal_code=283*|284*|290*|294*|295*)",Anesthesiology,"https://npiregistry.cms.hhs.gov/api/ (NPI registry, taxonomy_description=Anesthesiology|Pediatric Anesthesiology, postal_code=283*|284*|290*|294*|295*)",ATLANTIC COAST ANESTHESIA SERVICES PC,"https://data.cms.gov/provider-data/api/1/datastore/query/mj5m-pzi6/0 (CMS Doctors and Clinicians National Downloadable File, PECOS Medicare enrollment; official_filing; released 2026-07-09)",,,,,843-692-2100,"https://npiregistry.cms.hhs.gov/api/ (NPI registry, taxonomy_description=Anesthesiology|Pediatric Anesthesiology, postal_code=283*|284*|290*|294*|295*)",,,https://npiregistry.cms.hhs.gov/provider-view/1891745279,"https://npiregistry.cms.hhs.gov/api/ (NPI registry, taxonomy_description=Anesthesiology|Pediatric Anesthesiology, postal_code=283*|284*|290*|294*|295*)",corroborated,2,"https://npiregistry.cms.hhs.gov/api/ (NPI registry, taxonomy_description=Anesthesiology|Pediatric Anesthesiology, postal_code=283*|284*|290*|294*|295*) | OpenAlex + ORCID public APIs",1891745279,MD,MYRTLE BEACH,SC,295724614,Myrtle Beach,1.4,214.8,closer to Myrtle Beach (1.4 mi) than Greenville (214.8 mi); geo=city_centroid,Anesthesiology,false,NONE_FOUND,"OpenAlex returned 50 works, 0 surname-matching author profiles and 0 ORCID name hits for 'Susan Barbieri', but none combined an anesthesiology/pain affiliation with pediatric content, and none could be tied to the Carolinas — https://api.openalex.org/works?filter=raw_author_name.search:Susan%20Barbieri || All apparent pediatric hits for this name were rejected as same-name collisions in unrelated fields || NONE_FOUND means nothing was found in open scholarly sources — it is NOT evidence that this provider lacks pediatric experience",,,,,yes,practice,(843) 449-7885,department,"https://data.cms.gov/provider-data/api/1/datastore/query/mj5m-pzi6/0 (CMS Doctors and Clinicians National Downloadable File, PECOS Medicare enrollment; official_filing; released 2026-07-09)",https://www.linkedin.com/search/results/people/?keywords=Susan%20Barbieri%20anesthesiology,,MEDICAL UNIVERSITY OF SOUTH CAROLINA COLLEGE OF MEDICINE,"https://data.cms.gov/provider-data/api/1/datastore/query/mj5m-pzi6/0 (CMS Doctors and Clinicians National Downloadable File, PECOS Medicare enrollment; official_filing; released 2026-07-09)",1990,"https://data.cms.gov/provider-data/api/1/datastore/query/mj5m-pzi6/0 (CMS Doctors and Clinicians National Downloadable File, PECOS Medicare enrollment; official_filing; released 2026-07-09)",ANESTHESIOLOGY,,"ATLANTIC COAST ANESTHESIA SERVICES PC | BEACH ANESTHESIA, LLC","https://data.cms.gov/provider-data/api/1/datastore/query/mj5m-pzi6/0 (CMS Doctors and Clinicians National Downloadable File, PECOS Medicare enrollment; official_filing; released 2026-07-09)",FILLED_medical_school+grad_year (CMS official filing),training_block_filled_from_CMS_DAC,,,,,EMAIL WITHHELD: no address observed on ATLANTIC COAST ANESTHESIA SERVICES PC's mail domain; domain itself not discoverable under clamp A (no search engine available; DNS-probed candidate hostnames all NXDOMAIN or parked).,,NOT_UNLOCKED_domain_undiscoverable,,
Susan Haskin,"https://npiregistry.cms.hhs.gov/api/ (NPI registry, taxonomy_description=Anesthesiology|Pediatric Anesthesiology, postal_code=283*|284*|290*|294*|295*)",Anesthesiology,"https://npiregistry.cms.hhs.gov/api/ (NPI registry, taxonomy_description=Anesthesiology|Pediatric Anesthesiology, postal_code=283*|284*|290*|294*|295*)",,,,,,,843-669-5162,"https://npiregistry.cms.hhs.gov/api/ (NPI registry, taxonomy_description=Anesthesiology|Pediatric Anesthesiology, postal_code=283*|284*|290*|294*|295*)",,,https://npiregistry.cms.hhs.gov/provider-view/1871645440,"https://npiregistry.cms.hhs.gov/api/ (NPI registry, taxonomy_description=Anesthesiology|Pediatric Anesthesiology, postal_code=283*|284*|290*|294*|295*)",corroborated,2,"https://npiregistry.cms.hhs.gov/api/ (NPI registry, taxonomy_description=Anesthesiology|Pediatric Anesthesiology, postal_code=283*|284*|290*|294*|295*) | OpenAlex + ORCID public APIs",1871645440,MD,CONWAY,SC,295269142,Myrtle Beach,13.3,203.2,closer to Myrtle Beach (13.3 mi) than Greenville (203.2 mi); geo=city_centroid,Anesthesiology,false,NONE_FOUND,"OpenAlex returned 14 works, 0 surname-matching author profiles and 0 ORCID name hits for 'Susan Haskin', but none combined an anesthesiology/pain affiliation with pediatric content, and none could be tied to the Carolinas — https://api.openalex.org/works?filter=raw_author_name.search:Susan%20Haskin || All apparent pediatric hits for this name were rejected as same-name collisions in unrelated fields || NONE_FOUND means nothing was found in open scholarly sources — it is NOT evidence that this provider lacks pediatric experience",,,,,yes,practice,,,,https://www.linkedin.com/search/results/people/?keywords=Susan%20Haskin%20anesthesiology,,,,,,,,,,NOT_IN_CMS_DAC (no Medicare enrollment record matched this NPI),,,,,,"EMAIL WITHHELD: no employer of record, so no domain to unlock.",,NO_EMPLOYER_ON_RECORD,,
Victoria Suzanne Vogle,"https://data.cms.gov/provider-data/api/1/datastore/query/mj5m-pzi6/0 (CMS Doctors and Clinicians National Downloadable File, PECOS Medicare enrollment; official_filing; released 2026-07-09)",ANESTHESIOLOGY,"https://data.cms.gov/provider-data/api/1/datastore/query/mj5m-pzi6/0 (CMS Doctors and Clinicians National Downloadable File, PECOS Medicare enrollment; official_filing; released 2026-07-09)",TIDELANDS ANESTHESIA GROUP LLC,"https://data.cms.gov/provider-data/api/1/datastore/query/mj5m-pzi6/0 (CMS Doctors and Clinicians National Downloadable File, PECOS Medicare enrollment; official_filing; released 2026-07-09)",,,,,(843) 527-7100,"https://data.cms.gov/provider-data/api/1/datastore/query/mj5m-pzi6/0 (CMS Doctors and Clinicians National Downloadable File, PECOS Medicare enrollment; official_filing; released 2026-07-09)",,,https://npiregistry.cms.hhs.gov/provider-view/1710909635,"https://data.cms.gov/provider-data/api/1/datastore/query/mj5m-pzi6/0 (CMS Doctors and Clinicians National Downloadable File, PECOS Medicare enrollment; official_filing; released 2026-07-09)",single_source,1,"https://data.cms.gov/provider-data/api/1/datastore/query/mj5m-pzi6/0 (CMS Doctors and Clinicians National Downloadable File, PECOS Medicare enrollment; official_filing; released 2026-07-09)",1710909635,MD,GEORGETOWN,SC,294403304,Myrtle Beach,31.5,204.5,"practice address GEORGETOWN, SC — postal 294 in ring; 31.5 mi from Myrtle Beach centroid vs 204.5 mi Greenville; geo=city_centroid",ANESTHESIOLOGY,false,NONE_FOUND,"NONE_FOUND = UNPUBLISHABLE in this source. The CMS DAC specialty vocabulary contains no ""Pediatric Anesthesiology"" value at all (measured: pri_spec values containing ""PEDIATRIC"" are only ""PEDIATRIC MEDICINE""; sec_spec values containing ""ANESTH"" are only ANESTHESIOLOGY / ANESTHESIOLOGY,HOSPICE-PALLIATIVE CARE / ANESTHESIOLOGY,INTERVENTIONAL PAIN MANAGEMENT). So this official filing cannot express the subspecialty; absence here is not evidence the person lacks it. || NONE_FOUND = UNPUBLISHABLE. tidelandshealth.org publishes no training block for any of its 12 anesthesiologists and 403s to curl; ABA has no public diplomate lookup; ABMS certificationmatters 403s to curl and WebFetch (blocked, not absent); ASA and SPA publish no public roster; Healthgrades has no page for this person at all.",,,,official_filing (CMS PECOS Medicare enrollment),yes,department,,,,https://www.linkedin.com/search/results/people/?keywords=Victoria%20Suzanne%20Vogle%20anesthesiology,,OTHER,"https://data.cms.gov/provider-data/api/1/datastore/query/mj5m-pzi6/0 (CMS Doctors and Clinicians National Downloadable File, PECOS Medicare enrollment; official_filing; released 2026-07-09)",1995,"https://data.cms.gov/provider-data/api/1/datastore/query/mj5m-pzi6/0 (CMS Doctors and Clinicians National Downloadable File, PECOS Medicare enrollment; official_filing; released 2026-07-09)",ANESTHESIOLOGY,,TIDELANDS ANESTHESIA GROUP LLC,"https://data.cms.gov/provider-data/api/1/datastore/query/mj5m-pzi6/0 (CMS Doctors and Clinicians National Downloadable File, PECOS Medicare enrollment; official_filing; released 2026-07-09)","PARTIAL_grad_year_only (CMS reports med_sch=""OTHER"")",NEW_PERSON_round3 (CMS DAC anesthesiology enumeration; absent from round-2 roster),,,,"NONE_FOUND = UNPUBLISHABLE. tidelandshealth.org publishes no training block for any of its 12 anesthesiologists and 403s to curl; ABA has no public diplomate lookup; ABMS certificationmatters 403s to curl and WebFetch (blocked, not absent); ASA and SPA publish no public roster; Healthgrades has no page for this person at all.",EMAIL WITHHELD: no address observed on TIDELANDS ANESTHESIA GROUP LLC's mail domain; domain itself not discoverable under clamp A (no search engine available; DNS-probed candidate hostnames all NXDOMAIN or parked).,,NOT_UNLOCKED_domain_undiscoverable,,
Whitney Scott Phillips,"https://data.cms.gov/provider-data/api/1/datastore/query/mj5m-pzi6/0 (CMS Doctors and Clinicians National Downloadable File, PECOS Medicare enrollment; official_filing; released 2026-07-09)",ANESTHESIOLOGY,"https://data.cms.gov/provider-data/api/1/datastore/query/mj5m-pzi6/0 (CMS Doctors and Clinicians National Downloadable File, PECOS Medicare enrollment; official_filing; released 2026-07-09)",PROVIDENCE ANESTHESIOLOGY ASSOCIATES PA,"https://data.cms.gov/provider-data/api/1/datastore/query/mj5m-pzi6/0 (CMS Doctors and Clinicians National Downloadable File, PECOS Medicare enrollment; official_filing; released 2026-07-09)",,,,,(910) 721-1000,"https://data.cms.gov/provider-data/api/1/datastore/query/mj5m-pzi6/0 (CMS Doctors and Clinicians National Downloadable File, PECOS Medicare enrollment; official_filing; released 2026-07-09)",,,https://npiregistry.cms.hhs.gov/provider-view/1447407788,"https://data.cms.gov/provider-data/api/1/datastore/query/mj5m-pzi6/0 (CMS Doctors and Clinicians National Downloadable File, PECOS Medicare enrollment; official_filing; released 2026-07-09)",single_source,1,"https://data.cms.gov/provider-data/api/1/datastore/query/mj5m-pzi6/0 (CMS Doctors and Clinicians National Downloadable File, PECOS Medicare enrollment; official_filing; released 2026-07-09)",1447407788,MD,BOLIVIA,NC,284228346,Myrtle Beach,49.9,247.9,"practice address BOLIVIA, NC — postal 284 in ring; 49.9 mi from Myrtle Beach centroid vs 247.9 mi Greenville; geo=city_centroid",ANESTHESIOLOGY,false,NONE_FOUND,"NONE_FOUND = UNPUBLISHABLE in this source. The CMS DAC specialty vocabulary contains no ""Pediatric Anesthesiology"" value at all (measured: pri_spec values containing ""PEDIATRIC"" are only ""PEDIATRIC MEDICINE""; sec_spec values containing ""ANESTH"" are only ANESTHESIOLOGY / ANESTHESIOLOGY,HOSPICE-PALLIATIVE CARE / ANESTHESIOLOGY,INTERVENTIONAL PAIN MANAGEMENT). So this official filing cannot express the subspecialty; absence here is not evidence the person lacks it.",,,,official_filing (CMS PECOS Medicare enrollment),yes,practice,,,,https://www.linkedin.com/search/results/people/?keywords=Whitney%20Scott%20Phillips%20anesthesiology,,INDIANA UNIVERSITY SCHOOL OF MEDICINE,"https://data.cms.gov/provider-data/api/1/datastore/query/mj5m-pzi6/0 (CMS Doctors and Clinicians National Downloadable File, PECOS Medicare enrollment; official_filing; released 2026-07-09)",2005,"https://data.cms.gov/provider-data/api/1/datastore/query/mj5m-pzi6/0 (CMS Doctors and Clinicians National Downloadable File, PECOS Medicare enrollment; official_filing; released 2026-07-09)",ANESTHESIOLOGY,,PROVIDENCE ANESTHESIOLOGY ASSOCIATES PA,"https://data.cms.gov/provider-data/api/1/datastore/query/mj5m-pzi6/0 (CMS Doctors and Clinicians National Downloadable File, PECOS Medicare enrollment; official_filing; released 2026-07-09)",FILLED_medical_school+grad_year (CMS official filing),NEW_PERSON_round3 (CMS DAC anesthesiology enumeration; absent from round-2 roster),,,,,EMAIL WITHHELD: no address observed on PROVIDENCE ANESTHESIOLOGY ASSOCIATES PA's mail domain; domain itself not discoverable under clamp A (no search engine available; DNS-probed candidate hostnames all NXDOMAIN or parked).,,NOT_UNLOCKED_domain_undiscoverable,,
William Currie Buhrman,"https://data.cms.gov/provider-data/api/1/datastore/query/mj5m-pzi6/0 (CMS Doctors and Clinicians National Downloadable File, PECOS Medicare enrollment; official_filing; released 2026-07-09)",ANESTHESIOLOGY,"https://data.cms.gov/provider-data/api/1/datastore/query/mj5m-pzi6/0 (CMS Doctors and Clinicians National Downloadable File, PECOS Medicare enrollment; official_filing; released 2026-07-09)",ATLANTIC COAST ANESTHESIA SERVICES PC,"https://data.cms.gov/provider-data/api/1/datastore/query/mj5m-pzi6/0 (CMS Doctors and Clinicians National Downloadable File, PECOS Medicare enrollment; official_filing; released 2026-07-09)",,,,,(843) 692-1000,"https://data.cms.gov/provider-data/api/1/datastore/query/mj5m-pzi6/0 (CMS Doctors and Clinicians National Downloadable File, PECOS Medicare enrollment; official_filing; released 2026-07-09)",,,https://npiregistry.cms.hhs.gov/provider-view/1811983737,"https://data.cms.gov/provider-data/api/1/datastore/query/mj5m-pzi6/0 (CMS Doctors and Clinicians National Downloadable File, PECOS Medicare enrollment; official_filing; released 2026-07-09)",single_source,1,"https://data.cms.gov/provider-data/api/1/datastore/query/mj5m-pzi6/0 (CMS Doctors and Clinicians National Downloadable File, PECOS Medicare enrollment; official_filing; released 2026-07-09)",1811983737,MD,MYRTLE BEACH,SC,295724607,Myrtle Beach,1.4,215.8,"practice address MYRTLE BEACH, SC — postal 295 in ring; 1.4 mi from Myrtle Beach centroid vs 215.8 mi Greenville; geo=city_centroid",ANESTHESIOLOGY,false,NONE_FOUND,"NONE_FOUND = UNPUBLISHABLE in this source. The CMS DAC specialty vocabulary contains no ""Pediatric Anesthesiology"" value at all (measured: pri_spec values containing ""PEDIATRIC"" are only ""PEDIATRIC MEDICINE""; sec_spec values containing ""ANESTH"" are only ANESTHESIOLOGY / ANESTHESIOLOGY,HOSPICE-PALLIATIVE CARE / ANESTHESIOLOGY,INTERVENTIONAL PAIN MANAGEMENT). So this official filing cannot express the subspecialty; absence here is not evidence the person lacks it.",,,,official_filing (CMS PECOS Medicare enrollment),yes,practice,,,,https://www.linkedin.com/search/results/people/?keywords=William%20Currie%20Buhrman%20anesthesiology,,DUKE UNIVERSITY SCHOOL OF MEDICINE,"https://data.cms.gov/provider-data/api/1/datastore/query/mj5m-pzi6/0 (CMS Doctors and Clinicians National Downloadable File, PECOS Medicare enrollment; official_filing; released 2026-07-09)",1983,"https://data.cms.gov/provider-data/api/1/datastore/query/mj5m-pzi6/0 (CMS Doctors and Clinicians National Downloadable File, PECOS Medicare enrollment; official_filing; released 2026-07-09)",ANESTHESIOLOGY,,ATLANTIC COAST ANESTHESIA SERVICES PC,"https://data.cms.gov/provider-data/api/1/datastore/query/mj5m-pzi6/0 (CMS Doctors and Clinicians National Downloadable File, PECOS Medicare enrollment; official_filing; released 2026-07-09)",FILLED_medical_school+grad_year (CMS official filing),NEW_PERSON_round3 (CMS DAC anesthesiology enumeration; absent from round-2 roster),,,,,EMAIL WITHHELD: no address observed on ATLANTIC COAST ANESTHESIA SERVICES PC's mail domain; domain itself not discoverable under clamp A (no search engine available; DNS-probed candidate hostnames all NXDOMAIN or parked).,,NOT_UNLOCKED_domain_undiscoverable,,
William Myers,"https://npiregistry.cms.hhs.gov/api/ (NPI registry, taxonomy_description=Anesthesiology|Pediatric Anesthesiology, postal_code=283*|284*|290*|294*|295*)",Physician Assistant,"https://npiregistry.cms.hhs.gov/api/ (NPI registry, taxonomy_description=Anesthesiology|Pediatric Anesthesiology, postal_code=283*|284*|290*|294*|295*)",CHARLESTON CARENOW URGENT CARE LLC,"https://data.cms.gov/provider-data/api/1/datastore/query/mj5m-pzi6/0 (CMS Doctors and Clinicians National Downloadable File, PECOS Medicare enrollment; official_filing; released 2026-07-09)",,,,,843-903-6650,"https://npiregistry.cms.hhs.gov/api/ (NPI registry, taxonomy_description=Anesthesiology|Pediatric Anesthesiology, postal_code=283*|284*|290*|294*|295*)",,,https://npiregistry.cms.hhs.gov/provider-view/1235788753,"https://npiregistry.cms.hhs.gov/api/ (NPI registry, taxonomy_description=Anesthesiology|Pediatric Anesthesiology, postal_code=283*|284*|290*|294*|295*)",corroborated,2,"https://npiregistry.cms.hhs.gov/api/ (NPI registry, taxonomy_description=Anesthesiology|Pediatric Anesthesiology, postal_code=283*|284*|290*|294*|295*) | OpenAlex + ORCID public APIs",1235788753,PA-C,MYRTLE BEACH,SC,295793408,Myrtle Beach,1.4,214.8,closer to Myrtle Beach (1.4 mi) than Greenville (214.8 mi); geo=city_centroid,"Anesthesiology, Pain Medicine; Physician Assistant; Student in an Organized Health Care Education/Training Program; Physician Assistant",false,NONE_FOUND,"OpenAlex returned 0 works, 7 surname-matching author profiles and 15 ORCID name hits for 'William Myers', but none combined an anesthesiology/pain affiliation with pediatric content, and none could be tied to the Carolinas — https://api.openalex.org/works?filter=raw_author_name.search:William%20Myers || All apparent pediatric hits for this name were rejected as same-name collisions in unrelated fields || NONE_FOUND means nothing was found in open scholarly sources — it is NOT evidence that this provider lacks pediatric experience",,,,,yes,practice,(843) 488-7283,practice,"https://data.cms.gov/provider-data/api/1/datastore/query/mj5m-pzi6/0 (CMS Doctors and Clinicians National Downloadable File, PECOS Medicare enrollment; official_filing; released 2026-07-09)",https://www.linkedin.com/search/results/people/?keywords=William%20Myers%20anesthesiology,,UNIVERSITY OF WASHINGTON SCHOOL OF MEDICINE,"https://data.cms.gov/provider-data/api/1/datastore/query/mj5m-pzi6/0 (CMS Doctors and Clinicians National Downloadable File, PECOS Medicare enrollment; official_filing; released 2026-07-09)",2020,"https://data.cms.gov/provider-data/api/1/datastore/query/mj5m-pzi6/0 (CMS Doctors and Clinicians National Downloadable File, PECOS Medicare enrollment; official_filing; released 2026-07-09)",PHYSICIAN ASSISTANT,,CHARLESTON CARENOW URGENT CARE LLC | NOVANT HEALTH URGENT CARES LLC,"https://data.cms.gov/provider-data/api/1/datastore/query/mj5m-pzi6/0 (CMS Doctors and Clinicians National Downloadable File, PECOS Medicare enrollment; official_filing; released 2026-07-09)",FILLED_medical_school+grad_year (CMS official filing),training_block_filled_from_CMS_DAC,,,,,EMAIL WITHHELD: novanthealth.org samples jsmoreb@ / mssaylor@ are compact/non-dotted; 2 samples cannot distinguish f+m+last from f+last-truncated and no third sample was obtainable under the clamp. Employer also ambiguous (CHARLESTON CARENOW URGENT CARE LLC | NOVANT HEALTH URGENT CARES LLC).,novanthealth.org (uncertain),WITHHELD_pattern_underivable_from_2_samples,,
William Obrecht,"https://npiregistry.cms.hhs.gov/api/ (NPI registry, taxonomy_description=Anesthesiology|Pediatric Anesthesiology, postal_code=283*|284*|290*|294*|295*)",Anesthesiology,"https://npiregistry.cms.hhs.gov/api/ (NPI registry, taxonomy_description=Anesthesiology|Pediatric Anesthesiology, postal_code=283*|284*|290*|294*|295*)",SOUTHEAST ANESTHESIOLOGY CONSULTANTS PLLC,"https://data.cms.gov/provider-data/api/1/datastore/query/mj5m-pzi6/0 (CMS Doctors and Clinicians National Downloadable File, PECOS Medicare enrollment; official_filing; released 2026-07-09)",,,,,910-642-6427,"https://npiregistry.cms.hhs.gov/api/ (NPI registry, taxonomy_description=Anesthesiology|Pediatric Anesthesiology, postal_code=283*|284*|290*|294*|295*)",,,https://npiregistry.cms.hhs.gov/provider-view/1669506150,"https://npiregistry.cms.hhs.gov/api/ (NPI registry, taxonomy_description=Anesthesiology|Pediatric Anesthesiology, postal_code=283*|284*|290*|294*|295*)",corroborated,2,"https://npiregistry.cms.hhs.gov/api/ (NPI registry, taxonomy_description=Anesthesiology|Pediatric Anesthesiology, postal_code=283*|284*|290*|294*|295*) | OpenAlex + ORCID public APIs",1669506150,M.D.,WHITEVILLE,NC,284723634,Myrtle Beach,45.5,212.9,closer to Myrtle Beach (45.5 mi) than Greenville (212.9 mi); geo=city_centroid,Anesthesiology,false,NONE_FOUND,OpenAlex works query filter=raw_author_name.search:William Obrecht returned 0 results — https://api.openalex.org/works?filter=raw_author_name.search:William%20Obrecht || OpenAlex authors search and ORCID expanded-search for this name returned no surname-matching profile — https://pub.orcid.org/v3.0/expanded-search/?q=given-names:William+AND+family-name:Obrecht || NONE_FOUND means no scholarly record was located at all — it is NOT evidence that this provider lacks pediatric experience,,,,,yes,practice,(910) 642-8011,practice,"https://data.cms.gov/provider-data/api/1/datastore/query/mj5m-pzi6/0 (CMS Doctors and Clinicians National Downloadable File, PECOS Medicare enrollment; official_filing; released 2026-07-09)",https://www.linkedin.com/search/results/people/?keywords=William%20Obrecht%20anesthesiology,,UNIVERSITY OF MARYLAND SCHOOL OF MEDICINE,"https://data.cms.gov/provider-data/api/1/datastore/query/mj5m-pzi6/0 (CMS Doctors and Clinicians National Downloadable File, PECOS Medicare enrollment; official_filing; released 2026-07-09)",1979,"https://data.cms.gov/provider-data/api/1/datastore/query/mj5m-pzi6/0 (CMS Doctors and Clinicians National Downloadable File, PECOS Medicare enrollment; official_filing; released 2026-07-09)",ANESTHESIOLOGY,,SOUTHEAST ANESTHESIOLOGY CONSULTANTS PLLC,"https://data.cms.gov/provider-data/api/1/datastore/query/mj5m-pzi6/0 (CMS Doctors and Clinicians National Downloadable File, PECOS Medicare enrollment; official_filing; released 2026-07-09)",FILLED_medical_school+grad_year (CMS official filing),training_block_filled_from_CMS_DAC,,,,,EMAIL WITHHELD: no address observed on SOUTHEAST ANESTHESIOLOGY CONSULTANTS PLLC's mail domain; domain itself not discoverable under clamp A (no search engine available; DNS-probed candidate hostnames all NXDOMAIN or parked).,,NOT_UNLOCKED_domain_undiscoverable,,
William Raymond Comeau,"https://data.cms.gov/provider-data/api/1/datastore/query/mj5m-pzi6/0 (CMS Doctors and Clinicians National Downloadable File, PECOS Medicare enrollment; official_filing; released 2026-07-09)",ANESTHESIOLOGY,"https://data.cms.gov/provider-data/api/1/datastore/query/mj5m-pzi6/0 (CMS Doctors and Clinicians National Downloadable File, PECOS Medicare enrollment; official_filing; released 2026-07-09)",MEDSTREAM ANESTHESIA PLLC,"https://data.cms.gov/provider-data/api/1/datastore/query/mj5m-pzi6/0 (CMS Doctors and Clinicians National Downloadable File, PECOS Medicare enrollment; official_filing; released 2026-07-09)",,,,,(843) 527-7100,"https://data.cms.gov/provider-data/api/1/datastore/query/mj5m-pzi6/0 (CMS Doctors and Clinicians National Downloadable File, PECOS Medicare enrollment; official_filing; released 2026-07-09)",,,https://npiregistry.cms.hhs.gov/provider-view/1487652558,"https://data.cms.gov/provider-data/api/1/datastore/query/mj5m-pzi6/0 (CMS Doctors and Clinicians National Downloadable File, PECOS Medicare enrollment; official_filing; released 2026-07-09)",single_source,1,"https://data.cms.gov/provider-data/api/1/datastore/query/mj5m-pzi6/0 (CMS Doctors and Clinicians National Downloadable File, PECOS Medicare enrollment; official_filing; released 2026-07-09)",1487652558,MD,GEORGETOWN,SC,294403304,Myrtle Beach,31.5,204.5,"practice address GEORGETOWN, SC — postal 294 in ring; 31.5 mi from Myrtle Beach centroid vs 204.5 mi Greenville; geo=city_centroid",ANESTHESIOLOGY,false,NONE_FOUND,"NONE_FOUND = UNPUBLISHABLE in this source. The CMS DAC specialty vocabulary contains no ""Pediatric Anesthesiology"" value at all (measured: pri_spec values containing ""PEDIATRIC"" are only ""PEDIATRIC MEDICINE""; sec_spec values containing ""ANESTH"" are only ANESTHESIOLOGY / ANESTHESIOLOGY,HOSPICE-PALLIATIVE CARE / ANESTHESIOLOGY,INTERVENTIONAL PAIN MANAGEMENT). So this official filing cannot express the subspecialty; absence here is not evidence the person lacks it. || NONE_FOUND = UNPUBLISHABLE. tidelandshealth.org publishes no training block for any of its 12 anesthesiologists and 403s to curl; ABA has no public diplomate lookup; ABMS certificationmatters 403s to curl and WebFetch (blocked, not absent); ASA and SPA publish no public roster; Healthgrades has no page for this person at all.",,,,official_filing (CMS PECOS Medicare enrollment),yes,department,,,,https://www.linkedin.com/search/results/people/?keywords=William%20Raymond%20Comeau%20anesthesiology,,"UNIVERSITY OF TENNESSEE, HSC, COLLEGE OF MEDICINE","https://data.cms.gov/provider-data/api/1/datastore/query/mj5m-pzi6/0 (CMS Doctors and Clinicians National Downloadable File, PECOS Medicare enrollment; official_filing; released 2026-07-09)",1988,"https://data.cms.gov/provider-data/api/1/datastore/query/mj5m-pzi6/0 (CMS Doctors and Clinicians National Downloadable File, PECOS Medicare enrollment; official_filing; released 2026-07-09)",ANESTHESIOLOGY,INTERVENTIONAL PAIN MANAGEMENT,MEDSTREAM ANESTHESIA PLLC | TIDELANDS ANESTHESIA GROUP LLC,"https://data.cms.gov/provider-data/api/1/datastore/query/mj5m-pzi6/0 (CMS Doctors and Clinicians National Downloadable File, PECOS Medicare enrollment; official_filing; released 2026-07-09)",FILLED_medical_school+grad_year (CMS official filing),NEW_PERSON_round3 (CMS DAC anesthesiology enumeration; absent from round-2 roster),,,,"NONE_FOUND = UNPUBLISHABLE. tidelandshealth.org publishes no training block for any of its 12 anesthesiologists and 403s to curl; ABA has no public diplomate lookup; ABMS certificationmatters 403s to curl and WebFetch (blocked, not absent); ASA and SPA publish no public roster; Healthgrades has no page for this person at all.",EMAIL WITHHELD: no address observed on MEDSTREAM ANESTHESIA PLLC's mail domain; domain itself not discoverable under clamp A (no search engine available; DNS-probed candidate hostnames all NXDOMAIN or parked).,,NOT_UNLOCKED_domain_undiscoverable,,
William Wall,"https://npiregistry.cms.hhs.gov/api/ (NPI registry, taxonomy_description=Anesthesiology|Pediatric Anesthesiology, postal_code=283*|284*|290*|294*|295*)",Anesthesiology,"https://npiregistry.cms.hhs.gov/api/ (NPI registry, taxonomy_description=Anesthesiology|Pediatric Anesthesiology, postal_code=283*|284*|290*|294*|295*)",NEW YORK UNIVERSITY,"https://data.cms.gov/provider-data/api/1/datastore/query/mj5m-pzi6/0 (CMS Doctors and Clinicians National Downloadable File, PECOS Medicare enrollment; official_filing; released 2026-07-09)",,,,,843-692-4544,"https://npiregistry.cms.hhs.gov/api/ (NPI registry, taxonomy_description=Anesthesiology|Pediatric Anesthesiology, postal_code=283*|284*|290*|294*|295*)",,,https://npiregistry.cms.hhs.gov/provider-view/1093392607,"https://npiregistry.cms.hhs.gov/api/ (NPI registry, taxonomy_description=Anesthesiology|Pediatric Anesthesiology, postal_code=283*|284*|290*|294*|295*)",corroborated,2,"https://npiregistry.cms.hhs.gov/api/ (NPI registry, taxonomy_description=Anesthesiology|Pediatric Anesthesiology, postal_code=283*|284*|290*|294*|295*) | OpenAlex + ORCID public APIs",1093392607,MD,MYRTLE BEACH,SC,295724607,Myrtle Beach,1.4,214.8,closer to Myrtle Beach (1.4 mi) than Greenville (214.8 mi); geo=city_centroid,Student in an Organized Health Care Education/Training Program; Anesthesiology,false,NONE_FOUND,"OpenAlex returned 0 works, 0 surname-matching author profiles and 5 ORCID name hits for 'William Wall', but none combined an anesthesiology/pain affiliation with pediatric content, and none could be tied to the Carolinas — https://api.openalex.org/works?filter=raw_author_name.search:William%20Wall || All apparent pediatric hits for this name were rejected as same-name collisions in unrelated fields || NONE_FOUND means nothing was found in open scholarly sources — it is NOT evidence that this provider lacks pediatric experience",,,,,yes,practice,,,,https://www.linkedin.com/search/results/people/?keywords=William%20Wall%20anesthesiology,,LOUISIANA STATE UNIVERSITY SCHOOL OF MEDICINE IN NEW ORLEANS,"https://data.cms.gov/provider-data/api/1/datastore/query/mj5m-pzi6/0 (CMS Doctors and Clinicians National Downloadable File, PECOS Medicare enrollment; official_filing; released 2026-07-09)",2021,"https://data.cms.gov/provider-data/api/1/datastore/query/mj5m-pzi6/0 (CMS Doctors and Clinicians National Downloadable File, PECOS Medicare enrollment; official_filing; released 2026-07-09)",ANESTHESIOLOGY,,NEW YORK UNIVERSITY,"https://data.cms.gov/provider-data/api/1/datastore/query/mj5m-pzi6/0 (CMS Doctors and Clinicians National Downloadable File, PECOS Medicare enrollment; official_filing; released 2026-07-09)",FILLED_medical_school+grad_year (CMS official filing),training_block_filled_from_CMS_DAC,,,,,EMAIL WITHHELD: no address observed on NEW YORK UNIVERSITY's mail domain; domain itself not discoverable under clamp A (no search engine available; DNS-probed candidate hostnames all NXDOMAIN or parked).,,NOT_UNLOCKED_domain_undiscoverable,,
William Worthington,"https://data.cms.gov/provider-data/api/1/datastore/query/mj5m-pzi6/0 (CMS Doctors and Clinicians National Downloadable File, PECOS Medicare enrollment; official_filing; released 2026-07-09)",ANESTHESIOLOGY,"https://data.cms.gov/provider-data/api/1/datastore/query/mj5m-pzi6/0 (CMS Doctors and Clinicians National Downloadable File, PECOS Medicare enrollment; official_filing; released 2026-07-09)",ATLANTIC COAST ANESTHESIA SERVICES PC,"https://data.cms.gov/provider-data/api/1/datastore/query/mj5m-pzi6/0 (CMS Doctors and Clinicians National Downloadable File, PECOS Medicare enrollment; official_filing; released 2026-07-09)",,,,,(843) 692-1000,"https://data.cms.gov/provider-data/api/1/datastore/query/mj5m-pzi6/0 (CMS Doctors and Clinicians National Downloadable File, PECOS Medicare enrollment; official_filing; released 2026-07-09)",,,https://npiregistry.cms.hhs.gov/provider-view/1124098207,"https://data.cms.gov/provider-data/api/1/datastore/query/mj5m-pzi6/0 (CMS Doctors and Clinicians National Downloadable File, PECOS Medicare enrollment; official_filing; released 2026-07-09)",single_source,1,"https://data.cms.gov/provider-data/api/1/datastore/query/mj5m-pzi6/0 (CMS Doctors and Clinicians National Downloadable File, PECOS Medicare enrollment; official_filing; released 2026-07-09)",1124098207,MD,MYRTLE BEACH,SC,295724607,Myrtle Beach,1.4,215.8,"practice address MYRTLE BEACH, SC — postal 295 in ring; 1.4 mi from Myrtle Beach centroid vs 215.8 mi Greenville; geo=city_centroid",ANESTHESIOLOGY,false,NONE_FOUND,"NONE_FOUND = UNPUBLISHABLE in this source. The CMS DAC specialty vocabulary contains no ""Pediatric Anesthesiology"" value at all (measured: pri_spec values containing ""PEDIATRIC"" are only ""PEDIATRIC MEDICINE""; sec_spec values containing ""ANESTH"" are only ANESTHESIOLOGY / ANESTHESIOLOGY,HOSPICE-PALLIATIVE CARE / ANESTHESIOLOGY,INTERVENTIONAL PAIN MANAGEMENT). So this official filing cannot express the subspecialty; absence here is not evidence the person lacks it.",,,,official_filing (CMS PECOS Medicare enrollment),yes,practice,,,,https://www.linkedin.com/search/results/people/?keywords=William%20Worthington%20anesthesiology,,UNIVERSITY OF LOUISVILLE SCHOOL OF MEDICINE,"https://data.cms.gov/provider-data/api/1/datastore/query/mj5m-pzi6/0 (CMS Doctors and Clinicians National Downloadable File, PECOS Medicare enrollment; official_filing; released 2026-07-09)",1982,"https://data.cms.gov/provider-data/api/1/datastore/query/mj5m-pzi6/0 (CMS Doctors and Clinicians National Downloadable File, PECOS Medicare enrollment; official_filing; released 2026-07-09)",ANESTHESIOLOGY,,ATLANTIC COAST ANESTHESIA SERVICES PC,"https://data.cms.gov/provider-data/api/1/datastore/query/mj5m-pzi6/0 (CMS Doctors and Clinicians National Downloadable File, PECOS Medicare enrollment; official_filing; released 2026-07-09)",FILLED_medical_school+grad_year (CMS official filing),NEW_PERSON_round3 (CMS DAC anesthesiology enumeration; absent from round-2 roster),,,,,EMAIL WITHHELD: no address observed on ATLANTIC COAST ANESTHESIA SERVICES PC's mail domain; domain itself not discoverable under clamp A (no search engine available; DNS-probed candidate hostnames all NXDOMAIN or parked).,,NOT_UNLOCKED_domain_undiscoverable,,
Zechariah Harris,"https://npiregistry.cms.hhs.gov/api/ (NPI registry, taxonomy_description=Anesthesiology|Pediatric Anesthesiology, postal_code=283*|284*|290*|294*|295*)",Anesthesiology,"https://npiregistry.cms.hhs.gov/api/ (NPI registry, taxonomy_description=Anesthesiology|Pediatric Anesthesiology, postal_code=283*|284*|290*|294*|295*)",,,,,,,910-721-1000,"https://npiregistry.cms.hhs.gov/api/ (NPI registry, taxonomy_description=Anesthesiology|Pediatric Anesthesiology, postal_code=283*|284*|290*|294*|295*)",,,https://npiregistry.cms.hhs.gov/provider-view/1669121786,"https://npiregistry.cms.hhs.gov/api/ (NPI registry, taxonomy_description=Anesthesiology|Pediatric Anesthesiology, postal_code=283*|284*|290*|294*|295*)",corroborated,2,"https://npiregistry.cms.hhs.gov/api/ (NPI registry, taxonomy_description=Anesthesiology|Pediatric Anesthesiology, postal_code=283*|284*|290*|294*|295*) | OpenAlex + ORCID public APIs",1669121786,MD,BOLIVIA,NC,284228346,Myrtle Beach,49.9,247.5,closer to Myrtle Beach (49.9 mi) than Greenville (247.5 mi); geo=city_centroid,Anesthesiology,false,NONE_FOUND,"2024 work 'Anterior spinal cord syndrome from a spinal epidural hematoma following removal of an epidural catheter' lists affiliation 'Department of Anesthesia, Critical Care and Pain Medicine, Massachusetts General Hospital, Boston, MA, USA' — adult anesthesia, no pediatric content — https://openalex.org/W4396917607 || Earlier works under this name carry 'Wake Forest School of Medicine, Winston-Salem, NC' affiliations (2020, 2021) — https://openalex.org/W3045005858 and https://openalex.org/W3158432307 || 0 of 1 works on the matched OpenAlex author profile match pediatric/neonatal keywords — https://openalex.org/A5098359054",,,,,yes,practice,,,,https://www.linkedin.com/search/results/people/?keywords=Zechariah%20Harris%20anesthesiology,,,,,,,,,,NOT_IN_CMS_DAC (no Medicare enrollment record matched this NPI),,,,,,"EMAIL WITHHELD: no employer of record, so no domain to unlock.",,NO_EMPLOYER_ON_RECORD,,
